filepath,filename,main_category,sub_category,brand
images\ut-zap50k\Boots\Mid-Calf\Western Chief Kids\7448467.164412.jpg,7448467.164412.jpg,Boots,Mid-Calf,Western Chief Kids
images\ut-zap50k\Shoes\Sneakers and Athletic Shoes\New Balance\7942183.1412.jpg,7942183.1412.jpg,Shoes,Sneakers and Athletic Shoes,New Balance
images\ut-zap50k\Shoes\Sneakers and Athletic Shoes\adidas Kids\8074609.390427.jpg,8074609.390427.jpg,Shoes,Sneakers and Athletic Shoes,adidas Kids
images\ut-zap50k\Boots\Ankle\Roper Kids\7936751.559.jpg,7936751.559.jpg,Boots,Ankle,Roper Kids
images\ut-zap50k\Shoes\Loafers\Merrell\7460247.327425.jpg,7460247.327425.jpg,Shoes,Loafers,Merrell
images\ut-zap50k\Shoes\Oxfords\Rockport\7996724.47756.jpg,7996724.47756.jpg,Shoes,Oxfords,Rockport
images\ut-zap50k\Shoes\Oxfords\BOSS Orange\8107450.3.jpg,8107450.3.jpg,Shoes,Oxfords,BOSS Orange
images\ut-zap50k\Shoes\Sneakers and Athletic Shoes\Nike Kids\8022814.151.jpg,8022814.151.jpg,Shoes,Sneakers and Athletic Shoes,Nike Kids
images\ut-zap50k\Boots\Ankle\Primigi Kids\8031911.401.jpg,8031911.401.jpg,Boots,Ankle,Primigi Kids
images\ut-zap50k\Shoes\Sneakers and Athletic Shoes\Merrell\7987252.3.jpg,7987252.3.jpg,Shoes,Sneakers and Athletic Shoes,Merrell
images\ut-zap50k\Boots\Ankle\ara\8037355.60.jpg,8037355.60.jpg,Boots,Ankle,ara
images\ut-zap50k\Boots\Ankle\Rockport\7996735.341.jpg,7996735.341.jpg,Boots,Ankle,Rockport
images\ut-zap50k\Sandals\Flat\Romika\7902341.632.jpg,7902341.632.jpg,Sandals,Flat,Romika
images\ut-zap50k\Shoes\Sneakers and Athletic Shoes\K-Swiss\7973138.354027.jpg,7973138.354027.jpg,Shoes,Sneakers and Athletic Shoes,K-Swiss
images\ut-zap50k\Boots\Mid-Calf\Frye\7438214.290420.jpg,7438214.290420.jpg,Boots,Mid-Calf,Frye
images\ut-zap50k\Shoes\Flats\Nine West Kids\7670480.103.jpg,7670480.103.jpg,Shoes,Flats,Nine West Kids
images\ut-zap50k\Shoes\Sneakers and Athletic Shoes\adidas Running\7766779.163208.jpg,7766779.163208.jpg,Shoes,Sneakers and Athletic Shoes,adidas Running
images\ut-zap50k\Shoes\Sneakers and Athletic Shoes\adidas Originals Kids\7929799.45499.jpg,7929799.45499.jpg,Shoes,Sneakers and Athletic Shoes,adidas Originals Kids
images\ut-zap50k\Shoes\Sneakers and Athletic Shoes\Lacoste\8050305.3.jpg,8050305.3.jpg,Shoes,Sneakers and Athletic Shoes,Lacoste
images\ut-zap50k\Shoes\Prewalker\Robeez\7801122.72.jpg,7801122.72.jpg,Shoes,Prewalker,Robeez
images\ut-zap50k\Shoes\Oxfords\Frye\7550063.3.jpg,7550063.3.jpg,Shoes,Oxfords,Frye
images\ut-zap50k\Sandals\Flat\Frye\7719747.687.jpg,7719747.687.jpg,Sandals,Flat,Frye
images\ut-zap50k\Boots\Mid-Calf\Kamik Kids\7817093.3.jpg,7817093.3.jpg,Boots,Mid-Calf,Kamik Kids
images\ut-zap50k\Shoes\Sneakers and Athletic Shoes\adidas Originals\7600107.355516.jpg,7600107.355516.jpg,Shoes,Sneakers and Athletic Shoes,adidas Originals
images\ut-zap50k\Sandals\Flat\UGG\7720633.76276.jpg,7720633.76276.jpg,Sandals,Flat,UGG
images\ut-zap50k\Shoes\Sneakers and Athletic Shoes\The North Face\7999235.352167.jpg,7999235.352167.jpg,Shoes,Sneakers and Athletic Shoes,The North Face
images\ut-zap50k\Boots\Ankle\Keen Utility\7886496.92874.jpg,7886496.92874.jpg,Boots,Ankle,Keen Utility
images\ut-zap50k\Boots\Knee High\Franco Sarto\8045191.325.jpg,8045191.325.jpg,Boots,Knee High,Franco Sarto
images\ut-zap50k\Boots\Ankle\Franco Sarto\8045204.105500.jpg,8045204.105500.jpg,Boots,Ankle,Franco Sarto
images\ut-zap50k\Sandals\Flat\Robert Clergerie\8064879.82.jpg,8064879.82.jpg,Sandals,Flat,Robert Clergerie
images\ut-zap50k\Shoes\Flats\Naturino\7987180.1334.jpg,7987180.1334.jpg,Shoes,Flats,Naturino
images\ut-zap50k\Shoes\Oxfords\Allen-Edmonds\7757187.8612.jpg,7757187.8612.jpg,Shoes,Oxfords,Allen-Edmonds
images\ut-zap50k\Shoes\Clogs and Mules\Alegria\7814542.367592.jpg,7814542.367592.jpg,Shoes,Clogs and Mules,Alegria
images\ut-zap50k\Boots\Mid-Calf\Frye\7175346.325.jpg,7175346.325.jpg,Boots,Mid-Calf,Frye
images\ut-zap50k\Shoes\Loafers\NO SOX\8038202.106.jpg,8038202.106.jpg,Shoes,Loafers,NO SOX
images\ut-zap50k\Slippers\Slipper Flats\Foamtreads Kids\7253808.7.jpg,7253808.7.jpg,Slippers,Slipper Flats,Foamtreads Kids
images\ut-zap50k\Boots\Ankle\UGG\8041785.281.jpg,8041785.281.jpg,Boots,Ankle,UGG
images\ut-zap50k\Shoes\Sneakers and Athletic Shoes\Puma Kids\7785845.162682.jpg,7785845.162682.jpg,Shoes,Sneakers and Athletic Shoes,Puma Kids
images\ut-zap50k\Boots\Ankle\ECCO Sport\7658716.180698.jpg,7658716.180698.jpg,Boots,Ankle,ECCO Sport
images\ut-zap50k\Shoes\Flats\Pablosky Kids\8029605.401.jpg,8029605.401.jpg,Shoes,Flats,Pablosky Kids
images\ut-zap50k\Shoes\Heels\Madden Girl\8120217.80.jpg,8120217.80.jpg,Shoes,Heels,Madden Girl
images\ut-zap50k\Shoes\Loafers\Nine West\8007850.371050.jpg,8007850.371050.jpg,Shoes,Loafers,Nine West
images\ut-zap50k\Shoes\Sneakers and Athletic Shoes\PUMA\7975964.260931.jpg,7975964.260931.jpg,Shoes,Sneakers and Athletic Shoes,PUMA
images\ut-zap50k\Shoes\Sneakers and Athletic Shoes\Zigi\8098507.18796.jpg,8098507.18796.jpg,Shoes,Sneakers and Athletic Shoes,Zigi
images\ut-zap50k\Shoes\Heels\KORS Michael Kors\7971475.79988.jpg,7971475.79988.jpg,Shoes,Heels,KORS Michael Kors
images\ut-zap50k\Shoes\Sneakers and Athletic Shoes\Merrell\7987111.3.jpg,7987111.3.jpg,Shoes,Sneakers and Athletic Shoes,Merrell
images\ut-zap50k\Shoes\Sneakers and Athletic Shoes\La Sportiva\7894030.158.jpg,7894030.158.jpg,Shoes,Sneakers and Athletic Shoes,La Sportiva
images\ut-zap50k\Shoes\Heels\Vince Camuto\8071865.114913.jpg,8071865.114913.jpg,Shoes,Heels,Vince Camuto
images\ut-zap50k\Shoes\Sneakers and Athletic Shoes\Lakai\7465227.94014.jpg,7465227.94014.jpg,Shoes,Sneakers and Athletic Shoes,Lakai
images\ut-zap50k\Shoes\Heels\Rockport\8087956.395385.jpg,8087956.395385.jpg,Shoes,Heels,Rockport
images\ut-zap50k\Shoes\Heels\Naot Footwear\7448614.207045.jpg,7448614.207045.jpg,Shoes,Heels,Naot Footwear
images\ut-zap50k\Boots\Mid-Calf\Khombu\8003617.3.jpg,8003617.3.jpg,Boots,Mid-Calf,Khombu
images\ut-zap50k\Shoes\Loafers\Elephantito\7764214.6.jpg,7764214.6.jpg,Shoes,Loafers,Elephantito
images\ut-zap50k\Shoes\Sneakers and Athletic Shoes\Asolo\7757940.44450.jpg,7757940.44450.jpg,Shoes,Sneakers and Athletic Shoes,Asolo
images\ut-zap50k\Boots\Ankle\Nine West\8076422.72.jpg,8076422.72.jpg,Boots,Ankle,Nine West
images\ut-zap50k\Shoes\Clogs and Mules\Frye\7967350.3.jpg,7967350.3.jpg,Shoes,Clogs and Mules,Frye
images\ut-zap50k\Sandals\Flat\OluKai\7912017.394196.jpg,7912017.394196.jpg,Sandals,Flat,OluKai
images\ut-zap50k\Shoes\Sneakers and Athletic Shoes\Nike\7925447.353289.jpg,7925447.353289.jpg,Shoes,Sneakers and Athletic Shoes,Nike
images\ut-zap50k\Shoes\Heels\Vaneli\8004363.365151.jpg,8004363.365151.jpg,Shoes,Heels,Vaneli
images\ut-zap50k\Shoes\Sneakers and Athletic Shoes\Geox Kids\8015690.30025.jpg,8015690.30025.jpg,Shoes,Sneakers and Athletic Shoes,Geox Kids
images\ut-zap50k\Sandals\Flat\Sergio Rossi\7996951.3986.jpg,7996951.3986.jpg,Sandals,Flat,Sergio Rossi
images\ut-zap50k\Shoes\Loafers\Venettini Kids\7940831.342810.jpg,7940831.342810.jpg,Shoes,Loafers,Venettini Kids
images\ut-zap50k\Boots\Mid-Calf\Tecnica\7997971.49185.jpg,7997971.49185.jpg,Boots,Mid-Calf,Tecnica
images\ut-zap50k\Boots\Mid-Calf\Rachel Roy\8046489.3.jpg,8046489.3.jpg,Boots,Mid-Calf,Rachel Roy
images\ut-zap50k\Shoes\Heels\rsvp\8044114.3.jpg,8044114.3.jpg,Shoes,Heels,rsvp
images\ut-zap50k\Boots\Mid-Calf\Bogs Kids\7976660.1137.jpg,7976660.1137.jpg,Boots,Mid-Calf,Bogs Kids
images\ut-zap50k\Shoes\Sneakers and Athletic Shoes\Spira\7696316.183092.jpg,7696316.183092.jpg,Shoes,Sneakers and Athletic Shoes,Spira
images\ut-zap50k\Boots\Ankle\Frye\7821545.247339.jpg,7821545.247339.jpg,Boots,Ankle,Frye
images\ut-zap50k\Shoes\Sneakers and Athletic Shoes\ECCO\7888895.325050.jpg,7888895.325050.jpg,Shoes,Sneakers and Athletic Shoes,ECCO
images\ut-zap50k\Shoes\Sneakers and Athletic Shoes\Bloch Kids\7708481.3.jpg,7708481.3.jpg,Shoes,Sneakers and Athletic Shoes,Bloch Kids
images\ut-zap50k\Boots\Knee High\Matisse\7993354.478.jpg,7993354.478.jpg,Boots,Knee High,Matisse
images\ut-zap50k\Shoes\Oxfords\Dr. Martens\8004225.168593.jpg,8004225.168593.jpg,Shoes,Oxfords,Dr. Martens
images\ut-zap50k\Shoes\Loafers\Steve Madden\7799543.665.jpg,7799543.665.jpg,Shoes,Loafers,Steve Madden
images\ut-zap50k\Shoes\Sneakers and Athletic Shoes\Giro\8004010.14874.jpg,8004010.14874.jpg,Shoes,Sneakers and Athletic Shoes,Giro
images\ut-zap50k\Shoes\Oxfords\Frye\7594659.301558.jpg,7594659.301558.jpg,Shoes,Oxfords,Frye
images\ut-zap50k\Shoes\Sneakers and Athletic Shoes\Merrell\7813505.3.jpg,7813505.3.jpg,Shoes,Sneakers and Athletic Shoes,Merrell
images\ut-zap50k\Shoes\Heels\Vince Camuto\8113267.403380.jpg,8113267.403380.jpg,Shoes,Heels,Vince Camuto
images\ut-zap50k\Shoes\Loafers\Nine West\8113204.1711.jpg,8113204.1711.jpg,Shoes,Loafers,Nine West
images\ut-zap50k\Shoes\Clogs and Mules\Clarks\7993157.328.jpg,7993157.328.jpg,Shoes,Clogs and Mules,Clarks
images\ut-zap50k\Boots\Mid-Calf\UGG\8041962.406039.jpg,8041962.406039.jpg,Boots,Mid-Calf,UGG
images\ut-zap50k\Shoes\Heels\Shoe Be Doo\7946373.344388.jpg,7946373.344388.jpg,Shoes,Heels,Shoe Be Doo
images\ut-zap50k\Shoes\Sneakers and Athletic Shoes\Puma Kids\8020187.182353.jpg,8020187.182353.jpg,Shoes,Sneakers and Athletic Shoes,Puma Kids
images\ut-zap50k\Shoes\Heels\Stuart Weitzman\7998983.356430.jpg,7998983.356430.jpg,Shoes,Heels,Stuart Weitzman
images\ut-zap50k\Shoes\Heels\Pikolinos\7934455.23562.jpg,7934455.23562.jpg,Shoes,Heels,Pikolinos
images\ut-zap50k\Shoes\Sneakers and Athletic Shoes\Vans Kids\7319043.311403.jpg,7319043.311403.jpg,Shoes,Sneakers and Athletic Shoes,Vans Kids
images\ut-zap50k\Boots\Knee High\Stuart Weitzman\7558814.106.jpg,7558814.106.jpg,Boots,Knee High,Stuart Weitzman
images\ut-zap50k\Shoes\Loafers\Fratelli\8105483.184651.jpg,8105483.184651.jpg,Shoes,Loafers,Fratelli
images\ut-zap50k\Boots\Ankle\Frye\7190298.3.jpg,7190298.3.jpg,Boots,Ankle,Frye
images\ut-zap50k\Boots\Ankle\Call it SPRING\8056711.973.jpg,8056711.973.jpg,Boots,Ankle,Call it SPRING
images\ut-zap50k\Boots\Knee High\Earth\8027607.6.jpg,8027607.6.jpg,Boots,Knee High,Earth
images\ut-zap50k\Shoes\Sneakers and Athletic Shoes\ECCO Sport\7903845.62382.jpg,7903845.62382.jpg,Shoes,Sneakers and Athletic Shoes,ECCO Sport
images\ut-zap50k\Boots\Mid-Calf\Me Too\8111451.3.jpg,8111451.3.jpg,Boots,Mid-Calf,Me Too
images\ut-zap50k\Boots\Mid-Calf\UGG\7656122.47816.jpg,7656122.47816.jpg,Boots,Mid-Calf,UGG
images\ut-zap50k\Shoes\Sneakers and Athletic Shoes\Ryka\7990309.360764.jpg,7990309.360764.jpg,Shoes,Sneakers and Athletic Shoes,Ryka
images\ut-zap50k\Sandals\Flat\Nine West\8113675.2061.jpg,8113675.2061.jpg,Sandals,Flat,Nine West
images\ut-zap50k\Boots\Ankle\Nine West\8046431.72.jpg,8046431.72.jpg,Boots,Ankle,Nine West
images\ut-zap50k\Shoes\Oxfords\Rockport\7996677.3.jpg,7996677.3.jpg,Shoes,Oxfords,Rockport
images\ut-zap50k\Shoes\Sneakers and Athletic Shoes\Ragg Kids\7847731.632.jpg,7847731.632.jpg,Shoes,Sneakers and Athletic Shoes,Ragg Kids
images\ut-zap50k\Shoes\Clogs and Mules\La Plume\8020347.3.jpg,8020347.3.jpg,Shoes,Clogs and Mules,La Plume
images\ut-zap50k\Shoes\Heels\Vigotti\7736398.3528.jpg,7736398.3528.jpg,Shoes,Heels,Vigotti
images\ut-zap50k\Shoes\Loafers\Hush Puppies\8064515.388.jpg,8064515.388.jpg,Shoes,Loafers,Hush Puppies
images\ut-zap50k\Boots\Mid-Calf\White Mountain\8039450.275.jpg,8039450.275.jpg,Boots,Mid-Calf,White Mountain
images\ut-zap50k\Boots\Ankle\Cole Haan\7823218.53222.jpg,7823218.53222.jpg,Boots,Ankle,Cole Haan
images\ut-zap50k\Sandals\Flat\taos Footwear\8132515.3.jpg,8132515.3.jpg,Sandals,Flat,taos Footwear
images\ut-zap50k\Shoes\Oxfords\A. Testoni\7898349.98975.jpg,7898349.98975.jpg,Shoes,Oxfords,A. Testoni
images\ut-zap50k\Boots\Ankle\CARLOS by Carlos Santana\8048394.13038.jpg,8048394.13038.jpg,Boots,Ankle,CARLOS by Carlos Santana
images\ut-zap50k\Shoes\Heels\Gabriella Rocha\7586333.1141.jpg,7586333.1141.jpg,Shoes,Heels,Gabriella Rocha
images\ut-zap50k\Shoes\Sneakers and Athletic Shoes\Converse\7894946.275.jpg,7894946.275.jpg,Shoes,Sneakers and Athletic Shoes,Converse
images\ut-zap50k\Shoes\Oxfords\Eastland\7843134.3.jpg,7843134.3.jpg,Shoes,Oxfords,Eastland
images\ut-zap50k\Shoes\Sneakers and Athletic Shoes\adidas Running\7798221.320960.jpg,7798221.320960.jpg,Shoes,Sneakers and Athletic Shoes,adidas Running
images\ut-zap50k\Shoes\Heels\Diba\7944342.5249.jpg,7944342.5249.jpg,Shoes,Heels,Diba
images\ut-zap50k\Shoes\Flats\FootMates\8030527.9.jpg,8030527.9.jpg,Shoes,Flats,FootMates
images\ut-zap50k\Shoes\Loafers\Frye\7880649.227443.jpg,7880649.227443.jpg,Shoes,Loafers,Frye
images\ut-zap50k\Shoes\Sneakers and Athletic Shoes\Diesel\8002230.958.jpg,8002230.958.jpg,Shoes,Sneakers and Athletic Shoes,Diesel
images\ut-zap50k\Shoes\Sneakers and Athletic Shoes\Vans Kids\7916405.356241.jpg,7916405.356241.jpg,Shoes,Sneakers and Athletic Shoes,Vans Kids
images\ut-zap50k\Sandals\Flat\Ziera\7996552.3.jpg,7996552.3.jpg,Sandals,Flat,Ziera
images\ut-zap50k\Boots\Ankle\La Canadienne\7261878.72.jpg,7261878.72.jpg,Boots,Ankle,La Canadienne
images\ut-zap50k\Shoes\Heels\David Tate\7471455.3397.jpg,7471455.3397.jpg,Shoes,Heels,David Tate
images\ut-zap50k\Shoes\Sneakers and Athletic Shoes\Versace Collection\8087123.408.jpg,8087123.408.jpg,Shoes,Sneakers and Athletic Shoes,Versace Collection
images\ut-zap50k\Boots\Knee High\Garvalin Kids\8008413.3.jpg,8008413.3.jpg,Boots,Knee High,Garvalin Kids
images\ut-zap50k\Sandals\Flat\DKNY\8083583.632.jpg,8083583.632.jpg,Sandals,Flat,DKNY
images\ut-zap50k\Shoes\Flats\Designer's Touch Kids\7692833.3.jpg,7692833.3.jpg,Shoes,Flats,Designer's Touch Kids
images\ut-zap50k\Boots\Knee High\Betsey Johnson\8058402.4706.jpg,8058402.4706.jpg,Boots,Knee High,Betsey Johnson
images\ut-zap50k\Shoes\Clogs and Mules\Fly Flot\7701935.67808.jpg,7701935.67808.jpg,Shoes,Clogs and Mules,Fly Flot
images\ut-zap50k\Shoes\Sneakers and Athletic Shoes\Original Penguin\7977383.372288.jpg,7977383.372288.jpg,Shoes,Sneakers and Athletic Shoes,Original Penguin
images\ut-zap50k\Shoes\Loafers\Enzo Angiolini\7490277.255046.jpg,7490277.255046.jpg,Shoes,Loafers,Enzo Angiolini
images\ut-zap50k\Shoes\Sneakers and Athletic Shoes\Nike Kids\8047043.378356.jpg,8047043.378356.jpg,Shoes,Sneakers and Athletic Shoes,Nike Kids
images\ut-zap50k\Shoes\Oxfords\Sperry Top-Sider\7969413.47361.jpg,7969413.47361.jpg,Shoes,Oxfords,Sperry Top-Sider
images\ut-zap50k\Boots\Ankle\SKECHERS\8076012.607.jpg,8076012.607.jpg,Boots,Ankle,SKECHERS
images\ut-zap50k\Sandals\Flat\UGG\7963032.621.jpg,7963032.621.jpg,Sandals,Flat,UGG
images\ut-zap50k\Sandals\Flat\Paul Smith\8081680.50220.jpg,8081680.50220.jpg,Sandals,Flat,Paul Smith
images\ut-zap50k\Shoes\Loafers\Donald J Pliner\8034207.3.jpg,8034207.3.jpg,Shoes,Loafers,Donald J Pliner
images\ut-zap50k\Boots\Ankle\Sperry Top-Sider\7969456.325.jpg,7969456.325.jpg,Boots,Ankle,Sperry Top-Sider
images\ut-zap50k\Boots\Mid-Calf\Dr. Martens\7191285.82.jpg,7191285.82.jpg,Boots,Mid-Calf,Dr. Martens
images\ut-zap50k\Shoes\Flats\Rachel Kids\8025343.89.jpg,8025343.89.jpg,Shoes,Flats,Rachel Kids
images\ut-zap50k\Boots\Mid-Calf\Diba\8072372.24897.jpg,8072372.24897.jpg,Boots,Mid-Calf,Diba
images\ut-zap50k\Shoes\Flats\Enzo Kids\7866415.3.jpg,7866415.3.jpg,Shoes,Flats,Enzo Kids
images\ut-zap50k\Shoes\Heels\rsvp\8044126.3464.jpg,8044126.3464.jpg,Shoes,Heels,rsvp
images\ut-zap50k\Shoes\Prewalker\Sperry Kids\8052173.393835.jpg,8052173.393835.jpg,Shoes,Prewalker,Sperry Kids
images\ut-zap50k\Shoes\Sneakers and Athletic Shoes\Nike Kids\7978441.370143.jpg,7978441.370143.jpg,Shoes,Sneakers and Athletic Shoes,Nike Kids
images\ut-zap50k\Sandals\Flat\Havaianas\7933395.131733.jpg,7933395.131733.jpg,Sandals,Flat,Havaianas
images\ut-zap50k\Sandals\Flat\Circa Joan & David\8133666.409751.jpg,8133666.409751.jpg,Sandals,Flat,Circa Joan & David
images\ut-zap50k\Shoes\Sneakers and Athletic Shoes\Keen Kids\7716245.327439.jpg,7716245.327439.jpg,Shoes,Sneakers and Athletic Shoes,Keen Kids
images\ut-zap50k\Boots\Ankle\Tommy Hilfiger Kids\8027980.6.jpg,8027980.6.jpg,Boots,Ankle,Tommy Hilfiger Kids
images\ut-zap50k\Shoes\Sneakers and Athletic Shoes\Brooks\7787251.351110.jpg,7787251.351110.jpg,Shoes,Sneakers and Athletic Shoes,Brooks
images\ut-zap50k\Shoes\Sneakers and Athletic Shoes\New Balance\7837556.6.jpg,7837556.6.jpg,Shoes,Sneakers and Athletic Shoes,New Balance
images\ut-zap50k\Shoes\Sneakers and Athletic Shoes\PUMA\7883255.357959.jpg,7883255.357959.jpg,Shoes,Sneakers and Athletic Shoes,PUMA
images\ut-zap50k\Boots\Mid-Calf\Stride Rite\7999911.214802.jpg,7999911.214802.jpg,Boots,Mid-Calf,Stride Rite
images\ut-zap50k\Shoes\Sneakers and Athletic Shoes\Puma Kids\7892101.173219.jpg,7892101.173219.jpg,Shoes,Sneakers and Athletic Shoes,Puma Kids
images\ut-zap50k\Boots\Ankle\Blondo\8016203.368434.jpg,8016203.368434.jpg,Boots,Ankle,Blondo
images\ut-zap50k\Shoes\Flats\Old Friend\7825190.3.jpg,7825190.3.jpg,Shoes,Flats,Old Friend
images\ut-zap50k\Boots\Mid-Calf\Harley-Davidson\7822671.6.jpg,7822671.6.jpg,Boots,Mid-Calf,Harley-Davidson
images\ut-zap50k\Shoes\Sneakers and Athletic Shoes\DC Kids\7605805.142564.jpg,7605805.142564.jpg,Shoes,Sneakers and Athletic Shoes,DC Kids
images\ut-zap50k\Shoes\Flats\Arcopedico\7396952.3.jpg,7396952.3.jpg,Shoes,Flats,Arcopedico
images\ut-zap50k\Shoes\Heels\Zigi\8098526.767.jpg,8098526.767.jpg,Shoes,Heels,Zigi
images\ut-zap50k\Boots\Mid-Calf\Geox Kids\8033932.504.jpg,8033932.504.jpg,Boots,Mid-Calf,Geox Kids
images\ut-zap50k\Shoes\Clogs and Mules\SoftWalk\7820473.3.jpg,7820473.3.jpg,Shoes,Clogs and Mules,SoftWalk
images\ut-zap50k\Sandals\Flat\Naot Footwear\7749145.275362.jpg,7749145.275362.jpg,Sandals,Flat,Naot Footwear
images\ut-zap50k\Shoes\Loafers\Alegria\8108130.202704.jpg,8108130.202704.jpg,Shoes,Loafers,Alegria
images\ut-zap50k\Sandals\Flat\Softspots\8110331.2957.jpg,8110331.2957.jpg,Sandals,Flat,Softspots
images\ut-zap50k\Slippers\Slipper Flats\O'Neill\8048520.423.jpg,8048520.423.jpg,Slippers,Slipper Flats,O'Neill
images\ut-zap50k\Boots\Ankle\Big Buddha\8047085.43863.jpg,8047085.43863.jpg,Boots,Ankle,Big Buddha
images\ut-zap50k\Boots\Ankle\Lucchese\7993915.375257.jpg,7993915.375257.jpg,Boots,Ankle,Lucchese
images\ut-zap50k\Shoes\Sneakers and Athletic Shoes\New Balance Classics\117623.326901.jpg,117623.326901.jpg,Shoes,Sneakers and Athletic Shoes,New Balance Classics
images\ut-zap50k\Boots\Ankle\Bogs\7987446.158.jpg,7987446.158.jpg,Boots,Ankle,Bogs
images\ut-zap50k\Sandals\Flat\Onex\7762301.10883.jpg,7762301.10883.jpg,Sandals,Flat,Onex
images\ut-zap50k\Boots\Ankle\Teva\7960680.3.jpg,7960680.3.jpg,Boots,Ankle,Teva
images\ut-zap50k\Shoes\Loafers\Fratelli\7993219.3.jpg,7993219.3.jpg,Shoes,Loafers,Fratelli
images\ut-zap50k\Boots\Knee High\ALDO\8096763.60941.jpg,8096763.60941.jpg,Boots,Knee High,ALDO
images\ut-zap50k\Shoes\Heels\Madden Girl\8120038.80.jpg,8120038.80.jpg,Shoes,Heels,Madden Girl
images\ut-zap50k\Shoes\Sneakers and Athletic Shoes\New Balance\7942186.14.jpg,7942186.14.jpg,Shoes,Sneakers and Athletic Shoes,New Balance
images\ut-zap50k\Shoes\Loafers\Venettini Kids\8039910.376205.jpg,8039910.376205.jpg,Shoes,Loafers,Venettini Kids
images\ut-zap50k\Shoes\Flats\SKECHERS\8128971.176648.jpg,8128971.176648.jpg,Shoes,Flats,SKECHERS
images\ut-zap50k\Shoes\Sneakers and Athletic Shoes\PUMA\8058686.382775.jpg,8058686.382775.jpg,Shoes,Sneakers and Athletic Shoes,PUMA
images\ut-zap50k\Shoes\Clogs and Mules\Crocs\7386953.135411.jpg,7386953.135411.jpg,Shoes,Clogs and Mules,Crocs
images\ut-zap50k\Slippers\Slipper Flats\Cushe\8082193.3.jpg,8082193.3.jpg,Slippers,Slipper Flats,Cushe
images\ut-zap50k\Boots\Ankle\Magnum\7563362.307.jpg,7563362.307.jpg,Boots,Ankle,Magnum
images\ut-zap50k\Boots\Ankle\Levi's&#174; Shoes\7939137.529.jpg,7939137.529.jpg,Boots,Ankle,Levi's&#174; Shoes
images\ut-zap50k\Shoes\Loafers\DV by Dolce Vita\8016762.585.jpg,8016762.585.jpg,Shoes,Loafers,DV by Dolce Vita
images\ut-zap50k\Sandals\Flat\Earth\7894194.621.jpg,7894194.621.jpg,Sandals,Flat,Earth
images\ut-zap50k\Boots\Ankle\VOLATILE\8030296.3.jpg,8030296.3.jpg,Boots,Ankle,VOLATILE
images\ut-zap50k\Shoes\Sneakers and Athletic Shoes\Saucony\8044097.11399.jpg,8044097.11399.jpg,Shoes,Sneakers and Athletic Shoes,Saucony
images\ut-zap50k\Sandals\Flat\Gypsy SOULE\7868753.3.jpg,7868753.3.jpg,Sandals,Flat,Gypsy SOULE
images\ut-zap50k\Shoes\Sneakers and Athletic Shoes\Montrail\7920236.335115.jpg,7920236.335115.jpg,Shoes,Sneakers and Athletic Shoes,Montrail
images\ut-zap50k\Boots\Mid-Calf\Sperry Top-Sider\8008971.3575.jpg,8008971.3575.jpg,Boots,Mid-Calf,Sperry Top-Sider
images\ut-zap50k\Shoes\Heels\Annie\8014580.3397.jpg,8014580.3397.jpg,Shoes,Heels,Annie
images\ut-zap50k\Boots\Mid-Calf\VOLATILE\8030323.3.jpg,8030323.3.jpg,Boots,Mid-Calf,VOLATILE
images\ut-zap50k\Sandals\Flat\Gypsy SOULE\7850509.3.jpg,7850509.3.jpg,Sandals,Flat,Gypsy SOULE
images\ut-zap50k\Boots\Mid-Calf\Martino\8071390.3.jpg,8071390.3.jpg,Boots,Mid-Calf,Martino
images\ut-zap50k\Shoes\Sneakers and Athletic Shoes\The North Face\7999551.363840.jpg,7999551.363840.jpg,Shoes,Sneakers and Athletic Shoes,The North Face
images\ut-zap50k\Shoes\Heels\Stuart Weitzman Kids\7994355.3.jpg,7994355.3.jpg,Shoes,Heels,Stuart Weitzman Kids
images\ut-zap50k\Boots\Ankle\Wolky\8024859.7275.jpg,8024859.7275.jpg,Boots,Ankle,Wolky
images\ut-zap50k\Shoes\Sneakers and Athletic Shoes\Puma Kids\7989623.125876.jpg,7989623.125876.jpg,Shoes,Sneakers and Athletic Shoes,Puma Kids
images\ut-zap50k\Sandals\Flat\Pedro Garcia\8062845.384473.jpg,8062845.384473.jpg,Sandals,Flat,Pedro Garcia
images\ut-zap50k\Sandals\Flat\Naot Footwear\7895807.275218.jpg,7895807.275218.jpg,Sandals,Flat,Naot Footwear
images\ut-zap50k\Slippers\Slipper Flats\Acorn\7387931.1712.jpg,7387931.1712.jpg,Slippers,Slipper Flats,Acorn
images\ut-zap50k\Boots\Mid-Calf\Jessica Simpson Kids\8007769.179767.jpg,8007769.179767.jpg,Boots,Mid-Calf,Jessica Simpson Kids
images\ut-zap50k\Shoes\Heels\Gabriella Rocha\7371547.2461.jpg,7371547.2461.jpg,Shoes,Heels,Gabriella Rocha
images\ut-zap50k\Sandals\Flat\Birkenstock\7501940.153472.jpg,7501940.153472.jpg,Sandals,Flat,Birkenstock
images\ut-zap50k\Slippers\Boot\Foamtreads\7464546.68.jpg,7464546.68.jpg,Slippers,Boot,Foamtreads
images\ut-zap50k\Shoes\Sneakers and Athletic Shoes\New Balance\7942209.105642.jpg,7942209.105642.jpg,Shoes,Sneakers and Athletic Shoes,New Balance
images\ut-zap50k\Shoes\Heels\Salvatore Ferragamo\7964069.350022.jpg,7964069.350022.jpg,Shoes,Heels,Salvatore Ferragamo
images\ut-zap50k\Shoes\Heels\Calvin Klein\8116572.404610.jpg,8116572.404610.jpg,Shoes,Heels,Calvin Klein
images\ut-zap50k\Shoes\Oxfords\Lumiani\7858387.261.jpg,7858387.261.jpg,Shoes,Oxfords,Lumiani
images\ut-zap50k\Shoes\Sneakers and Athletic Shoes\Converse Kids\8035837.102360.jpg,8035837.102360.jpg,Shoes,Sneakers and Athletic Shoes,Converse Kids
images\ut-zap50k\Shoes\Oxfords\Mezlan\8039004.401.jpg,8039004.401.jpg,Shoes,Oxfords,Mezlan
images\ut-zap50k\Sandals\Athletic\adidas\7368136.124874.jpg,7368136.124874.jpg,Sandals,Athletic,adidas
images\ut-zap50k\Shoes\Sneakers and Athletic Shoes\Geox Kids\8015682.506.jpg,8015682.506.jpg,Shoes,Sneakers and Athletic Shoes,Geox Kids
images\ut-zap50k\Shoes\Sneakers and Athletic Shoes\Josef Seibel\7755924.359.jpg,7755924.359.jpg,Shoes,Sneakers and Athletic Shoes,Josef Seibel
images\ut-zap50k\Boots\Ankle\Palladium Kids\7981414.183092.jpg,7981414.183092.jpg,Boots,Ankle,Palladium Kids
images\ut-zap50k\Sandals\Flat\Athena Alexander\7790656.552.jpg,7790656.552.jpg,Sandals,Flat,Athena Alexander
images\ut-zap50k\Shoes\Sneakers and Athletic Shoes\Easy Spirit\8116907.161388.jpg,8116907.161388.jpg,Shoes,Sneakers and Athletic Shoes,Easy Spirit
images\ut-zap50k\Boots\Ankle\UGG Kids\8126046.28146.jpg,8126046.28146.jpg,Boots,Ankle,UGG Kids
images\ut-zap50k\Sandals\Flat\Nike Kids\7490128.178079.jpg,7490128.178079.jpg,Sandals,Flat,Nike Kids
images\ut-zap50k\Shoes\Sneakers and Athletic Shoes\Nike\7925887.367329.jpg,7925887.367329.jpg,Shoes,Sneakers and Athletic Shoes,Nike
images\ut-zap50k\Shoes\Sneakers and Athletic Shoes\Nike\7971602.369558.jpg,7971602.369558.jpg,Shoes,Sneakers and Athletic Shoes,Nike
images\ut-zap50k\Boots\Knee High\Lacoste\8015092.325.jpg,8015092.325.jpg,Boots,Knee High,Lacoste
images\ut-zap50k\Shoes\Boat Shoes\Sperry Kids\8052291.342.jpg,8052291.342.jpg,Shoes,Boat Shoes,Sperry Kids
images\ut-zap50k\Sandals\Flat\Sanuk\7909514.128.jpg,7909514.128.jpg,Sandals,Flat,Sanuk
images\ut-zap50k\Shoes\Sneakers and Athletic Shoes\Reebok\8031124.265123.jpg,8031124.265123.jpg,Shoes,Sneakers and Athletic Shoes,Reebok
images\ut-zap50k\Shoes\Loafers\Finn Comfort\7574173.371935.jpg,7574173.371935.jpg,Shoes,Loafers,Finn Comfort
images\ut-zap50k\Sandals\Flat\Naot Footwear\7381711.729.jpg,7381711.729.jpg,Sandals,Flat,Naot Footwear
images\ut-zap50k\Boots\Mid-Calf\Livie & Luca\8046648.3.jpg,8046648.3.jpg,Boots,Mid-Calf,Livie & Luca
images\ut-zap50k\Shoes\Flats\Pampili\8030641.158.jpg,8030641.158.jpg,Shoes,Flats,Pampili
images\ut-zap50k\Shoes\Sneakers and Athletic Shoes\Vans Kids\8036449.292654.jpg,8036449.292654.jpg,Shoes,Sneakers and Athletic Shoes,Vans Kids
images\ut-zap50k\Sandals\Flat\Pedro Garcia\7966269.1912.jpg,7966269.1912.jpg,Sandals,Flat,Pedro Garcia
images\ut-zap50k\Boots\Ankle\Timberland PRO\7977877.607.jpg,7977877.607.jpg,Boots,Ankle,Timberland PRO
images\ut-zap50k\Boots\Ankle\Nine West\8076617.72.jpg,8076617.72.jpg,Boots,Ankle,Nine West
images\ut-zap50k\Boots\Ankle\Converse Work\7430277.348.jpg,7430277.348.jpg,Boots,Ankle,Converse Work
images\ut-zap50k\Shoes\Sneakers and Athletic Shoes\Tsukihoshi Kids\7508783.101567.jpg,7508783.101567.jpg,Shoes,Sneakers and Athletic Shoes,Tsukihoshi Kids
images\ut-zap50k\Boots\Ankle\Justin\7912994.333189.jpg,7912994.333189.jpg,Boots,Ankle,Justin
images\ut-zap50k\Shoes\Heels\Cobb Hill\8073265.25.jpg,8073265.25.jpg,Shoes,Heels,Cobb Hill
images\ut-zap50k\Shoes\Flats\Elephantito\8009158.240295.jpg,8009158.240295.jpg,Shoes,Flats,Elephantito
images\ut-zap50k\Boots\Knee High\Tretorn\7890024.3.jpg,7890024.3.jpg,Boots,Knee High,Tretorn
images\ut-zap50k\Shoes\Heels\Stuart Weitzman Bridal & Evening Collection\8063864.99.jpg,8063864.99.jpg,Shoes,Heels,Stuart Weitzman Bridal & Evening Collection
images\ut-zap50k\Shoes\Flats\Stuart Weitzman\8064383.82015.jpg,8064383.82015.jpg,Shoes,Flats,Stuart Weitzman
images\ut-zap50k\Sandals\Flat\Kid Express\7925976.561.jpg,7925976.561.jpg,Sandals,Flat,Kid Express
images\ut-zap50k\Shoes\Clogs and Mules\Birkenstock\7244112.159188.jpg,7244112.159188.jpg,Shoes,Clogs and Mules,Birkenstock
images\ut-zap50k\Shoes\Sneakers and Athletic Shoes\Nike\7780816.336433.jpg,7780816.336433.jpg,Shoes,Sneakers and Athletic Shoes,Nike
images\ut-zap50k\Shoes\Oxfords\Steve Madden\8043440.947.jpg,8043440.947.jpg,Shoes,Oxfords,Steve Madden
images\ut-zap50k\Shoes\Oxfords\Clarks\7587882.72.jpg,7587882.72.jpg,Shoes,Oxfords,Clarks
images\ut-zap50k\Shoes\Sneakers and Athletic Shoes\DC Kids\7773133.56460.jpg,7773133.56460.jpg,Shoes,Sneakers and Athletic Shoes,DC Kids
images\ut-zap50k\Shoes\Heels\LAUREN Ralph Lauren\8055443.71.jpg,8055443.71.jpg,Shoes,Heels,LAUREN Ralph Lauren
images\ut-zap50k\Shoes\Sneakers and Athletic Shoes\adidas\7976416.355681.jpg,7976416.355681.jpg,Shoes,Sneakers and Athletic Shoes,adidas
images\ut-zap50k\Boots\Mid-Calf\Fitzwell\8024526.2744.jpg,8024526.2744.jpg,Boots,Mid-Calf,Fitzwell
images\ut-zap50k\Sandals\Flat\Sperry Top-Sider\7872156.19916.jpg,7872156.19916.jpg,Sandals,Flat,Sperry Top-Sider
images\ut-zap50k\Shoes\Oxfords\Finn Comfort\7305944.111020.jpg,7305944.111020.jpg,Shoes,Oxfords,Finn Comfort
images\ut-zap50k\Boots\Mid-Calf\Fitzwell\8030020.3.jpg,8030020.3.jpg,Boots,Mid-Calf,Fitzwell
images\ut-zap50k\Shoes\Oxfords\Allen-Edmonds\7508186.8611.jpg,7508186.8611.jpg,Shoes,Oxfords,Allen-Edmonds
images\ut-zap50k\Slippers\Slipper Flats\Gabriella Rocha\8024693.278.jpg,8024693.278.jpg,Slippers,Slipper Flats,Gabriella Rocha
images\ut-zap50k\Shoes\Sneakers and Athletic Shoes\ECCO Sport\7746703.330645.jpg,7746703.330645.jpg,Shoes,Sneakers and Athletic Shoes,ECCO Sport
images\ut-zap50k\Boots\Ankle\Garmont\7754752.6.jpg,7754752.6.jpg,Boots,Ankle,Garmont
images\ut-zap50k\Boots\Mid-Calf\Timberland PRO\7149582.22049.jpg,7149582.22049.jpg,Boots,Mid-Calf,Timberland PRO
images\ut-zap50k\Shoes\Sneakers and Athletic Shoes\Creative Recreation\7896374.133.jpg,7896374.133.jpg,Shoes,Sneakers and Athletic Shoes,Creative Recreation
images\ut-zap50k\Shoes\Oxfords\Eastland\7350892.691.jpg,7350892.691.jpg,Shoes,Oxfords,Eastland
images\ut-zap50k\Shoes\Sneakers and Athletic Shoes\Dolce & Gabbana\8014396.6.jpg,8014396.6.jpg,Shoes,Sneakers and Athletic Shoes,Dolce & Gabbana
images\ut-zap50k\Shoes\Sneakers and Athletic Shoes\adidas Outdoor\8059885.383027.jpg,8059885.383027.jpg,Shoes,Sneakers and Athletic Shoes,adidas Outdoor
images\ut-zap50k\Shoes\Heels\J. Renee\8069976.1413.jpg,8069976.1413.jpg,Shoes,Heels,J. Renee
images\ut-zap50k\Shoes\Sneakers and Athletic Shoes\ECCO Sport\7733952.37664.jpg,7733952.37664.jpg,Shoes,Sneakers and Athletic Shoes,ECCO Sport
images\ut-zap50k\Sandals\Flat\Justin\8024059.3.jpg,8024059.3.jpg,Sandals,Flat,Justin
images\ut-zap50k\Shoes\Oxfords\Kenneth Cole New York\8084531.9.jpg,8084531.9.jpg,Shoes,Oxfords,Kenneth Cole New York
images\ut-zap50k\Shoes\Loafers\NO SOX\8038242.72.jpg,8038242.72.jpg,Shoes,Loafers,NO SOX
images\ut-zap50k\Boots\Knee High\SKECHERS\8020097.3.jpg,8020097.3.jpg,Boots,Knee High,SKECHERS
images\ut-zap50k\Sandals\Flat\Arche\7940338.5249.jpg,7940338.5249.jpg,Sandals,Flat,Arche
images\ut-zap50k\Shoes\Sneakers and Athletic Shoes\Vivobarefoot\7898510.3.jpg,7898510.3.jpg,Shoes,Sneakers and Athletic Shoes,Vivobarefoot
images\ut-zap50k\Sandals\Flat\pediped\7902242.158.jpg,7902242.158.jpg,Sandals,Flat,pediped
images\ut-zap50k\Shoes\Sneakers and Athletic Shoes\Nike Action\7926333.366922.jpg,7926333.366922.jpg,Shoes,Sneakers and Athletic Shoes,Nike Action
images\ut-zap50k\Boots\Ankle\Merrell\7813118.275.jpg,7813118.275.jpg,Boots,Ankle,Merrell
images\ut-zap50k\Boots\Mid-Calf\Annie\8015891.249557.jpg,8015891.249557.jpg,Boots,Mid-Calf,Annie
images\ut-zap50k\Boots\Mid-Calf\Blowfish\8029169.372801.jpg,8029169.372801.jpg,Boots,Mid-Calf,Blowfish
images\ut-zap50k\Shoes\Boat Shoes\Lacoste\8073374.19.jpg,8073374.19.jpg,Shoes,Boat Shoes,Lacoste
images\ut-zap50k\Shoes\Oxfords\Primigi Kids\8022950.11.jpg,8022950.11.jpg,Shoes,Oxfords,Primigi Kids
images\ut-zap50k\Shoes\Boat Shoes\Mephisto\7219075.47859.jpg,7219075.47859.jpg,Shoes,Boat Shoes,Mephisto
images\ut-zap50k\Shoes\Flats\Josef Seibel\7616417.243358.jpg,7616417.243358.jpg,Shoes,Flats,Josef Seibel
images\ut-zap50k\Shoes\Sneakers and Athletic Shoes\SKECHERS KIDS\8097991.76954.jpg,8097991.76954.jpg,Shoes,Sneakers and Athletic Shoes,SKECHERS KIDS
images\ut-zap50k\Shoes\Sneakers and Athletic Shoes\Lacoste\8050378.910.jpg,8050378.910.jpg,Shoes,Sneakers and Athletic Shoes,Lacoste
images\ut-zap50k\Shoes\Sneakers and Athletic Shoes\Lakai\7863200.106.jpg,7863200.106.jpg,Shoes,Sneakers and Athletic Shoes,Lakai
images\ut-zap50k\Boots\Knee High\La Canadienne\7425701.1567.jpg,7425701.1567.jpg,Boots,Knee High,La Canadienne
images\ut-zap50k\Shoes\Flats\Roxy\7983596.20.jpg,7983596.20.jpg,Shoes,Flats,Roxy
images\ut-zap50k\Shoes\Heels\Paul Smith\7992427.158.jpg,7992427.158.jpg,Shoes,Heels,Paul Smith
images\ut-zap50k\Shoes\Flats\Patagonia\7892304.143084.jpg,7892304.143084.jpg,Shoes,Flats,Patagonia
images\ut-zap50k\Shoes\Flats\Kid Express\7925919.245812.jpg,7925919.245812.jpg,Shoes,Flats,Kid Express
images\ut-zap50k\Shoes\Clogs and Mules\Sbicca\8053199.6.jpg,8053199.6.jpg,Shoes,Clogs and Mules,Sbicca
images\ut-zap50k\Boots\Ankle\Nine West\8023756.72.jpg,8023756.72.jpg,Boots,Ankle,Nine West
images\ut-zap50k\Shoes\Sneakers and Athletic Shoes\Columbia\7956847.347805.jpg,7956847.347805.jpg,Shoes,Sneakers and Athletic Shoes,Columbia
images\ut-zap50k\Boots\Knee High\Via Spiga\8005521.365440.jpg,8005521.365440.jpg,Boots,Knee High,Via Spiga
images\ut-zap50k\Boots\Knee High\Frye\7970439.352767.jpg,7970439.352767.jpg,Boots,Knee High,Frye
images\ut-zap50k\Boots\Knee High\Cole Haan\8000921.3.jpg,8000921.3.jpg,Boots,Knee High,Cole Haan
images\ut-zap50k\Shoes\Sneakers and Athletic Shoes\Lowa\7971517.33699.jpg,7971517.33699.jpg,Shoes,Sneakers and Athletic Shoes,Lowa
images\ut-zap50k\Shoes\Sneakers and Athletic Shoes\DC\7192579.254600.jpg,7192579.254600.jpg,Shoes,Sneakers and Athletic Shoes,DC
images\ut-zap50k\Shoes\Flats\Frye\7970555.248971.jpg,7970555.248971.jpg,Shoes,Flats,Frye
images\ut-zap50k\Boots\Ankle\Nike Kids\7979495.356955.jpg,7979495.356955.jpg,Boots,Ankle,Nike Kids
images\ut-zap50k\Shoes\Heels\Luichiny\8089199.3.jpg,8089199.3.jpg,Shoes,Heels,Luichiny
images\ut-zap50k\Shoes\Sneakers and Athletic Shoes\New Balance\7799381.9436.jpg,7799381.9436.jpg,Shoes,Sneakers and Athletic Shoes,New Balance
images\ut-zap50k\Shoes\Oxfords\Ted Baker\8078743.72.jpg,8078743.72.jpg,Shoes,Oxfords,Ted Baker
images\ut-zap50k\Shoes\Sneakers and Athletic Shoes\Speedo\7915917.49841.jpg,7915917.49841.jpg,Shoes,Sneakers and Athletic Shoes,Speedo
images\ut-zap50k\Shoes\Sneakers and Athletic Shoes\SKECHERS KIDS\8070256.275.jpg,8070256.275.jpg,Shoes,Sneakers and Athletic Shoes,SKECHERS KIDS
images\ut-zap50k\Sandals\Flat\OluKai\7917500.334293.jpg,7917500.334293.jpg,Sandals,Flat,OluKai
images\ut-zap50k\Shoes\Clogs and Mules\Aetrex\7679838.3548.jpg,7679838.3548.jpg,Shoes,Clogs and Mules,Aetrex
images\ut-zap50k\Shoes\Sneakers and Athletic Shoes\Nine West Sneakers\7983841.3.jpg,7983841.3.jpg,Shoes,Sneakers and Athletic Shoes,Nine West Sneakers
images\ut-zap50k\Shoes\Flats\Nine West\8124950.407393.jpg,8124950.407393.jpg,Shoes,Flats,Nine West
images\ut-zap50k\Shoes\Sneakers and Athletic Shoes\SKECHERS\7735053.401.jpg,7735053.401.jpg,Shoes,Sneakers and Athletic Shoes,SKECHERS
images\ut-zap50k\Shoes\Loafers\Nunn Bush\7138490.4142.jpg,7138490.4142.jpg,Shoes,Loafers,Nunn Bush
images\ut-zap50k\Shoes\Clogs and Mules\Merrell\7659816.243568.jpg,7659816.243568.jpg,Shoes,Clogs and Mules,Merrell
images\ut-zap50k\Shoes\Oxfords\Twig Kids\7924197.401.jpg,7924197.401.jpg,Shoes,Oxfords,Twig Kids
images\ut-zap50k\Shoes\Sneakers and Athletic Shoes\Fallen\7617195.360615.jpg,7617195.360615.jpg,Shoes,Sneakers and Athletic Shoes,Fallen
images\ut-zap50k\Shoes\Firstwalker\FootMates\7411590.14.jpg,7411590.14.jpg,Shoes,Firstwalker,FootMates
images\ut-zap50k\Sandals\Flat\Sbicca\7990220.1334.jpg,7990220.1334.jpg,Sandals,Flat,Sbicca
images\ut-zap50k\Shoes\Sneakers and Athletic Shoes\Levi's&#174; Shoes\7838021.585.jpg,7838021.585.jpg,Shoes,Sneakers and Athletic Shoes,Levi's&#174; Shoes
images\ut-zap50k\Shoes\Sneakers and Athletic Shoes\Camper\8084054.3561.jpg,8084054.3561.jpg,Shoes,Sneakers and Athletic Shoes,Camper
images\ut-zap50k\Boots\Knee High\Frye\7794350.325.jpg,7794350.325.jpg,Boots,Knee High,Frye
images\ut-zap50k\Sandals\Flat\Quiksilver Kids\7913369.67712.jpg,7913369.67712.jpg,Sandals,Flat,Quiksilver Kids
images\ut-zap50k\Slippers\Slipper Flats\Sanuk\7992943.158667.jpg,7992943.158667.jpg,Slippers,Slipper Flats,Sanuk
images\ut-zap50k\Shoes\Sneakers and Athletic Shoes\Lacoste\8014154.183092.jpg,8014154.183092.jpg,Shoes,Sneakers and Athletic Shoes,Lacoste
images\ut-zap50k\Boots\Ankle\Timberland Kids\7294709.84.jpg,7294709.84.jpg,Boots,Ankle,Timberland Kids
images\ut-zap50k\Shoes\Oxfords\Johnston & Murphy\7818804.300596.jpg,7818804.300596.jpg,Shoes,Oxfords,Johnston & Murphy
images\ut-zap50k\Shoes\Sneakers and Athletic Shoes\Reebok Kids\7979453.356937.jpg,7979453.356937.jpg,Shoes,Sneakers and Athletic Shoes,Reebok Kids
images\ut-zap50k\Shoes\Flats\Jessica Simpson\8043223.376978.jpg,8043223.376978.jpg,Shoes,Flats,Jessica Simpson
images\ut-zap50k\Sandals\Flat\Aster Kids\7934484.340907.jpg,7934484.340907.jpg,Sandals,Flat,Aster Kids
images\ut-zap50k\Sandals\Heel\SKECHERS\7527469.14.jpg,7527469.14.jpg,Sandals,Heel,SKECHERS
images\ut-zap50k\Shoes\Sneakers and Athletic Shoes\Vivobarefoot\7841164.325.jpg,7841164.325.jpg,Shoes,Sneakers and Athletic Shoes,Vivobarefoot
images\ut-zap50k\Shoes\Flats\FootMates\8030524.3.jpg,8030524.3.jpg,Shoes,Flats,FootMates
images\ut-zap50k\Shoes\Sneakers and Athletic Shoes\Creative Recreation\7616087.375359.jpg,7616087.375359.jpg,Shoes,Sneakers and Athletic Shoes,Creative Recreation
images\ut-zap50k\Shoes\Sneakers and Athletic Shoes\Reebok\7975663.373697.jpg,7975663.373697.jpg,Shoes,Sneakers and Athletic Shoes,Reebok
images\ut-zap50k\Shoes\Heels\Vidorreta\7926725.195343.jpg,7926725.195343.jpg,Shoes,Heels,Vidorreta
images\ut-zap50k\Slippers\Slipper Flats\Acorn Kids\8011090.120560.jpg,8011090.120560.jpg,Slippers,Slipper Flats,Acorn Kids
images\ut-zap50k\Shoes\Flats\Born\8070467.388376.jpg,8070467.388376.jpg,Shoes,Flats,Born
images\ut-zap50k\Shoes\Loafers\Finn Comfort\8026847.53805.jpg,8026847.53805.jpg,Shoes,Loafers,Finn Comfort
images\ut-zap50k\Shoes\Clogs and Mules\Crocs Kids\7891131.325876.jpg,7891131.325876.jpg,Shoes,Clogs and Mules,Crocs Kids
images\ut-zap50k\Shoes\Loafers\Sanuk\8057854.153555.jpg,8057854.153555.jpg,Shoes,Loafers,Sanuk
images\ut-zap50k\Shoes\Flats\Pampili\8030634.144.jpg,8030634.144.jpg,Shoes,Flats,Pampili
images\ut-zap50k\Boots\Ankle\DV by Dolce Vita\8047200.275.jpg,8047200.275.jpg,Boots,Ankle,DV by Dolce Vita
images\ut-zap50k\Boots\Ankle\Oakley\7742573.3.jpg,7742573.3.jpg,Boots,Ankle,Oakley
images\ut-zap50k\Sandals\Flat\Stride Rite\8080469.38253.jpg,8080469.38253.jpg,Sandals,Flat,Stride Rite
images\ut-zap50k\Boots\Knee High\MICHAEL Michael Kors\8031701.307.jpg,8031701.307.jpg,Boots,Knee High,MICHAEL Michael Kors
images\ut-zap50k\Boots\Ankle\La Canadienne\7996719.362947.jpg,7996719.362947.jpg,Boots,Ankle,La Canadienne
images\ut-zap50k\Sandals\Flat\Bandolino\8090652.25139.jpg,8090652.25139.jpg,Sandals,Flat,Bandolino
images\ut-zap50k\Shoes\Sneakers and Athletic Shoes\PUMA\7972672.353815.jpg,7972672.353815.jpg,Shoes,Sneakers and Athletic Shoes,PUMA
images\ut-zap50k\Shoes\Sneakers and Athletic Shoes\SKECHERS KIDS\8053107.14.jpg,8053107.14.jpg,Shoes,Sneakers and Athletic Shoes,SKECHERS KIDS
images\ut-zap50k\Shoes\Heels\Anne Klein\7910744.23936.jpg,7910744.23936.jpg,Shoes,Heels,Anne Klein
images\ut-zap50k\Shoes\Prewalker\pediped\7997975.9.jpg,7997975.9.jpg,Shoes,Prewalker,pediped
images\ut-zap50k\Shoes\Sneakers and Athletic Shoes\Creative Recreation\7292926.375419.jpg,7292926.375419.jpg,Shoes,Sneakers and Athletic Shoes,Creative Recreation
images\ut-zap50k\Boots\Mid-Calf\Carhartt\8045235.377648.jpg,8045235.377648.jpg,Boots,Mid-Calf,Carhartt
images\ut-zap50k\Boots\Ankle\Primigi Kids\8022493.3.jpg,8022493.3.jpg,Boots,Ankle,Primigi Kids
images\ut-zap50k\Sandals\Flat\Reef\7606679.308390.jpg,7606679.308390.jpg,Sandals,Flat,Reef
images\ut-zap50k\Shoes\Sneakers and Athletic Shoes\DC\7270764.15533.jpg,7270764.15533.jpg,Shoes,Sneakers and Athletic Shoes,DC
images\ut-zap50k\Boots\Ankle\Steve Madden\8030108.216.jpg,8030108.216.jpg,Boots,Ankle,Steve Madden
images\ut-zap50k\Shoes\Heels\Cordani\8025367.6.jpg,8025367.6.jpg,Shoes,Heels,Cordani
images\ut-zap50k\Shoes\Sneakers and Athletic Shoes\Converse Kids\7553490.275.jpg,7553490.275.jpg,Shoes,Sneakers and Athletic Shoes,Converse Kids
images\ut-zap50k\Shoes\Sneakers and Athletic Shoes\Callaway\7911253.742.jpg,7911253.742.jpg,Shoes,Sneakers and Athletic Shoes,Callaway
images\ut-zap50k\Boots\Mid-Calf\Dolce & Gabbana\8014395.3.jpg,8014395.3.jpg,Boots,Mid-Calf,Dolce & Gabbana
images\ut-zap50k\Shoes\Boat Shoes\Sperry Top-Sider\7297622.95428.jpg,7297622.95428.jpg,Shoes,Boat Shoes,Sperry Top-Sider
images\ut-zap50k\Sandals\Flat\Finn Comfort\7305950.332210.jpg,7305950.332210.jpg,Sandals,Flat,Finn Comfort
images\ut-zap50k\Sandals\Flat\Naot Footwear\8081759.105.jpg,8081759.105.jpg,Sandals,Flat,Naot Footwear
images\ut-zap50k\Shoes\Sneakers and Athletic Shoes\PUMA\8035082.23236.jpg,8035082.23236.jpg,Shoes,Sneakers and Athletic Shoes,PUMA
images\ut-zap50k\Shoes\Sneakers and Athletic Shoes\Converse Kids\7553444.585.jpg,7553444.585.jpg,Shoes,Sneakers and Athletic Shoes,Converse Kids
images\ut-zap50k\Sandals\Flat\Gypsy SOULE\8008382.3.jpg,8008382.3.jpg,Sandals,Flat,Gypsy SOULE
images\ut-zap50k\Shoes\Sneakers and Athletic Shoes\Globe\7390004.276217.jpg,7390004.276217.jpg,Shoes,Sneakers and Athletic Shoes,Globe
images\ut-zap50k\Shoes\Sneakers and Athletic Shoes\SKECHERS\8041541.19.jpg,8041541.19.jpg,Shoes,Sneakers and Athletic Shoes,SKECHERS
images\ut-zap50k\Shoes\Sneakers and Athletic Shoes\DVS Shoe Company\7991976.408665.jpg,7991976.408665.jpg,Shoes,Sneakers and Athletic Shoes,DVS Shoe Company
images\ut-zap50k\Boots\Mid-Calf\Gabriella Rocha\8021432.3.jpg,8021432.3.jpg,Boots,Mid-Calf,Gabriella Rocha
images\ut-zap50k\Shoes\Sneakers and Athletic Shoes\DVS Shoe Company\7270445.361431.jpg,7270445.361431.jpg,Shoes,Sneakers and Athletic Shoes,DVS Shoe Company
images\ut-zap50k\Boots\Ankle\ALDO\8096703.3.jpg,8096703.3.jpg,Boots,Ankle,ALDO
images\ut-zap50k\Shoes\Oxfords\Hush Puppies\7904282.72.jpg,7904282.72.jpg,Shoes,Oxfords,Hush Puppies
images\ut-zap50k\Shoes\Flats\Gabriella Rocha\8121404.103.jpg,8121404.103.jpg,Shoes,Flats,Gabriella Rocha
images\ut-zap50k\Shoes\Sneakers and Athletic Shoes\Nike\7675942.369206.jpg,7675942.369206.jpg,Shoes,Sneakers and Athletic Shoes,Nike
images\ut-zap50k\Boots\Mid-Calf\AIGLE Kids\8101784.151.jpg,8101784.151.jpg,Boots,Mid-Calf,AIGLE Kids
images\ut-zap50k\Shoes\Oxfords\Sperry Kids\7661296.72.jpg,7661296.72.jpg,Shoes,Oxfords,Sperry Kids
images\ut-zap50k\Boots\Mid-Calf\Calvin Klein\8018870.3.jpg,8018870.3.jpg,Boots,Mid-Calf,Calvin Klein
images\ut-zap50k\Boots\Mid-Calf\Gabriella Rocha\7479055.231.jpg,7479055.231.jpg,Boots,Mid-Calf,Gabriella Rocha
images\ut-zap50k\Shoes\Sneakers and Athletic Shoes\ASICS\7976086.355531.jpg,7976086.355531.jpg,Shoes,Sneakers and Athletic Shoes,ASICS
images\ut-zap50k\Boots\Mid-Calf\Rocket Dog\7266945.393609.jpg,7266945.393609.jpg,Boots,Mid-Calf,Rocket Dog
images\ut-zap50k\Shoes\Sneakers and Athletic Shoes\Gravis\7980986.3.jpg,7980986.3.jpg,Shoes,Sneakers and Athletic Shoes,Gravis
images\ut-zap50k\Shoes\Flats\Naturalizer\7995473.72.jpg,7995473.72.jpg,Shoes,Flats,Naturalizer
images\ut-zap50k\Boots\Knee High\Joan & David\8029498.72.jpg,8029498.72.jpg,Boots,Knee High,Joan & David
images\ut-zap50k\Boots\Mid-Calf\Dingo\7374612.20818.jpg,7374612.20818.jpg,Boots,Mid-Calf,Dingo
images\ut-zap50k\Sandals\Flat\Wolky\7934809.83059.jpg,7934809.83059.jpg,Sandals,Flat,Wolky
images\ut-zap50k\Sandals\Flat\Mephisto\8073886.340328.jpg,8073886.340328.jpg,Sandals,Flat,Mephisto
images\ut-zap50k\Shoes\Heels\Donald J Pliner\8050350.183092.jpg,8050350.183092.jpg,Shoes,Heels,Donald J Pliner
images\ut-zap50k\Shoes\Loafers\Cole Haan Kids\7746257.2750.jpg,7746257.2750.jpg,Shoes,Loafers,Cole Haan Kids
images\ut-zap50k\Shoes\Sneakers and Athletic Shoes\Under Armour\8046921.144.jpg,8046921.144.jpg,Shoes,Sneakers and Athletic Shoes,Under Armour
images\ut-zap50k\Boots\Knee High\Steve Madden\7647921.72.jpg,7647921.72.jpg,Boots,Knee High,Steve Madden
images\ut-zap50k\Boots\Ankle\Keen Utility\8016966.156329.jpg,8016966.156329.jpg,Boots,Ankle,Keen Utility
images\ut-zap50k\Shoes\Heels\Dansko\7988381.359969.jpg,7988381.359969.jpg,Shoes,Heels,Dansko
images\ut-zap50k\Shoes\Oxfords\KORS Michael Kors\7902822.330528.jpg,7902822.330528.jpg,Shoes,Oxfords,KORS Michael Kors
images\ut-zap50k\Shoes\Loafers\Florsheim\104011.1270.jpg,104011.1270.jpg,Shoes,Loafers,Florsheim
images\ut-zap50k\Shoes\Flats\Diane Von Furstenberg\8013729.367612.jpg,8013729.367612.jpg,Shoes,Flats,Diane Von Furstenberg
images\ut-zap50k\Shoes\Sneakers and Athletic Shoes\Nike\8018862.369373.jpg,8018862.369373.jpg,Shoes,Sneakers and Athletic Shoes,Nike
images\ut-zap50k\Boots\Knee High\Chinese Laundry\8041019.376495.jpg,8041019.376495.jpg,Boots,Knee High,Chinese Laundry
images\ut-zap50k\Shoes\Heels\Badgley Mischka\8026806.1839.jpg,8026806.1839.jpg,Shoes,Heels,Badgley Mischka
images\ut-zap50k\Shoes\Clogs and Mules\Dansko\7988366.359951.jpg,7988366.359951.jpg,Shoes,Clogs and Mules,Dansko
images\ut-zap50k\Shoes\Heels\Donald J Pliner\8018434.369180.jpg,8018434.369180.jpg,Shoes,Heels,Donald J Pliner
images\ut-zap50k\Boots\Ankle\The North Face\7999234.285559.jpg,7999234.285559.jpg,Boots,Ankle,The North Face
images\ut-zap50k\Shoes\Sneakers and Athletic Shoes\Emerica\7256792.393053.jpg,7256792.393053.jpg,Shoes,Sneakers and Athletic Shoes,Emerica
images\ut-zap50k\Slippers\Slipper Flats\Hatley Kids\8017881.158.jpg,8017881.158.jpg,Slippers,Slipper Flats,Hatley Kids
images\ut-zap50k\Shoes\Clogs and Mules\El Naturalista\7218258.396.jpg,7218258.396.jpg,Shoes,Clogs and Mules,El Naturalista
images\ut-zap50k\Boots\Mid-Calf\Roxy\8047842.18.jpg,8047842.18.jpg,Boots,Mid-Calf,Roxy
images\ut-zap50k\Sandals\Flat\Vivanz\8013629.585.jpg,8013629.585.jpg,Sandals,Flat,Vivanz
images\ut-zap50k\Shoes\Sneakers and Athletic Shoes\Merrell\7459724.319012.jpg,7459724.319012.jpg,Shoes,Sneakers and Athletic Shoes,Merrell
images\ut-zap50k\Shoes\Sneakers and Athletic Shoes\Emerica\8031118.373677.jpg,8031118.373677.jpg,Shoes,Sneakers and Athletic Shoes,Emerica
images\ut-zap50k\Sandals\Flat\Onex\8102618.764.jpg,8102618.764.jpg,Sandals,Flat,Onex
images\ut-zap50k\Shoes\Sneakers and Athletic Shoes\Vivobarefoot\7833113.3.jpg,7833113.3.jpg,Shoes,Sneakers and Athletic Shoes,Vivobarefoot
images\ut-zap50k\Sandals\Flat\Gentle Souls\7656914.662.jpg,7656914.662.jpg,Sandals,Flat,Gentle Souls
images\ut-zap50k\Shoes\Sneakers and Athletic Shoes\Nike Action\7966115.366873.jpg,7966115.366873.jpg,Shoes,Sneakers and Athletic Shoes,Nike Action
images\ut-zap50k\Shoes\Heels\Nine West\8023622.39012.jpg,8023622.39012.jpg,Shoes,Heels,Nine West
images\ut-zap50k\Shoes\Sneakers and Athletic Shoes\DVS Shoe Company\8045516.2085.jpg,8045516.2085.jpg,Shoes,Sneakers and Athletic Shoes,DVS Shoe Company
images\ut-zap50k\Shoes\Oxfords\Rockport\7770346.72.jpg,7770346.72.jpg,Shoes,Oxfords,Rockport
images\ut-zap50k\Shoes\Heels\Stuart Weitzman\7976807.355899.jpg,7976807.355899.jpg,Shoes,Heels,Stuart Weitzman
images\ut-zap50k\Shoes\Loafers\Sanuk\7992709.3.jpg,7992709.3.jpg,Shoes,Loafers,Sanuk
images\ut-zap50k\Shoes\Sneakers and Athletic Shoes\PUMA\8058577.382684.jpg,8058577.382684.jpg,Shoes,Sneakers and Athletic Shoes,PUMA
images\ut-zap50k\Shoes\Flats\Stuart Weitzman for The Cool People\7977300.100054.jpg,7977300.100054.jpg,Shoes,Flats,Stuart Weitzman for The Cool People
images\ut-zap50k\Sandals\Flat\Reef\7884000.6.jpg,7884000.6.jpg,Sandals,Flat,Reef
images\ut-zap50k\Boots\Ankle\Frye\7683391.301559.jpg,7683391.301559.jpg,Boots,Ankle,Frye
images\ut-zap50k\Shoes\Heels\BCBGMAXAZRIA\8088698.1072.jpg,8088698.1072.jpg,Shoes,Heels,BCBGMAXAZRIA
images\ut-zap50k\Boots\Mid-Calf\Naughty Monkey\8014954.3.jpg,8014954.3.jpg,Boots,Mid-Calf,Naughty Monkey
images\ut-zap50k\Boots\Knee High\Frye\8003490.239194.jpg,8003490.239194.jpg,Boots,Knee High,Frye
images\ut-zap50k\Sandals\Flat\Naot Footwear\7749006.34904.jpg,7749006.34904.jpg,Sandals,Flat,Naot Footwear
images\ut-zap50k\Slippers\Slipper Flats\Globe Kids\7303851.39836.jpg,7303851.39836.jpg,Slippers,Slipper Flats,Globe Kids
images\ut-zap50k\Boots\Knee High\rsvp\8035446.249356.jpg,8035446.249356.jpg,Boots,Knee High,rsvp
images\ut-zap50k\Sandals\Flat\Spring Step\7788849.3.jpg,7788849.3.jpg,Sandals,Flat,Spring Step
images\ut-zap50k\Shoes\Heels\Arche\8026775.212232.jpg,8026775.212232.jpg,Shoes,Heels,Arche
images\ut-zap50k\Boots\Knee High\Nina Kids\7668156.105.jpg,7668156.105.jpg,Boots,Knee High,Nina Kids
images\ut-zap50k\Shoes\Sneakers and Athletic Shoes\MICHAEL Michael Kors Kids\8042233.385.jpg,8042233.385.jpg,Shoes,Sneakers and Athletic Shoes,MICHAEL Michael Kors Kids
images\ut-zap50k\Shoes\Sneakers and Athletic Shoes\Nike Golf\8063553.384742.jpg,8063553.384742.jpg,Shoes,Sneakers and Athletic Shoes,Nike Golf
images\ut-zap50k\Shoes\Loafers\ECCO\8036737.90.jpg,8036737.90.jpg,Shoes,Loafers,ECCO
images\ut-zap50k\Shoes\Sneakers and Athletic Shoes\New Balance Classics\7805582.40591.jpg,7805582.40591.jpg,Shoes,Sneakers and Athletic Shoes,New Balance Classics
images\ut-zap50k\Shoes\Sneakers and Athletic Shoes\Mountrek\8008068.3.jpg,8008068.3.jpg,Shoes,Sneakers and Athletic Shoes,Mountrek
images\ut-zap50k\Boots\Ankle\Sam Edelman\7738625.106.jpg,7738625.106.jpg,Boots,Ankle,Sam Edelman
images\ut-zap50k\Shoes\Sneakers and Athletic Shoes\PUMA\7975964.134509.jpg,7975964.134509.jpg,Shoes,Sneakers and Athletic Shoes,PUMA
images\ut-zap50k\Shoes\Loafers\Kenneth Cole New York\8084618.3.jpg,8084618.3.jpg,Shoes,Loafers,Kenneth Cole New York
images\ut-zap50k\Shoes\Loafers\Rieker\115792.72.jpg,115792.72.jpg,Shoes,Loafers,Rieker
images\ut-zap50k\Boots\Mid-Calf\La Canadienne\7561002.106.jpg,7561002.106.jpg,Boots,Mid-Calf,La Canadienne
images\ut-zap50k\Shoes\Sneakers and Athletic Shoes\Vans Kids\7607998.385241.jpg,7607998.385241.jpg,Shoes,Sneakers and Athletic Shoes,Vans Kids
images\ut-zap50k\Boots\Ankle\KORS Michael Kors\8000872.1072.jpg,8000872.1072.jpg,Boots,Ankle,KORS Michael Kors
images\ut-zap50k\Shoes\Heels\MICHAEL Michael Kors\8115545.38405.jpg,8115545.38405.jpg,Shoes,Heels,MICHAEL Michael Kors
images\ut-zap50k\Shoes\Sneakers and Athletic Shoes\Umi Kids\7669584.34214.jpg,7669584.34214.jpg,Shoes,Sneakers and Athletic Shoes,Umi Kids
images\ut-zap50k\Boots\Ankle\Clarks\7993519.216.jpg,7993519.216.jpg,Boots,Ankle,Clarks
images\ut-zap50k\Boots\Mid-Calf\Type Z\8023885.47502.jpg,8023885.47502.jpg,Boots,Mid-Calf,Type Z
images\ut-zap50k\Shoes\Loafers\Easy Spirit\8042498.106.jpg,8042498.106.jpg,Shoes,Loafers,Easy Spirit
images\ut-zap50k\Sandals\Flat\Frye\7880670.184651.jpg,7880670.184651.jpg,Sandals,Flat,Frye
images\ut-zap50k\Sandals\Flat\Birkenstock\7417390.5738.jpg,7417390.5738.jpg,Sandals,Flat,Birkenstock
images\ut-zap50k\Shoes\Loafers\ALDO\7949291.60941.jpg,7949291.60941.jpg,Shoes,Loafers,ALDO
images\ut-zap50k\Shoes\Sneakers and Athletic Shoes\Capezio\7828357.3.jpg,7828357.3.jpg,Shoes,Sneakers and Athletic Shoes,Capezio
images\ut-zap50k\Shoes\Sneakers and Athletic Shoes\Kenneth Cole Reaction\8022236.3.jpg,8022236.3.jpg,Shoes,Sneakers and Athletic Shoes,Kenneth Cole Reaction
images\ut-zap50k\Boots\Mid-Calf\Type Z\8028608.401.jpg,8028608.401.jpg,Boots,Mid-Calf,Type Z
images\ut-zap50k\Shoes\Loafers\MOZO\7768885.3.jpg,7768885.3.jpg,Shoes,Loafers,MOZO
images\ut-zap50k\Shoes\Sneakers and Athletic Shoes\Avia\8069978.388156.jpg,8069978.388156.jpg,Shoes,Sneakers and Athletic Shoes,Avia
images\ut-zap50k\Slippers\Slipper Flats\Daniel Green\7673096.3.jpg,7673096.3.jpg,Slippers,Slipper Flats,Daniel Green
images\ut-zap50k\Shoes\Heels\Jones New York\7986470.89.jpg,7986470.89.jpg,Shoes,Heels,Jones New York
images\ut-zap50k\Shoes\Sneakers and Athletic Shoes\Nike\8018837.369359.jpg,8018837.369359.jpg,Shoes,Sneakers and Athletic Shoes,Nike
images\ut-zap50k\Boots\Mid-Calf\UGG Kids\7945575.106049.jpg,7945575.106049.jpg,Boots,Mid-Calf,UGG Kids
images\ut-zap50k\Shoes\Loafers\Dockers\7196319.3.jpg,7196319.3.jpg,Shoes,Loafers,Dockers
images\ut-zap50k\Shoes\Sneakers and Athletic Shoes\Puma Kids\7989623.360564.jpg,7989623.360564.jpg,Shoes,Sneakers and Athletic Shoes,Puma Kids
images\ut-zap50k\Boots\Ankle\Romika\8009399.359.jpg,8009399.359.jpg,Boots,Ankle,Romika
images\ut-zap50k\Shoes\Flats\Vivienne Westwood\8031751.430.jpg,8031751.430.jpg,Shoes,Flats,Vivienne Westwood
images\ut-zap50k\Sandals\Flat\Scott Hawaii\7967363.2815.jpg,7967363.2815.jpg,Sandals,Flat,Scott Hawaii
images\ut-zap50k\Boots\Ankle\Frye\7970435.352768.jpg,7970435.352768.jpg,Boots,Ankle,Frye
images\ut-zap50k\Shoes\Flats\PUMA\7975644.355206.jpg,7975644.355206.jpg,Shoes,Flats,PUMA
images\ut-zap50k\Sandals\Flat\Trotters\8075375.9.jpg,8075375.9.jpg,Sandals,Flat,Trotters
images\ut-zap50k\Slippers\Slipper Flats\Justin\8084911.644.jpg,8084911.644.jpg,Slippers,Slipper Flats,Justin
images\ut-zap50k\Shoes\Sneakers and Athletic Shoes\EVOLV\7928663.156865.jpg,7928663.156865.jpg,Shoes,Sneakers and Athletic Shoes,EVOLV
images\ut-zap50k\Boots\Ankle\David Tate\7436522.60.jpg,7436522.60.jpg,Boots,Ankle,David Tate
images\ut-zap50k\Shoes\Sneakers and Athletic Shoes\Primigi Kids\8020575.6.jpg,8020575.6.jpg,Shoes,Sneakers and Athletic Shoes,Primigi Kids
images\ut-zap50k\Sandals\Flat\Roxy\8047730.385.jpg,8047730.385.jpg,Sandals,Flat,Roxy
images\ut-zap50k\Shoes\Sneakers and Athletic Shoes\ALDO\8093302.396.jpg,8093302.396.jpg,Shoes,Sneakers and Athletic Shoes,ALDO
images\ut-zap50k\Shoes\Heels\Stuart Weitzman\7956576.355729.jpg,7956576.355729.jpg,Shoes,Heels,Stuart Weitzman
images\ut-zap50k\Boots\Mid-Calf\Dan Post\8003080.18.jpg,8003080.18.jpg,Boots,Mid-Calf,Dan Post
images\ut-zap50k\Sandals\Flat\SKECHERS\7301523.159942.jpg,7301523.159942.jpg,Sandals,Flat,SKECHERS
images\ut-zap50k\Shoes\Sneakers and Athletic Shoes\Polo Ralph Lauren\7950983.3451.jpg,7950983.3451.jpg,Shoes,Sneakers and Athletic Shoes,Polo Ralph Lauren
images\ut-zap50k\Shoes\Flats\Robert Clergerie\7970535.1765.jpg,7970535.1765.jpg,Shoes,Flats,Robert Clergerie
images\ut-zap50k\Shoes\Sneakers and Athletic Shoes\Nike\7965768.336433.jpg,7965768.336433.jpg,Shoes,Sneakers and Athletic Shoes,Nike
images\ut-zap50k\Shoes\Sneakers and Athletic Shoes\ASICS\8024296.371182.jpg,8024296.371182.jpg,Shoes,Sneakers and Athletic Shoes,ASICS
images\ut-zap50k\Shoes\Heels\Caparros\8083281.385282.jpg,8083281.385282.jpg,Shoes,Heels,Caparros
images\ut-zap50k\Shoes\Heels\Seychelles\8075384.53513.jpg,8075384.53513.jpg,Shoes,Heels,Seychelles
images\ut-zap50k\Shoes\Sneakers and Athletic Shoes\ASICS\7976191.380765.jpg,7976191.380765.jpg,Shoes,Sneakers and Athletic Shoes,ASICS
images\ut-zap50k\Shoes\Heels\Rieker\8004599.72.jpg,8004599.72.jpg,Shoes,Heels,Rieker
images\ut-zap50k\Shoes\Sneakers and Athletic Shoes\Vans Kids\7466209.3.jpg,7466209.3.jpg,Shoes,Sneakers and Athletic Shoes,Vans Kids
images\ut-zap50k\Boots\Ankle\Born\7357727.3.jpg,7357727.3.jpg,Boots,Ankle,Born
images\ut-zap50k\Shoes\Oxfords\Tommy Hilfiger\8041844.376700.jpg,8041844.376700.jpg,Shoes,Oxfords,Tommy Hilfiger
images\ut-zap50k\Boots\Knee High\Rocket Dog\8029537.372835.jpg,8029537.372835.jpg,Boots,Knee High,Rocket Dog
images\ut-zap50k\Shoes\Sneakers and Athletic Shoes\Merrell\8075362.7143.jpg,8075362.7143.jpg,Shoes,Sneakers and Athletic Shoes,Merrell
images\ut-zap50k\Shoes\Heels\Oh! Shoes\8013974.367704.jpg,8013974.367704.jpg,Shoes,Heels,Oh! Shoes
images\ut-zap50k\Sandals\Flat\Tommy Bahama\7925408.325.jpg,7925408.325.jpg,Sandals,Flat,Tommy Bahama
images\ut-zap50k\Shoes\Flats\Jessica Simpson\7308768.368036.jpg,7308768.368036.jpg,Shoes,Flats,Jessica Simpson
images\ut-zap50k\Boots\Mid-Calf\Roper Kids\7678592.238.jpg,7678592.238.jpg,Boots,Mid-Calf,Roper Kids
images\ut-zap50k\Boots\Ankle\Stuart Weitzman\7999419.23249.jpg,7999419.23249.jpg,Boots,Ankle,Stuart Weitzman
images\ut-zap50k\Shoes\Sneakers and Athletic Shoes\PUMA\7909364.215587.jpg,7909364.215587.jpg,Shoes,Sneakers and Athletic Shoes,PUMA
images\ut-zap50k\Shoes\Oxfords\Johnston & Murphy\8090019.20202.jpg,8090019.20202.jpg,Shoes,Oxfords,Johnston & Murphy
images\ut-zap50k\Shoes\Sneakers and Athletic Shoes\Puma Kids\8020148.404920.jpg,8020148.404920.jpg,Shoes,Sneakers and Athletic Shoes,Puma Kids
images\ut-zap50k\Shoes\Sneakers and Athletic Shoes\Saucony\7882222.151.jpg,7882222.151.jpg,Shoes,Sneakers and Athletic Shoes,Saucony
images\ut-zap50k\Shoes\Flats\Lassen\7948673.521.jpg,7948673.521.jpg,Shoes,Flats,Lassen
images\ut-zap50k\Shoes\Sneakers and Athletic Shoes\adidas Kids\8074561.390378.jpg,8074561.390378.jpg,Shoes,Sneakers and Athletic Shoes,adidas Kids
images\ut-zap50k\Shoes\Sneakers and Athletic Shoes\Saucony Kids\7992538.4766.jpg,7992538.4766.jpg,Shoes,Sneakers and Athletic Shoes,Saucony Kids
images\ut-zap50k\Boots\Ankle\Primigi Kids\8031940.401.jpg,8031940.401.jpg,Boots,Ankle,Primigi Kids
images\ut-zap50k\Shoes\Heels\Jessica Simpson\8064958.385504.jpg,8064958.385504.jpg,Shoes,Heels,Jessica Simpson
images\ut-zap50k\Shoes\Flats\KORS Michael Kors\7876367.353163.jpg,7876367.353163.jpg,Shoes,Flats,KORS Michael Kors
images\ut-zap50k\Boots\Knee High\Steve Madden Kids\8022320.106.jpg,8022320.106.jpg,Boots,Knee High,Steve Madden Kids
images\ut-zap50k\Boots\Ankle\Polo Ralph Lauren Kids\8006802.365650.jpg,8006802.365650.jpg,Boots,Ankle,Polo Ralph Lauren Kids
images\ut-zap50k\Shoes\Oxfords\Stuart Weitzman\7886163.89.jpg,7886163.89.jpg,Shoes,Oxfords,Stuart Weitzman
images\ut-zap50k\Shoes\Loafers\Fratelli\7993216.3.jpg,7993216.3.jpg,Shoes,Loafers,Fratelli
images\ut-zap50k\Shoes\Sneakers and Athletic Shoes\PUMA\8112391.402851.jpg,8112391.402851.jpg,Shoes,Sneakers and Athletic Shoes,PUMA
images\ut-zap50k\Boots\Ankle\Franco Sarto\8045200.377640.jpg,8045200.377640.jpg,Boots,Ankle,Franco Sarto
images\ut-zap50k\Shoes\Sneakers and Athletic Shoes\New Balance\7597787.755.jpg,7597787.755.jpg,Shoes,Sneakers and Athletic Shoes,New Balance
images\ut-zap50k\Shoes\Flats\Amiana\8028099.372431.jpg,8028099.372431.jpg,Shoes,Flats,Amiana
images\ut-zap50k\Shoes\Sneakers and Athletic Shoes\ASICS\7881597.322221.jpg,7881597.322221.jpg,Shoes,Sneakers and Athletic Shoes,ASICS
images\ut-zap50k\Shoes\Boat Shoes\Cole Haan\7610639.361754.jpg,7610639.361754.jpg,Shoes,Boat Shoes,Cole Haan
images\ut-zap50k\Shoes\Oxfords\Bikkembergs\8025546.18248.jpg,8025546.18248.jpg,Shoes,Oxfords,Bikkembergs
images\ut-zap50k\Shoes\Sneakers and Athletic Shoes\Tommy Bahama\7664189.245064.jpg,7664189.245064.jpg,Shoes,Sneakers and Athletic Shoes,Tommy Bahama
images\ut-zap50k\Shoes\Clogs and Mules\Jambu\7660075.403063.jpg,7660075.403063.jpg,Shoes,Clogs and Mules,Jambu
images\ut-zap50k\Shoes\Heels\Nine West\8051045.106.jpg,8051045.106.jpg,Shoes,Heels,Nine West
images\ut-zap50k\Shoes\Heels\Bouquets\7950827.12379.jpg,7950827.12379.jpg,Shoes,Heels,Bouquets
images\ut-zap50k\Shoes\Oxfords\Dr. Martens\7370413.367549.jpg,7370413.367549.jpg,Shoes,Oxfords,Dr. Martens
images\ut-zap50k\Shoes\Oxfords\Born\7985626.3.jpg,7985626.3.jpg,Shoes,Oxfords,Born
images\ut-zap50k\Shoes\Sneakers and Athletic Shoes\adidas Kids\7967717.214746.jpg,7967717.214746.jpg,Shoes,Sneakers and Athletic Shoes,adidas Kids
images\ut-zap50k\Boots\Knee High\LAUREN Ralph Lauren\8055277.3455.jpg,8055277.3455.jpg,Boots,Knee High,LAUREN Ralph Lauren
images\ut-zap50k\Shoes\Sneakers and Athletic Shoes\Stride Rite\7951983.346058.jpg,7951983.346058.jpg,Shoes,Sneakers and Athletic Shoes,Stride Rite
images\ut-zap50k\Shoes\Flats\Elephantito\7840501.140.jpg,7840501.140.jpg,Shoes,Flats,Elephantito
images\ut-zap50k\Shoes\Heels\Ivanka Trump\7795431.13055.jpg,7795431.13055.jpg,Shoes,Heels,Ivanka Trump
images\ut-zap50k\Shoes\Loafers\Nunn Bush\7618456.823.jpg,7618456.823.jpg,Shoes,Loafers,Nunn Bush
images\ut-zap50k\Shoes\Sneakers and Athletic Shoes\ECCO\7742413.331821.jpg,7742413.331821.jpg,Shoes,Sneakers and Athletic Shoes,ECCO
images\ut-zap50k\Shoes\Loafers\Pablosky Kids\8029611.3.jpg,8029611.3.jpg,Shoes,Loafers,Pablosky Kids
images\ut-zap50k\Shoes\Heels\Nine West\8076901.6295.jpg,8076901.6295.jpg,Shoes,Heels,Nine West
images\ut-zap50k\Boots\Knee High\Annie\8030305.23659.jpg,8030305.23659.jpg,Boots,Knee High,Annie
images\ut-zap50k\Sandals\Flat\Havaianas\7919311.18914.jpg,7919311.18914.jpg,Sandals,Flat,Havaianas
images\ut-zap50k\Shoes\Flats\Eric Michael\8104157.585.jpg,8104157.585.jpg,Shoes,Flats,Eric Michael
images\ut-zap50k\Boots\Ankle\Bedstu\7855303.20.jpg,7855303.20.jpg,Boots,Ankle,Bedstu
images\ut-zap50k\Sandals\Flat\OluKai\7912017.332845.jpg,7912017.332845.jpg,Sandals,Flat,OluKai
images\ut-zap50k\Shoes\Heels\Jambu\7993454.402978.jpg,7993454.402978.jpg,Shoes,Heels,Jambu
images\ut-zap50k\Shoes\Sneakers and Athletic Shoes\adidas Originals\7975970.390448.jpg,7975970.390448.jpg,Shoes,Sneakers and Athletic Shoes,adidas Originals
images\ut-zap50k\Shoes\Sneakers and Athletic Shoes\New Balance Classics\7763070.9.jpg,7763070.9.jpg,Shoes,Sneakers and Athletic Shoes,New Balance Classics
images\ut-zap50k\Shoes\Loafers\Crocs\7989496.39823.jpg,7989496.39823.jpg,Shoes,Loafers,Crocs
images\ut-zap50k\Shoes\Sneakers and Athletic Shoes\Saucony\8039691.43056.jpg,8039691.43056.jpg,Shoes,Sneakers and Athletic Shoes,Saucony
images\ut-zap50k\Boots\Mid-Calf\Christin Michaels\8020295.85741.jpg,8020295.85741.jpg,Boots,Mid-Calf,Christin Michaels
images\ut-zap50k\Shoes\Loafers\Floats by Robert Wayne\8126982.585.jpg,8126982.585.jpg,Shoes,Loafers,Floats by Robert Wayne
images\ut-zap50k\Shoes\Sneakers and Athletic Shoes\ASICS\7786224.355712.jpg,7786224.355712.jpg,Shoes,Sneakers and Athletic Shoes,ASICS
images\ut-zap50k\Shoes\Sneakers and Athletic Shoes\New Balance\7650184.744.jpg,7650184.744.jpg,Shoes,Sneakers and Athletic Shoes,New Balance
images\ut-zap50k\Boots\Mid-Calf\Harley-Davidson\7966719.3.jpg,7966719.3.jpg,Boots,Mid-Calf,Harley-Davidson
images\ut-zap50k\Shoes\Flats\SKECHERS\8078851.3.jpg,8078851.3.jpg,Shoes,Flats,SKECHERS
images\ut-zap50k\Shoes\Heels\Nina\7523111.3891.jpg,7523111.3891.jpg,Shoes,Heels,Nina
images\ut-zap50k\Boots\Ankle\Nine West\8020556.106.jpg,8020556.106.jpg,Boots,Ankle,Nine West
images\ut-zap50k\Shoes\Heels\Corso Como\7925846.377856.jpg,7925846.377856.jpg,Shoes,Heels,Corso Como
images\ut-zap50k\Shoes\Flats\Steve Madden\8060909.3.jpg,8060909.3.jpg,Shoes,Flats,Steve Madden
images\ut-zap50k\Boots\Mid-Calf\Le Chameau\7866272.531.jpg,7866272.531.jpg,Boots,Mid-Calf,Le Chameau
images\ut-zap50k\Sandals\Flat\Jack Rogers\7810754.4460.jpg,7810754.4460.jpg,Sandals,Flat,Jack Rogers
images\ut-zap50k\Shoes\Sneakers and Athletic Shoes\New Balance Classics\8036489.128.jpg,8036489.128.jpg,Shoes,Sneakers and Athletic Shoes,New Balance Classics
images\ut-zap50k\Shoes\Flats\Arcopedico\7583074.2427.jpg,7583074.2427.jpg,Shoes,Flats,Arcopedico
images\ut-zap50k\Boots\Mid-Calf\Bogs\7987334.359622.jpg,7987334.359622.jpg,Boots,Mid-Calf,Bogs
images\ut-zap50k\Shoes\Sneakers and Athletic Shoes\SKECHERS KIDS\8069207.14.jpg,8069207.14.jpg,Shoes,Sneakers and Athletic Shoes,SKECHERS KIDS
images\ut-zap50k\Shoes\Loafers\Blundstone\7826098.18.jpg,7826098.18.jpg,Shoes,Loafers,Blundstone
images\ut-zap50k\Shoes\Sneakers and Athletic Shoes\BC Footwear\8018403.19533.jpg,8018403.19533.jpg,Shoes,Sneakers and Athletic Shoes,BC Footwear
images\ut-zap50k\Boots\Ankle\Giuseppe Zanotti\8025516.2188.jpg,8025516.2188.jpg,Boots,Ankle,Giuseppe Zanotti
images\ut-zap50k\Shoes\Flats\Splendid\8022562.387583.jpg,8022562.387583.jpg,Shoes,Flats,Splendid
images\ut-zap50k\Slippers\Slipper Flats\Acorn\8023188.6497.jpg,8023188.6497.jpg,Slippers,Slipper Flats,Acorn
images\ut-zap50k\Sandals\Flat\La Plume\7930425.6.jpg,7930425.6.jpg,Sandals,Flat,La Plume
images\ut-zap50k\Sandals\Flat\Pampili\7924930.559.jpg,7924930.559.jpg,Sandals,Flat,Pampili
images\ut-zap50k\Boots\Ankle\Clarks\7190321.139.jpg,7190321.139.jpg,Boots,Ankle,Clarks
images\ut-zap50k\Boots\Ankle\Laredo\7852235.311811.jpg,7852235.311811.jpg,Boots,Ankle,Laredo
images\ut-zap50k\Boots\Ankle\Salomon\7483071.269525.jpg,7483071.269525.jpg,Boots,Ankle,Salomon
images\ut-zap50k\Boots\Ankle\Propet\8019401.156320.jpg,8019401.156320.jpg,Boots,Ankle,Propet
images\ut-zap50k\Boots\Knee High\Stuart Weitzman\7999475.234832.jpg,7999475.234832.jpg,Boots,Knee High,Stuart Weitzman
images\ut-zap50k\Shoes\Sneakers and Athletic Shoes\Teva\7783677.174597.jpg,7783677.174597.jpg,Shoes,Sneakers and Athletic Shoes,Teva
images\ut-zap50k\Shoes\Heels\Sesto Meucci\8004579.8305.jpg,8004579.8305.jpg,Shoes,Heels,Sesto Meucci
images\ut-zap50k\Shoes\Flats\Salvatore Ferragamo\7688370.15659.jpg,7688370.15659.jpg,Shoes,Flats,Salvatore Ferragamo
images\ut-zap50k\Shoes\Sneakers and Athletic Shoes\ECCO Golf\7730194.2153.jpg,7730194.2153.jpg,Shoes,Sneakers and Athletic Shoes,ECCO Golf
images\ut-zap50k\Boots\Knee High\Nine West\8076540.3059.jpg,8076540.3059.jpg,Boots,Knee High,Nine West
images\ut-zap50k\Shoes\Heels\J. Renee\8021115.3091.jpg,8021115.3091.jpg,Shoes,Heels,J. Renee
images\ut-zap50k\Boots\Mid-Calf\Sorel\7218622.3.jpg,7218622.3.jpg,Boots,Mid-Calf,Sorel
images\ut-zap50k\Shoes\Heels\Corso Como\8080535.10847.jpg,8080535.10847.jpg,Shoes,Heels,Corso Como
images\ut-zap50k\Shoes\Sneakers and Athletic Shoes\Nike\7925436.305226.jpg,7925436.305226.jpg,Shoes,Sneakers and Athletic Shoes,Nike
images\ut-zap50k\Boots\Ankle\Levi's&#174; Shoes\8092979.325.jpg,8092979.325.jpg,Boots,Ankle,Levi's&#174; Shoes
images\ut-zap50k\Shoes\Heels\Badgley Mischka\8087671.933.jpg,8087671.933.jpg,Shoes,Heels,Badgley Mischka
images\ut-zap50k\Sandals\Flat\Grazie\8048647.200.jpg,8048647.200.jpg,Sandals,Flat,Grazie
images\ut-zap50k\Shoes\Heels\Chinese Laundry\8056532.106.jpg,8056532.106.jpg,Shoes,Heels,Chinese Laundry
images\ut-zap50k\Boots\Knee High\Roberto Cavalli\7999051.401.jpg,7999051.401.jpg,Boots,Knee High,Roberto Cavalli
images\ut-zap50k\Shoes\Flats\Kate Spade New York\8063928.384969.jpg,8063928.384969.jpg,Shoes,Flats,Kate Spade New York
images\ut-zap50k\Shoes\Heels\Geox\7921452.742.jpg,7921452.742.jpg,Shoes,Heels,Geox
images\ut-zap50k\Shoes\Flats\Frye\7967466.351577.jpg,7967466.351577.jpg,Shoes,Flats,Frye
images\ut-zap50k\Boots\Ankle\Easy Spirit\8042727.343.jpg,8042727.343.jpg,Boots,Ankle,Easy Spirit
images\ut-zap50k\Shoes\Heels\ALDO\8129061.270.jpg,8129061.270.jpg,Shoes,Heels,ALDO
images\ut-zap50k\Sandals\Flat\Spring Step\7788825.3.jpg,7788825.3.jpg,Sandals,Flat,Spring Step
images\ut-zap50k\Shoes\Sneakers and Athletic Shoes\Nike\7965529.350885.jpg,7965529.350885.jpg,Shoes,Sneakers and Athletic Shoes,Nike
images\ut-zap50k\Shoes\Sneakers and Athletic Shoes\Sperry Top-Sider\7871791.2294.jpg,7871791.2294.jpg,Shoes,Sneakers and Athletic Shoes,Sperry Top-Sider
images\ut-zap50k\Shoes\Flats\Nina Kids\7623538.89.jpg,7623538.89.jpg,Shoes,Flats,Nina Kids
images\ut-zap50k\Boots\Knee High\Old West Kids Boots\7841051.585.jpg,7841051.585.jpg,Boots,Knee High,Old West Kids Boots
images\ut-zap50k\Shoes\Heels\Vidorreta\8025899.3.jpg,8025899.3.jpg,Shoes,Heels,Vidorreta
images\ut-zap50k\Boots\Ankle\Ariat\7992476.3.jpg,7992476.3.jpg,Boots,Ankle,Ariat
images\ut-zap50k\Boots\Ankle\Steve Madden\8081028.72.jpg,8081028.72.jpg,Boots,Ankle,Steve Madden
images\ut-zap50k\Shoes\Sneakers and Athletic Shoes\Sanuk\7909966.275.jpg,7909966.275.jpg,Shoes,Sneakers and Athletic Shoes,Sanuk
images\ut-zap50k\Boots\Mid-Calf\Pikolinos\8131670.3.jpg,8131670.3.jpg,Boots,Mid-Calf,Pikolinos
images\ut-zap50k\Boots\Mid-Calf\AIGLE\8113193.2042.jpg,8113193.2042.jpg,Boots,Mid-Calf,AIGLE
images\ut-zap50k\Shoes\Heels\Bandolino\7949084.106.jpg,7949084.106.jpg,Shoes,Heels,Bandolino
images\ut-zap50k\Shoes\Flats\Isola\8111464.89.jpg,8111464.89.jpg,Shoes,Flats,Isola
images\ut-zap50k\Sandals\Flat\Salt Water Sandal by Hoy Shoes\7532927.385.jpg,7532927.385.jpg,Sandals,Flat,Salt Water Sandal by Hoy Shoes
images\ut-zap50k\Slippers\Slipper Flats\Acorn\7149932.68.jpg,7149932.68.jpg,Slippers,Slipper Flats,Acorn
images\ut-zap50k\Shoes\Heels\Betsey Johnson for The Cool People\8053876.184651.jpg,8053876.184651.jpg,Shoes,Heels,Betsey Johnson for The Cool People
images\ut-zap50k\Shoes\Loafers\SKECHERS\7991356.18.jpg,7991356.18.jpg,Shoes,Loafers,SKECHERS
images\ut-zap50k\Shoes\Sneakers and Athletic Shoes\Vans Kids\7501862.183092.jpg,7501862.183092.jpg,Shoes,Sneakers and Athletic Shoes,Vans Kids
images\ut-zap50k\Shoes\Flats\Rocket Dog\7691095.337236.jpg,7691095.337236.jpg,Shoes,Flats,Rocket Dog
images\ut-zap50k\Boots\Mid-Calf\Chippewa\7766750.18.jpg,7766750.18.jpg,Boots,Mid-Calf,Chippewa
images\ut-zap50k\Boots\Mid-Calf\Lowa\7994685.3.jpg,7994685.3.jpg,Boots,Mid-Calf,Lowa
images\ut-zap50k\Boots\Knee High\Gabriella Rocha\7586611.20939.jpg,7586611.20939.jpg,Boots,Knee High,Gabriella Rocha
images\ut-zap50k\Shoes\Heels\Fitzwell\8039264.5332.jpg,8039264.5332.jpg,Shoes,Heels,Fitzwell
images\ut-zap50k\Shoes\Clogs and Mules\Orthaheel\8001372.18.jpg,8001372.18.jpg,Shoes,Clogs and Mules,Orthaheel
images\ut-zap50k\Shoes\Flats\Vivienne Westwood\7918511.14.jpg,7918511.14.jpg,Shoes,Flats,Vivienne Westwood
images\ut-zap50k\Shoes\Flats\White Mountain\8082655.523.jpg,8082655.523.jpg,Shoes,Flats,White Mountain
images\ut-zap50k\Boots\Ankle\Allen-Edmonds\8037445.114255.jpg,8037445.114255.jpg,Boots,Ankle,Allen-Edmonds
images\ut-zap50k\Shoes\Sneakers and Athletic Shoes\Vivobarefoot\7841121.9.jpg,7841121.9.jpg,Shoes,Sneakers and Athletic Shoes,Vivobarefoot
images\ut-zap50k\Sandals\Flat\J. Renee\8069975.585.jpg,8069975.585.jpg,Sandals,Flat,J. Renee
images\ut-zap50k\Shoes\Boat Shoes\Native Kids Shoes\7927479.301365.jpg,7927479.301365.jpg,Shoes,Boat Shoes,Native Kids Shoes
images\ut-zap50k\Boots\Ankle\Primigi Kids\8030675.401.jpg,8030675.401.jpg,Boots,Ankle,Primigi Kids
images\ut-zap50k\Shoes\Sneakers and Athletic Shoes\Rockport\118989.3.jpg,118989.3.jpg,Shoes,Sneakers and Athletic Shoes,Rockport
images\ut-zap50k\Boots\Knee High\La Canadienne\7261885.89.jpg,7261885.89.jpg,Boots,Knee High,La Canadienne
images\ut-zap50k\Shoes\Sneakers and Athletic Shoes\inov-8\7882258.322590.jpg,7882258.322590.jpg,Shoes,Sneakers and Athletic Shoes,inov-8
images\ut-zap50k\Shoes\Loafers\Sam Edelman\7982934.37116.jpg,7982934.37116.jpg,Shoes,Loafers,Sam Edelman
images\ut-zap50k\Sandals\Flat\Keen\7601597.164972.jpg,7601597.164972.jpg,Sandals,Flat,Keen
images\ut-zap50k\Boots\Knee High\Nine West\8051077.973.jpg,8051077.973.jpg,Boots,Knee High,Nine West
images\ut-zap50k\Boots\Mid-Calf\Tundra Boots\7856309.3.jpg,7856309.3.jpg,Boots,Mid-Calf,Tundra Boots
images\ut-zap50k\Boots\Mid-Calf\Robeez\7801094.270729.jpg,7801094.270729.jpg,Boots,Mid-Calf,Robeez
images\ut-zap50k\Shoes\Heels\Kate Spade New York\8009924.8871.jpg,8009924.8871.jpg,Shoes,Heels,Kate Spade New York
images\ut-zap50k\Shoes\Sneakers and Athletic Shoes\Lacoste\8015118.744.jpg,8015118.744.jpg,Shoes,Sneakers and Athletic Shoes,Lacoste
images\ut-zap50k\Boots\Ankle\The North Face\7784940.180523.jpg,7784940.180523.jpg,Boots,Ankle,The North Face
images\ut-zap50k\Shoes\Oxfords\Gravati\8000278.363987.jpg,8000278.363987.jpg,Shoes,Oxfords,Gravati
images\ut-zap50k\Boots\Knee High\UGG Kids\7658272.3.jpg,7658272.3.jpg,Boots,Knee High,UGG Kids
images\ut-zap50k\Shoes\Heels\Circa Joan & David\8000042.89.jpg,8000042.89.jpg,Shoes,Heels,Circa Joan & David
images\ut-zap50k\Shoes\Oxfords\Clarks\7417648.72.jpg,7417648.72.jpg,Shoes,Oxfords,Clarks
images\ut-zap50k\Shoes\Sneakers and Athletic Shoes\Timberland\7987965.3.jpg,7987965.3.jpg,Shoes,Sneakers and Athletic Shoes,Timberland
images\ut-zap50k\Shoes\Sneakers and Athletic Shoes\Pikolinos\7700622.23562.jpg,7700622.23562.jpg,Shoes,Sneakers and Athletic Shoes,Pikolinos
images\ut-zap50k\Shoes\Sneakers and Athletic Shoes\adidas Kids\8025794.371542.jpg,8025794.371542.jpg,Shoes,Sneakers and Athletic Shoes,adidas Kids
images\ut-zap50k\Shoes\Sneakers and Athletic Shoes\BOSS Green\8053191.7714.jpg,8053191.7714.jpg,Shoes,Sneakers and Athletic Shoes,BOSS Green
images\ut-zap50k\Shoes\Oxfords\Rockport\7996687.284.jpg,7996687.284.jpg,Shoes,Oxfords,Rockport
images\ut-zap50k\Shoes\Boat Shoes\Sperry Kids\7992693.361617.jpg,7992693.361617.jpg,Shoes,Boat Shoes,Sperry Kids
images\ut-zap50k\Boots\Mid-Calf\Naturalizer\7835971.213867.jpg,7835971.213867.jpg,Boots,Mid-Calf,Naturalizer
images\ut-zap50k\Shoes\Sneakers and Athletic Shoes\Emerica\7606427.393042.jpg,7606427.393042.jpg,Shoes,Sneakers and Athletic Shoes,Emerica
images\ut-zap50k\Shoes\Clogs and Mules\Crocs Kids\7992072.1413.jpg,7992072.1413.jpg,Shoes,Clogs and Mules,Crocs Kids
images\ut-zap50k\Shoes\Flats\Me Too\8054562.8982.jpg,8054562.8982.jpg,Shoes,Flats,Me Too
images\ut-zap50k\Boots\Mid-Calf\The North Face\7999466.286245.jpg,7999466.286245.jpg,Boots,Mid-Calf,The North Face
images\ut-zap50k\Boots\Mid-Calf\Beeko\7999612.3.jpg,7999612.3.jpg,Boots,Mid-Calf,Beeko
images\ut-zap50k\Shoes\Sneakers and Athletic Shoes\Superga\7423619.222053.jpg,7423619.222053.jpg,Shoes,Sneakers and Athletic Shoes,Superga
images\ut-zap50k\Boots\Ankle\La Canadienne\7996521.362947.jpg,7996521.362947.jpg,Boots,Ankle,La Canadienne
images\ut-zap50k\Boots\Ankle\DV by Dolce Vita\8047169.3.jpg,8047169.3.jpg,Boots,Ankle,DV by Dolce Vita
images\ut-zap50k\Shoes\Flats\Annie\8014755.103.jpg,8014755.103.jpg,Shoes,Flats,Annie
images\ut-zap50k\Sandals\Flat\Clarks\8079981.764.jpg,8079981.764.jpg,Sandals,Flat,Clarks
images\ut-zap50k\Shoes\Flats\Eric Michael\8104157.401.jpg,8104157.401.jpg,Shoes,Flats,Eric Michael
images\ut-zap50k\Shoes\Oxfords\Robert Wayne\8085581.6.jpg,8085581.6.jpg,Shoes,Oxfords,Robert Wayne
images\ut-zap50k\Shoes\Sneakers and Athletic Shoes\Polo Ralph Lauren\7751190.20650.jpg,7751190.20650.jpg,Shoes,Sneakers and Athletic Shoes,Polo Ralph Lauren
images\ut-zap50k\Boots\Knee High\Hunter\7651964.6.jpg,7651964.6.jpg,Boots,Knee High,Hunter
images\ut-zap50k\Boots\Ankle\Clarks\7994143.1084.jpg,7994143.1084.jpg,Boots,Ankle,Clarks
images\ut-zap50k\Slippers\Slipper Flats\Foamtreads\7299251.98255.jpg,7299251.98255.jpg,Slippers,Slipper Flats,Foamtreads
images\ut-zap50k\Boots\Ankle\The North Face\7595763.219188.jpg,7595763.219188.jpg,Boots,Ankle,The North Face
images\ut-zap50k\Shoes\Sneakers and Athletic Shoes\Montrail\7920245.35254.jpg,7920245.35254.jpg,Shoes,Sneakers and Athletic Shoes,Montrail
images\ut-zap50k\Shoes\Flats\pediped\7998043.632.jpg,7998043.632.jpg,Shoes,Flats,pediped
images\ut-zap50k\Shoes\Prewalker\Robeez\7998650.363545.jpg,7998650.363545.jpg,Shoes,Prewalker,Robeez
images\ut-zap50k\Shoes\Sneakers and Athletic Shoes\Saucony\7788193.47090.jpg,7788193.47090.jpg,Shoes,Sneakers and Athletic Shoes,Saucony
images\ut-zap50k\Boots\Ankle\DSQUARED2\7996224.325.jpg,7996224.325.jpg,Boots,Ankle,DSQUARED2
images\ut-zap50k\Sandals\Flat\Kid Express\7926128.776.jpg,7926128.776.jpg,Sandals,Flat,Kid Express
images\ut-zap50k\Shoes\Clogs and Mules\Nurse Mates\7616747.3.jpg,7616747.3.jpg,Shoes,Clogs and Mules,Nurse Mates
images\ut-zap50k\Shoes\Sneakers and Athletic Shoes\Calvin Klein\7857548.313412.jpg,7857548.313412.jpg,Shoes,Sneakers and Athletic Shoes,Calvin Klein
images\ut-zap50k\Sandals\Flat\taos Footwear\8132556.3.jpg,8132556.3.jpg,Sandals,Flat,taos Footwear
images\ut-zap50k\Shoes\Oxfords\To Boot New York\7562954.3.jpg,7562954.3.jpg,Shoes,Oxfords,To Boot New York
images\ut-zap50k\Shoes\Sneakers and Athletic Shoes\Nike\7790180.337559.jpg,7790180.337559.jpg,Shoes,Sneakers and Athletic Shoes,Nike
images\ut-zap50k\Shoes\Clogs and Mules\Dansko\7655373.10005.jpg,7655373.10005.jpg,Shoes,Clogs and Mules,Dansko
images\ut-zap50k\Shoes\Sneakers and Athletic Shoes\Nike Action Kids\7932091.387100.jpg,7932091.387100.jpg,Shoes,Sneakers and Athletic Shoes,Nike Action Kids
images\ut-zap50k\Shoes\Clogs and Mules\Nurse Mates\8046065.3.jpg,8046065.3.jpg,Shoes,Clogs and Mules,Nurse Mates
images\ut-zap50k\Boots\Knee High\Romantic Soles\8037587.1567.jpg,8037587.1567.jpg,Boots,Knee High,Romantic Soles
images\ut-zap50k\Sandals\Flat\Naot Footwear\8081759.12421.jpg,8081759.12421.jpg,Sandals,Flat,Naot Footwear
images\ut-zap50k\Sandals\Flat\Teva\7917270.144.jpg,7917270.144.jpg,Sandals,Flat,Teva
images\ut-zap50k\Boots\Mid-Calf\Gentle Souls\7834968.537.jpg,7834968.537.jpg,Boots,Mid-Calf,Gentle Souls
images\ut-zap50k\Shoes\Heels\DV by Dolce Vita\8122797.521.jpg,8122797.521.jpg,Shoes,Heels,DV by Dolce Vita
images\ut-zap50k\Boots\Ankle\Timberland PRO\7977836.607.jpg,7977836.607.jpg,Boots,Ankle,Timberland PRO
images\ut-zap50k\Shoes\Firstwalker\Agatha Ruiz De La Prada Kids\8004032.18055.jpg,8004032.18055.jpg,Shoes,Firstwalker,Agatha Ruiz De La Prada Kids
images\ut-zap50k\Boots\Mid-Calf\Nine West\8051939.328.jpg,8051939.328.jpg,Boots,Mid-Calf,Nine West
images\ut-zap50k\Boots\Ankle\Lacoste\8050327.3.jpg,8050327.3.jpg,Boots,Ankle,Lacoste
images\ut-zap50k\Sandals\Flat\Flojos Kids\7951906.7339.jpg,7951906.7339.jpg,Sandals,Flat,Flojos Kids
images\ut-zap50k\Shoes\Flats\Primigi Kids\8022910.632.jpg,8022910.632.jpg,Shoes,Flats,Primigi Kids
images\ut-zap50k\Sandals\Flat\Salt Water Sandal by Hoy Shoes\7532925.4154.jpg,7532925.4154.jpg,Sandals,Flat,Salt Water Sandal by Hoy Shoes
images\ut-zap50k\Shoes\Firstwalker\See Kai Run Kids\7998572.529.jpg,7998572.529.jpg,Shoes,Firstwalker,See Kai Run Kids
images\ut-zap50k\Shoes\Sneakers and Athletic Shoes\PUMA\8112390.402848.jpg,8112390.402848.jpg,Shoes,Sneakers and Athletic Shoes,PUMA
images\ut-zap50k\Boots\Ankle\Sebago\8026173.371660.jpg,8026173.371660.jpg,Boots,Ankle,Sebago
images\ut-zap50k\Shoes\Boat Shoes\Sperry Kids\7295389.552.jpg,7295389.552.jpg,Shoes,Boat Shoes,Sperry Kids
images\ut-zap50k\Shoes\Clogs and Mules\Alegria\7910711.284526.jpg,7910711.284526.jpg,Shoes,Clogs and Mules,Alegria
images\ut-zap50k\Shoes\Loafers\Cole Haan\7746187.82.jpg,7746187.82.jpg,Shoes,Loafers,Cole Haan
images\ut-zap50k\Boots\Ankle\The North Face\7999185.235756.jpg,7999185.235756.jpg,Boots,Ankle,The North Face
images\ut-zap50k\Shoes\Oxfords\Stacy Adams\7918971.20.jpg,7918971.20.jpg,Shoes,Oxfords,Stacy Adams
images\ut-zap50k\Boots\Mid-Calf\UGG Kids\8032758.407673.jpg,8032758.407673.jpg,Boots,Mid-Calf,UGG Kids
images\ut-zap50k\Shoes\Loafers\Naot Footwear\7990759.360901.jpg,7990759.360901.jpg,Shoes,Loafers,Naot Footwear
images\ut-zap50k\Sandals\Flat\Loeffler Randall\7963285.38926.jpg,7963285.38926.jpg,Sandals,Flat,Loeffler Randall
images\ut-zap50k\Sandals\Flat\Annie\7220980.34428.jpg,7220980.34428.jpg,Sandals,Flat,Annie
images\ut-zap50k\Boots\Mid-Calf\Steve Madden\7989911.14051.jpg,7989911.14051.jpg,Boots,Mid-Calf,Steve Madden
images\ut-zap50k\Shoes\Oxfords\Lloyd\8054141.51.jpg,8054141.51.jpg,Shoes,Oxfords,Lloyd
images\ut-zap50k\Shoes\Loafers\Mephisto\7573812.238361.jpg,7573812.238361.jpg,Shoes,Loafers,Mephisto
images\ut-zap50k\Shoes\Flats\Twig Kids\8021910.9.jpg,8021910.9.jpg,Shoes,Flats,Twig Kids
images\ut-zap50k\Shoes\Sneakers and Athletic Shoes\Fred Perry\7537282.9.jpg,7537282.9.jpg,Shoes,Sneakers and Athletic Shoes,Fred Perry
images\ut-zap50k\Boots\Ankle\Kamik\7909437.325.jpg,7909437.325.jpg,Boots,Ankle,Kamik
images\ut-zap50k\Shoes\Loafers\Sanuk\8058002.642.jpg,8058002.642.jpg,Shoes,Loafers,Sanuk
images\ut-zap50k\Shoes\Oxfords\Geox\8004393.3.jpg,8004393.3.jpg,Shoes,Oxfords,Geox
images\ut-zap50k\Shoes\Loafers\Keen\7977421.234753.jpg,7977421.234753.jpg,Shoes,Loafers,Keen
images\ut-zap50k\Shoes\Heels\Kenneth Cole Reaction\8080552.3.jpg,8080552.3.jpg,Shoes,Heels,Kenneth Cole Reaction
images\ut-zap50k\Shoes\Heels\Elizabeth and James\8065025.72.jpg,8065025.72.jpg,Shoes,Heels,Elizabeth and James
images\ut-zap50k\Sandals\Flat\Propet\7311954.14.jpg,7311954.14.jpg,Sandals,Flat,Propet
images\ut-zap50k\Shoes\Sneakers and Athletic Shoes\Globe\7661738.2294.jpg,7661738.2294.jpg,Shoes,Sneakers and Athletic Shoes,Globe
images\ut-zap50k\Shoes\Sneakers and Athletic Shoes\Nike Kids\7978608.370176.jpg,7978608.370176.jpg,Shoes,Sneakers and Athletic Shoes,Nike Kids
images\ut-zap50k\Shoes\Sneakers and Athletic Shoes\PUMA\7477396.6759.jpg,7477396.6759.jpg,Shoes,Sneakers and Athletic Shoes,PUMA
images\ut-zap50k\Shoes\Oxfords\Florsheim Kids\8042905.6.jpg,8042905.6.jpg,Shoes,Oxfords,Florsheim Kids
images\ut-zap50k\Shoes\Flats\Anne Klein\7870013.3.jpg,7870013.3.jpg,Shoes,Flats,Anne Klein
images\ut-zap50k\Boots\Ankle\Dr. Martens\7821737.301655.jpg,7821737.301655.jpg,Boots,Ankle,Dr. Martens
images\ut-zap50k\Shoes\Sneakers and Athletic Shoes\PUMA\7883255.355286.jpg,7883255.355286.jpg,Shoes,Sneakers and Athletic Shoes,PUMA
images\ut-zap50k\Boots\Ankle\Frye\7972228.248970.jpg,7972228.248970.jpg,Boots,Ankle,Frye
images\ut-zap50k\Shoes\Sneakers and Athletic Shoes\Vivobarefoot\7898371.3.jpg,7898371.3.jpg,Shoes,Sneakers and Athletic Shoes,Vivobarefoot
images\ut-zap50k\Shoes\Sneakers and Athletic Shoes\DC Kids\7856995.13153.jpg,7856995.13153.jpg,Shoes,Sneakers and Athletic Shoes,DC Kids
images\ut-zap50k\Shoes\Flats\Me Too Kids\8017828.912.jpg,8017828.912.jpg,Shoes,Flats,Me Too Kids
images\ut-zap50k\Shoes\Flats\Jumping Jacks Kids\7823407.552.jpg,7823407.552.jpg,Shoes,Flats,Jumping Jacks Kids
images\ut-zap50k\Shoes\Heels\Jambu\7809234.106.jpg,7809234.106.jpg,Shoes,Heels,Jambu
images\ut-zap50k\Sandals\Flat\Reef\7725764.2294.jpg,7725764.2294.jpg,Sandals,Flat,Reef
images\ut-zap50k\Shoes\Clogs and Mules\Sanita\7575837.213614.jpg,7575837.213614.jpg,Shoes,Clogs and Mules,Sanita
images\ut-zap50k\Shoes\Flats\Merrell\7987320.3.jpg,7987320.3.jpg,Shoes,Flats,Merrell
images\ut-zap50k\Shoes\Sneakers and Athletic Shoes\DC\8077597.4006.jpg,8077597.4006.jpg,Shoes,Sneakers and Athletic Shoes,DC
images\ut-zap50k\Shoes\Sneakers and Athletic Shoes\Vans\7503678.133351.jpg,7503678.133351.jpg,Shoes,Sneakers and Athletic Shoes,Vans
images\ut-zap50k\Shoes\Flats\Naturino\7987784.3259.jpg,7987784.3259.jpg,Shoes,Flats,Naturino
images\ut-zap50k\Shoes\Flats\Blowfish\8070343.388107.jpg,8070343.388107.jpg,Shoes,Flats,Blowfish
images\ut-zap50k\Boots\Mid-Calf\Dirty Laundry\8128793.3.jpg,8128793.3.jpg,Boots,Mid-Calf,Dirty Laundry
images\ut-zap50k\Boots\Ankle\Dr. Martens\8004431.3.jpg,8004431.3.jpg,Boots,Ankle,Dr. Martens
images\ut-zap50k\Slippers\Boot\Old Friend\7575257.6.jpg,7575257.6.jpg,Slippers,Boot,Old Friend
images\ut-zap50k\Boots\Mid-Calf\Beeko\7999612.6.jpg,7999612.6.jpg,Boots,Mid-Calf,Beeko
images\ut-zap50k\Shoes\Heels\Vivienne Westwood\7917681.334366.jpg,7917681.334366.jpg,Shoes,Heels,Vivienne Westwood
images\ut-zap50k\Shoes\Boat Shoes\Sperry Top-Sider\7382958.352392.jpg,7382958.352392.jpg,Shoes,Boat Shoes,Sperry Top-Sider
images\ut-zap50k\Slippers\Slipper Flats\Foamtreads\7346236.3.jpg,7346236.3.jpg,Slippers,Slipper Flats,Foamtreads
images\ut-zap50k\Shoes\Heels\Nine West\8112931.14004.jpg,8112931.14004.jpg,Shoes,Heels,Nine West
images\ut-zap50k\Shoes\Heels\Annie\8014623.367908.jpg,8014623.367908.jpg,Shoes,Heels,Annie
images\ut-zap50k\Boots\Ankle\Timberland Kids\125609.84.jpg,125609.84.jpg,Boots,Ankle,Timberland Kids
images\ut-zap50k\Shoes\Flats\Born\7818587.367239.jpg,7818587.367239.jpg,Shoes,Flats,Born
images\ut-zap50k\Shoes\Flats\Naot Footwear\7990742.360877.jpg,7990742.360877.jpg,Shoes,Flats,Naot Footwear
images\ut-zap50k\Sandals\Flat\Orthaheel\8081406.393082.jpg,8081406.393082.jpg,Sandals,Flat,Orthaheel
images\ut-zap50k\Boots\Ankle\Spring Step\8034808.1430.jpg,8034808.1430.jpg,Boots,Ankle,Spring Step
images\ut-zap50k\Boots\Ankle\Polo Ralph Lauren\7889080.144.jpg,7889080.144.jpg,Boots,Ankle,Polo Ralph Lauren
images\ut-zap50k\Sandals\Flat\Roxy\8089894.432.jpg,8089894.432.jpg,Sandals,Flat,Roxy
images\ut-zap50k\Boots\Mid-Calf\Keen Utility\7822560.325.jpg,7822560.325.jpg,Boots,Mid-Calf,Keen Utility
images\ut-zap50k\Shoes\Oxfords\Allen-Edmonds\7834275.114255.jpg,7834275.114255.jpg,Shoes,Oxfords,Allen-Edmonds
images\ut-zap50k\Sandals\Flat\Birkenstock\7208357.68842.jpg,7208357.68842.jpg,Sandals,Flat,Birkenstock
images\ut-zap50k\Shoes\Prewalker\Stride Rite\8089409.9.jpg,8089409.9.jpg,Shoes,Prewalker,Stride Rite
images\ut-zap50k\Shoes\Loafers\Kenneth Cole Reaction Kids\7818326.72.jpg,7818326.72.jpg,Shoes,Loafers,Kenneth Cole Reaction Kids
images\ut-zap50k\Shoes\Flats\Sperry Top-Sider\8003769.364962.jpg,8003769.364962.jpg,Shoes,Flats,Sperry Top-Sider
images\ut-zap50k\Sandals\Flat\Aster Kids\7934485.340908.jpg,7934485.340908.jpg,Sandals,Flat,Aster Kids
images\ut-zap50k\Shoes\Sneakers and Athletic Shoes\adidas Originals Kids\7652832.6553.jpg,7652832.6553.jpg,Shoes,Sneakers and Athletic Shoes,adidas Originals Kids
images\ut-zap50k\Shoes\Flats\Bloch Kids\7827311.60041.jpg,7827311.60041.jpg,Shoes,Flats,Bloch Kids
images\ut-zap50k\Shoes\Heels\Kork-Ease\7908590.3.jpg,7908590.3.jpg,Shoes,Heels,Kork-Ease
images\ut-zap50k\Boots\Knee High\Shoe Be Doo\8031539.373878.jpg,8031539.373878.jpg,Boots,Knee High,Shoe Be Doo
images\ut-zap50k\Boots\Ankle\BC Footwear\7824694.19.jpg,7824694.19.jpg,Boots,Ankle,BC Footwear
images\ut-zap50k\Shoes\Flats\Gentle Souls\7834962.106.jpg,7834962.106.jpg,Shoes,Flats,Gentle Souls
images\ut-zap50k\Boots\Ankle\Mezlan\8030804.3.jpg,8030804.3.jpg,Boots,Ankle,Mezlan
images\ut-zap50k\Shoes\Sneakers and Athletic Shoes\Reebok\8031120.356934.jpg,8031120.356934.jpg,Shoes,Sneakers and Athletic Shoes,Reebok
images\ut-zap50k\Shoes\Clogs and Mules\SKECHERS\8041602.151.jpg,8041602.151.jpg,Shoes,Clogs and Mules,SKECHERS
images\ut-zap50k\Shoes\Sneakers and Athletic Shoes\Nike\7971298.353093.jpg,7971298.353093.jpg,Shoes,Sneakers and Athletic Shoes,Nike
images\ut-zap50k\Boots\Mid-Calf\Seychelles\8028577.718.jpg,8028577.718.jpg,Boots,Mid-Calf,Seychelles
images\ut-zap50k\Sandals\Flat\Nine West\8113675.1744.jpg,8113675.1744.jpg,Sandals,Flat,Nine West
images\ut-zap50k\Shoes\Sneakers and Athletic Shoes\adidas Originals\7878822.372110.jpg,7878822.372110.jpg,Shoes,Sneakers and Athletic Shoes,adidas Originals
images\ut-zap50k\Shoes\Flats\Cole Haan\7907725.364069.jpg,7907725.364069.jpg,Shoes,Flats,Cole Haan
images\ut-zap50k\Boots\Mid-Calf\Frye\7792157.352757.jpg,7792157.352757.jpg,Boots,Mid-Calf,Frye
images\ut-zap50k\Sandals\Flat\Volcom\8077897.3.jpg,8077897.3.jpg,Sandals,Flat,Volcom
images\ut-zap50k\Boots\Knee High\Naturino\7987916.401.jpg,7987916.401.jpg,Boots,Knee High,Naturino
images\ut-zap50k\Shoes\Sneakers and Athletic Shoes\adidas Originals\7884195.355589.jpg,7884195.355589.jpg,Shoes,Sneakers and Athletic Shoes,adidas Originals
images\ut-zap50k\Shoes\Sneakers and Athletic Shoes\HUGO\8053188.632.jpg,8053188.632.jpg,Shoes,Sneakers and Athletic Shoes,HUGO
images\ut-zap50k\Boots\Knee High\Belle by Sigerson Morrison\7995764.183092.jpg,7995764.183092.jpg,Boots,Knee High,Belle by Sigerson Morrison
images\ut-zap50k\Shoes\Flats\Rachel Kids\8025363.554.jpg,8025363.554.jpg,Shoes,Flats,Rachel Kids
images\ut-zap50k\Shoes\Sneakers and Athletic Shoes\Nike Kids\7796538.388650.jpg,7796538.388650.jpg,Shoes,Sneakers and Athletic Shoes,Nike Kids
images\ut-zap50k\Shoes\Clogs and Mules\Klogs USA\8025670.103.jpg,8025670.103.jpg,Shoes,Clogs and Mules,Klogs USA
images\ut-zap50k\Shoes\Sneakers and Athletic Shoes\SeaVees\7824816.364223.jpg,7824816.364223.jpg,Shoes,Sneakers and Athletic Shoes,SeaVees
images\ut-zap50k\Shoes\Sneakers and Athletic Shoes\Calvin Klein Jeans\7922704.8325.jpg,7922704.8325.jpg,Shoes,Sneakers and Athletic Shoes,Calvin Klein Jeans
images\ut-zap50k\Shoes\Loafers\Cole Haan\7966428.351319.jpg,7966428.351319.jpg,Shoes,Loafers,Cole Haan
images\ut-zap50k\Shoes\Heels\Vidorreta\8025895.632.jpg,8025895.632.jpg,Shoes,Heels,Vidorreta
images\ut-zap50k\Shoes\Heels\GUESS\8109510.57610.jpg,8109510.57610.jpg,Shoes,Heels,GUESS
images\ut-zap50k\Shoes\Sneakers and Athletic Shoes\Vans Kids\8036411.375106.jpg,8036411.375106.jpg,Shoes,Sneakers and Athletic Shoes,Vans Kids
images\ut-zap50k\Shoes\Clogs and Mules\Crocs Kids\7638923.268062.jpg,7638923.268062.jpg,Shoes,Clogs and Mules,Crocs Kids
images\ut-zap50k\Shoes\Heels\Giuseppe Zanotti\8080705.392792.jpg,8080705.392792.jpg,Shoes,Heels,Giuseppe Zanotti
images\ut-zap50k\Shoes\Heels\L.A.M.B\8087930.395373.jpg,8087930.395373.jpg,Shoes,Heels,L.A.M.B
images\ut-zap50k\Boots\Ankle\Vasque\7988256.331954.jpg,7988256.331954.jpg,Boots,Ankle,Vasque
images\ut-zap50k\Shoes\Heels\Vidorreta\8025899.14.jpg,8025899.14.jpg,Shoes,Heels,Vidorreta
images\ut-zap50k\Shoes\Loafers\NO SOX\8038202.3.jpg,8038202.3.jpg,Shoes,Loafers,NO SOX
images\ut-zap50k\Boots\Ankle\The North Face\7999449.281183.jpg,7999449.281183.jpg,Boots,Ankle,The North Face
images\ut-zap50k\Shoes\Flats\Nine West\8113487.589.jpg,8113487.589.jpg,Shoes,Flats,Nine West
images\ut-zap50k\Shoes\Loafers\Anne Klein\8090633.396311.jpg,8090633.396311.jpg,Shoes,Loafers,Anne Klein
images\ut-zap50k\Shoes\Sneakers and Athletic Shoes\Gravis\7807580.19682.jpg,7807580.19682.jpg,Shoes,Sneakers and Athletic Shoes,Gravis
images\ut-zap50k\Shoes\Clogs and Mules\Yellow Box\8038864.6.jpg,8038864.6.jpg,Shoes,Clogs and Mules,Yellow Box
images\ut-zap50k\Slippers\Boot\Acorn\7253704.1761.jpg,7253704.1761.jpg,Slippers,Boot,Acorn
images\ut-zap50k\Boots\Ankle\Stuart Weitzman\7978039.106.jpg,7978039.106.jpg,Boots,Ankle,Stuart Weitzman
images\ut-zap50k\Sandals\Flat\Pelle Moda\8022232.270.jpg,8022232.270.jpg,Sandals,Flat,Pelle Moda
images\ut-zap50k\Shoes\Sneakers and Athletic Shoes\Cienta Kids Shoes\8029184.3.jpg,8029184.3.jpg,Shoes,Sneakers and Athletic Shoes,Cienta Kids Shoes
images\ut-zap50k\Shoes\Heels\Nine West\8051466.379770.jpg,8051466.379770.jpg,Shoes,Heels,Nine West
images\ut-zap50k\Shoes\Oxfords\Calvin Klein Jeans\8030890.2309.jpg,8030890.2309.jpg,Shoes,Oxfords,Calvin Klein Jeans
images\ut-zap50k\Boots\Knee High\Frye\7248368.263084.jpg,7248368.263084.jpg,Boots,Knee High,Frye
images\ut-zap50k\Shoes\Sneakers and Athletic Shoes\DVS Shoe Company\7992284.27372.jpg,7992284.27372.jpg,Shoes,Sneakers and Athletic Shoes,DVS Shoe Company
images\ut-zap50k\Boots\Knee High\Frye\7792053.263301.jpg,7792053.263301.jpg,Boots,Knee High,Frye
images\ut-zap50k\Shoes\Sneakers and Athletic Shoes\ASICS\7976451.355699.jpg,7976451.355699.jpg,Shoes,Sneakers and Athletic Shoes,ASICS
images\ut-zap50k\Boots\Ankle\Timberland Kids\7987476.139.jpg,7987476.139.jpg,Boots,Ankle,Timberland Kids
images\ut-zap50k\Shoes\Sneakers and Athletic Shoes\adidas Outdoor\7983408.358200.jpg,7983408.358200.jpg,Shoes,Sneakers and Athletic Shoes,adidas Outdoor
images\ut-zap50k\Shoes\Oxfords\Stacy Adams\7918971.8.jpg,7918971.8.jpg,Shoes,Oxfords,Stacy Adams
images\ut-zap50k\Shoes\Sneakers and Athletic Shoes\Timberland PRO\7200459.34468.jpg,7200459.34468.jpg,Shoes,Sneakers and Athletic Shoes,Timberland PRO
images\ut-zap50k\Shoes\Sneakers and Athletic Shoes\adidas\7932846.67610.jpg,7932846.67610.jpg,Shoes,Sneakers and Athletic Shoes,adidas
images\ut-zap50k\Boots\Mid-Calf\Roxy\8047873.151.jpg,8047873.151.jpg,Boots,Mid-Calf,Roxy
images\ut-zap50k\Shoes\Sneakers and Athletic Shoes\PUMA\7815240.325767.jpg,7815240.325767.jpg,Shoes,Sneakers and Athletic Shoes,PUMA
images\ut-zap50k\Shoes\Oxfords\Kid Express\7284429.21528.jpg,7284429.21528.jpg,Shoes,Oxfords,Kid Express
images\ut-zap50k\Shoes\Sneakers and Athletic Shoes\Nike\7963990.366979.jpg,7963990.366979.jpg,Shoes,Sneakers and Athletic Shoes,Nike
images\ut-zap50k\Shoes\Boat Shoes\Ralph Lauren Collection\7591792.9467.jpg,7591792.9467.jpg,Shoes,Boat Shoes,Ralph Lauren Collection
images\ut-zap50k\Boots\Knee High\Spirit by Lucchese\8027683.401.jpg,8027683.401.jpg,Boots,Knee High,Spirit by Lucchese
images\ut-zap50k\Shoes\Sneakers and Athletic Shoes\New Balance\8088863.755.jpg,8088863.755.jpg,Shoes,Sneakers and Athletic Shoes,New Balance
images\ut-zap50k\Sandals\Flat\Volcom\7746547.6.jpg,7746547.6.jpg,Sandals,Flat,Volcom
images\ut-zap50k\Shoes\Prewalker\Puma Kids\7989531.360509.jpg,7989531.360509.jpg,Shoes,Prewalker,Puma Kids
images\ut-zap50k\Shoes\Clogs and Mules\Papillio\7932888.275570.jpg,7932888.275570.jpg,Shoes,Clogs and Mules,Papillio
images\ut-zap50k\Boots\Ankle\EMU Australia Kids\8023180.580.jpg,8023180.580.jpg,Boots,Ankle,EMU Australia Kids
images\ut-zap50k\Shoes\Loafers\BRUNO MAGLI\7338919.82.jpg,7338919.82.jpg,Shoes,Loafers,BRUNO MAGLI
images\ut-zap50k\Shoes\Heels\Stuart Weitzman\7821073.23246.jpg,7821073.23246.jpg,Shoes,Heels,Stuart Weitzman
images\ut-zap50k\Shoes\Sneakers and Athletic Shoes\Reebok Kids\8073060.5078.jpg,8073060.5078.jpg,Shoes,Sneakers and Athletic Shoes,Reebok Kids
images\ut-zap50k\Boots\Mid-Calf\Laredo Kids\7916886.559.jpg,7916886.559.jpg,Boots,Mid-Calf,Laredo Kids
images\ut-zap50k\Boots\Mid-Calf\Lucchese\7997883.363342.jpg,7997883.363342.jpg,Boots,Mid-Calf,Lucchese
images\ut-zap50k\Boots\Ankle\Steve Madden\8030099.216.jpg,8030099.216.jpg,Boots,Ankle,Steve Madden
images\ut-zap50k\Boots\Ankle\La Canadienne\7996589.106.jpg,7996589.106.jpg,Boots,Ankle,La Canadienne
images\ut-zap50k\Shoes\Sneakers and Athletic Shoes\New Balance Classics\117623.3.jpg,117623.3.jpg,Shoes,Sneakers and Athletic Shoes,New Balance Classics
images\ut-zap50k\Shoes\Sneakers and Athletic Shoes\Reebok\7935888.322752.jpg,7935888.322752.jpg,Shoes,Sneakers and Athletic Shoes,Reebok
images\ut-zap50k\Shoes\Heels\Clarks\7993113.72.jpg,7993113.72.jpg,Shoes,Heels,Clarks
images\ut-zap50k\Boots\Mid-Calf\Call it SPRING\8056713.184651.jpg,8056713.184651.jpg,Boots,Mid-Calf,Call it SPRING
images\ut-zap50k\Shoes\Sneakers and Athletic Shoes\adidas Originals\7289975.372085.jpg,7289975.372085.jpg,Shoes,Sneakers and Athletic Shoes,adidas Originals
images\ut-zap50k\Shoes\Heels\Cole Haan\7613539.331705.jpg,7613539.331705.jpg,Shoes,Heels,Cole Haan
images\ut-zap50k\Boots\Mid-Calf\Beeko\7999625.6.jpg,7999625.6.jpg,Boots,Mid-Calf,Beeko
images\ut-zap50k\Boots\Ankle\Ariat\7992487.361545.jpg,7992487.361545.jpg,Boots,Ankle,Ariat
images\ut-zap50k\Shoes\Heels\Trotters\7820032.300933.jpg,7820032.300933.jpg,Shoes,Heels,Trotters
images\ut-zap50k\Shoes\Flats\Dolce Vita\8083409.5.jpg,8083409.5.jpg,Shoes,Flats,Dolce Vita
images\ut-zap50k\Boots\Ankle\Keen\7977339.183092.jpg,7977339.183092.jpg,Boots,Ankle,Keen
images\ut-zap50k\Shoes\Sneakers and Athletic Shoes\The North Face\7896028.328327.jpg,7896028.328327.jpg,Shoes,Sneakers and Athletic Shoes,The North Face
images\ut-zap50k\Shoes\Sneakers and Athletic Shoes\Fila\7216528.56033.jpg,7216528.56033.jpg,Shoes,Sneakers and Athletic Shoes,Fila
images\ut-zap50k\Boots\Mid-Calf\Frye\7792164.352758.jpg,7792164.352758.jpg,Boots,Mid-Calf,Frye
images\ut-zap50k\Boots\Ankle\Crocs Kids\7997272.362992.jpg,7997272.362992.jpg,Boots,Ankle,Crocs Kids
images\ut-zap50k\Boots\Mid-Calf\Stonz\8105427.400847.jpg,8105427.400847.jpg,Boots,Mid-Calf,Stonz
images\ut-zap50k\Shoes\Oxfords\Pikolinos\8017376.23562.jpg,8017376.23562.jpg,Shoes,Oxfords,Pikolinos
images\ut-zap50k\Shoes\Sneakers and Athletic Shoes\Merrell\7986954.359515.jpg,7986954.359515.jpg,Shoes,Sneakers and Athletic Shoes,Merrell
images\ut-zap50k\Boots\Ankle\Easy Spirit\8042727.3.jpg,8042727.3.jpg,Boots,Ankle,Easy Spirit
images\ut-zap50k\Shoes\Heels\BC Footwear\7824654.500.jpg,7824654.500.jpg,Shoes,Heels,BC Footwear
images\ut-zap50k\Boots\Ankle\Camper Kids\7839159.4188.jpg,7839159.4188.jpg,Boots,Ankle,Camper Kids
images\ut-zap50k\Boots\Mid-Calf\Kamik\7626619.3.jpg,7626619.3.jpg,Boots,Mid-Calf,Kamik
images\ut-zap50k\Shoes\Sneakers and Athletic Shoes\Nike\7788371.350939.jpg,7788371.350939.jpg,Shoes,Sneakers and Athletic Shoes,Nike
images\ut-zap50k\Sandals\Flat\Worishofer\7979203.552.jpg,7979203.552.jpg,Sandals,Flat,Worishofer
images\ut-zap50k\Shoes\Sneakers and Athletic Shoes\ASICS\7984078.358647.jpg,7984078.358647.jpg,Shoes,Sneakers and Athletic Shoes,ASICS
images\ut-zap50k\Shoes\Heels\Nine West\7490059.260316.jpg,7490059.260316.jpg,Shoes,Heels,Nine West
images\ut-zap50k\Sandals\Flat\Nike Kids\7588774.147543.jpg,7588774.147543.jpg,Sandals,Flat,Nike Kids
images\ut-zap50k\Shoes\Flats\Rachel Kids\8025339.112458.jpg,8025339.112458.jpg,Shoes,Flats,Rachel Kids
images\ut-zap50k\Boots\Knee High\MIA\8038662.22969.jpg,8038662.22969.jpg,Boots,Knee High,MIA
images\ut-zap50k\Shoes\Heels\Stuart Weitzman\7999492.363821.jpg,7999492.363821.jpg,Shoes,Heels,Stuart Weitzman
images\ut-zap50k\Shoes\Sneakers and Athletic Shoes\Easy Spirit\7208003.14005.jpg,7208003.14005.jpg,Shoes,Sneakers and Athletic Shoes,Easy Spirit
images\ut-zap50k\Sandals\Flat\Gentle Souls\7785324.3.jpg,7785324.3.jpg,Sandals,Flat,Gentle Souls
images\ut-zap50k\Boots\Knee High\Dolce & Gabbana\8014459.3.jpg,8014459.3.jpg,Boots,Knee High,Dolce & Gabbana
images\ut-zap50k\Shoes\Heels\Michael Antonio\7879842.411.jpg,7879842.411.jpg,Shoes,Heels,Michael Antonio
images\ut-zap50k\Slippers\Slipper Flats\Patricia Green\7499010.1841.jpg,7499010.1841.jpg,Slippers,Slipper Flats,Patricia Green
images\ut-zap50k\Shoes\Flats\Naturino\7987768.158.jpg,7987768.158.jpg,Shoes,Flats,Naturino
images\ut-zap50k\Sandals\Flat\Born\8070561.388379.jpg,8070561.388379.jpg,Sandals,Flat,Born
images\ut-zap50k\Shoes\Sneakers and Athletic Shoes\Mizuno\8067344.1522.jpg,8067344.1522.jpg,Shoes,Sneakers and Athletic Shoes,Mizuno
images\ut-zap50k\Shoes\Flats\Sesto Meucci\7833236.106.jpg,7833236.106.jpg,Shoes,Flats,Sesto Meucci
images\ut-zap50k\Shoes\Heels\rsvp\8086285.960.jpg,8086285.960.jpg,Shoes,Heels,rsvp
images\ut-zap50k\Boots\Mid-Calf\UGG\8041954.359.jpg,8041954.359.jpg,Boots,Mid-Calf,UGG
images\ut-zap50k\Shoes\Clogs and Mules\Haflinger\7802052.9.jpg,7802052.9.jpg,Shoes,Clogs and Mules,Haflinger
images\ut-zap50k\Boots\Ankle\Gabor\8015532.368210.jpg,8015532.368210.jpg,Boots,Ankle,Gabor
images\ut-zap50k\Shoes\Sneakers and Athletic Shoes\PUMA\7883863.367993.jpg,7883863.367993.jpg,Shoes,Sneakers and Athletic Shoes,PUMA
images\ut-zap50k\Shoes\Flats\SoftWalk\109994.3498.jpg,109994.3498.jpg,Shoes,Flats,SoftWalk
images\ut-zap50k\Shoes\Sneakers and Athletic Shoes\Saucony\7881308.31178.jpg,7881308.31178.jpg,Shoes,Sneakers and Athletic Shoes,Saucony
images\ut-zap50k\Boots\Ankle\Penny Loves Kenny\8076011.3.jpg,8076011.3.jpg,Boots,Ankle,Penny Loves Kenny
images\ut-zap50k\Sandals\Flat\Mephisto\113602.240410.jpg,113602.240410.jpg,Sandals,Flat,Mephisto
images\ut-zap50k\Boots\Knee High\Frye\7371451.352769.jpg,7371451.352769.jpg,Boots,Knee High,Frye
images\ut-zap50k\Shoes\Loafers\Hush Puppies Kids\7998780.72.jpg,7998780.72.jpg,Shoes,Loafers,Hush Puppies Kids
images\ut-zap50k\Boots\Mid-Calf\Polo Ralph Lauren Kids\7834041.56362.jpg,7834041.56362.jpg,Boots,Mid-Calf,Polo Ralph Lauren Kids
images\ut-zap50k\Sandals\Flat\Orthaheel\8081405.393078.jpg,8081405.393078.jpg,Sandals,Flat,Orthaheel
images\ut-zap50k\Sandals\Flat\Alegria\7840497.367574.jpg,7840497.367574.jpg,Sandals,Flat,Alegria
images\ut-zap50k\Shoes\Clogs and Mules\Orthaheel\7835588.3.jpg,7835588.3.jpg,Shoes,Clogs and Mules,Orthaheel
images\ut-zap50k\Shoes\Flats\SoftWalk\7987819.8334.jpg,7987819.8334.jpg,Shoes,Flats,SoftWalk
images\ut-zap50k\Boots\Ankle\OluKai\7978237.356563.jpg,7978237.356563.jpg,Boots,Ankle,OluKai
images\ut-zap50k\Boots\Mid-Calf\Frye\7880820.1430.jpg,7880820.1430.jpg,Boots,Mid-Calf,Frye
images\ut-zap50k\Shoes\Loafers\Geox\7920824.14.jpg,7920824.14.jpg,Shoes,Loafers,Geox
images\ut-zap50k\Shoes\Heels\Fitzwell\8068034.5168.jpg,8068034.5168.jpg,Shoes,Heels,Fitzwell
images\ut-zap50k\Shoes\Oxfords\School Issue\7531593.677.jpg,7531593.677.jpg,Shoes,Oxfords,School Issue
images\ut-zap50k\Shoes\Sneakers and Athletic Shoes\K-Swiss\7886612.2507.jpg,7886612.2507.jpg,Shoes,Sneakers and Athletic Shoes,K-Swiss
images\ut-zap50k\Shoes\Loafers\OluKai\7978232.356572.jpg,7978232.356572.jpg,Shoes,Loafers,OluKai
images\ut-zap50k\Shoes\Clogs and Mules\Alegria Kids\8005611.89.jpg,8005611.89.jpg,Shoes,Clogs and Mules,Alegria Kids
images\ut-zap50k\Shoes\Oxfords\Robert Clergerie\8061333.419616.jpg,8061333.419616.jpg,Shoes,Oxfords,Robert Clergerie
images\ut-zap50k\Boots\Ankle\Ted Baker\8034244.665.jpg,8034244.665.jpg,Boots,Ankle,Ted Baker
images\ut-zap50k\Shoes\Clogs and Mules\Nurse Mates\8046095.14.jpg,8046095.14.jpg,Shoes,Clogs and Mules,Nurse Mates
images\ut-zap50k\Boots\Mid-Calf\AIGLE Kids\8101819.513.jpg,8101819.513.jpg,Boots,Mid-Calf,AIGLE Kids
images\ut-zap50k\Boots\Mid-Calf\Minnetonka\7210760.106.jpg,7210760.106.jpg,Boots,Mid-Calf,Minnetonka
images\ut-zap50k\Boots\Knee High\Sam Edelman\8039718.718.jpg,8039718.718.jpg,Boots,Knee High,Sam Edelman
images\ut-zap50k\Shoes\Heels\Vidorreta\8025886.3.jpg,8025886.3.jpg,Shoes,Heels,Vidorreta
images\ut-zap50k\Shoes\Heels\KORS Michael Kors\7646714.89.jpg,7646714.89.jpg,Shoes,Heels,KORS Michael Kors
images\ut-zap50k\Shoes\Sneakers and Athletic Shoes\adidas Originals Kids\7539709.261524.jpg,7539709.261524.jpg,Shoes,Sneakers and Athletic Shoes,adidas Originals Kids
images\ut-zap50k\Sandals\Flat\Clarks\8079981.3.jpg,8079981.3.jpg,Sandals,Flat,Clarks
images\ut-zap50k\Shoes\Heels\Gabriella Rocha\7765186.585.jpg,7765186.585.jpg,Shoes,Heels,Gabriella Rocha
images\ut-zap50k\Shoes\Sneakers and Athletic Shoes\SeaVees\8001167.364241.jpg,8001167.364241.jpg,Shoes,Sneakers and Athletic Shoes,SeaVees
images\ut-zap50k\Sandals\Flat\Belle by Sigerson Morrison\8089624.535.jpg,8089624.535.jpg,Sandals,Flat,Belle by Sigerson Morrison
images\ut-zap50k\Shoes\Sneakers and Athletic Shoes\Vasque\7604314.303064.jpg,7604314.303064.jpg,Shoes,Sneakers and Athletic Shoes,Vasque
images\ut-zap50k\Shoes\Heels\Pelle Moda\8069902.6084.jpg,8069902.6084.jpg,Shoes,Heels,Pelle Moda
images\ut-zap50k\Shoes\Loafers\Cobb Hill\8073139.1868.jpg,8073139.1868.jpg,Shoes,Loafers,Cobb Hill
images\ut-zap50k\Shoes\Heels\Marc by Marc Jacobs\7973982.2500.jpg,7973982.2500.jpg,Shoes,Heels,Marc by Marc Jacobs
images\ut-zap50k\Shoes\Loafers\Patricia Green\8113653.275.jpg,8113653.275.jpg,Shoes,Loafers,Patricia Green
images\ut-zap50k\Boots\Mid-Calf\GUESS Kids'\8011257.95675.jpg,8011257.95675.jpg,Boots,Mid-Calf,GUESS Kids'
images\ut-zap50k\Boots\Ankle\Franco Sarto\8044722.377510.jpg,8044722.377510.jpg,Boots,Ankle,Franco Sarto
images\ut-zap50k\Shoes\Loafers\Minnetonka\105436.2016.jpg,105436.2016.jpg,Shoes,Loafers,Minnetonka
images\ut-zap50k\Sandals\Flat\Stride Rite\8080784.2190.jpg,8080784.2190.jpg,Sandals,Flat,Stride Rite
images\ut-zap50k\Slippers\Slipper Flats\Keen Kids\7969030.167863.jpg,7969030.167863.jpg,Slippers,Slipper Flats,Keen Kids
images\ut-zap50k\Sandals\Flat\Kenneth Cole Reaction Kids\7552907.27304.jpg,7552907.27304.jpg,Sandals,Flat,Kenneth Cole Reaction Kids
images\ut-zap50k\Shoes\Sneakers and Athletic Shoes\SLVR\8030005.395162.jpg,8030005.395162.jpg,Shoes,Sneakers and Athletic Shoes,SLVR
images\ut-zap50k\Shoes\Sneakers and Athletic Shoes\Josef Seibel\7755924.309153.jpg,7755924.309153.jpg,Shoes,Sneakers and Athletic Shoes,Josef Seibel
images\ut-zap50k\Shoes\Oxfords\Naot Footwear\7990740.360879.jpg,7990740.360879.jpg,Shoes,Oxfords,Naot Footwear
images\ut-zap50k\Boots\Ankle\Livie & Luca\8047025.9.jpg,8047025.9.jpg,Boots,Ankle,Livie & Luca
images\ut-zap50k\Shoes\Flats\Jessica Simpson\8043224.1072.jpg,8043224.1072.jpg,Shoes,Flats,Jessica Simpson
images\ut-zap50k\Sandals\Flat\Birkenstock\7501920.3645.jpg,7501920.3645.jpg,Sandals,Flat,Birkenstock
images\ut-zap50k\Sandals\Flat\Steve Madden\8081051.385.jpg,8081051.385.jpg,Sandals,Flat,Steve Madden
images\ut-zap50k\Boots\Ankle\UGG\7842900.376805.jpg,7842900.376805.jpg,Boots,Ankle,UGG
images\ut-zap50k\Shoes\Oxfords\Mephisto\8015458.368139.jpg,8015458.368139.jpg,Shoes,Oxfords,Mephisto
images\ut-zap50k\Boots\Ankle\Crocs Kids\7997272.183092.jpg,7997272.183092.jpg,Boots,Ankle,Crocs Kids
images\ut-zap50k\Shoes\Boat Shoes\Sperry Top-Sider\7212450.303655.jpg,7212450.303655.jpg,Shoes,Boat Shoes,Sperry Top-Sider
images\ut-zap50k\Boots\Knee High\Clarks\7993777.328.jpg,7993777.328.jpg,Boots,Knee High,Clarks
images\ut-zap50k\Boots\Ankle\John Varvatos\7458003.17498.jpg,7458003.17498.jpg,Boots,Ankle,John Varvatos
images\ut-zap50k\Sandals\Flat\Bottega Veneta\7953245.70087.jpg,7953245.70087.jpg,Sandals,Flat,Bottega Veneta
images\ut-zap50k\Shoes\Firstwalker\Venettini Kids\8039907.376200.jpg,8039907.376200.jpg,Shoes,Firstwalker,Venettini Kids
images\ut-zap50k\Slippers\Slipper Flats\UGG\7204984.291.jpg,7204984.291.jpg,Slippers,Slipper Flats,UGG
images\ut-zap50k\Shoes\Sneakers and Athletic Shoes\Lacoste\8014047.3.jpg,8014047.3.jpg,Shoes,Sneakers and Athletic Shoes,Lacoste
images\ut-zap50k\Shoes\Loafers\W.A.G\8037626.401.jpg,8037626.401.jpg,Shoes,Loafers,W.A.G
images\ut-zap50k\Shoes\Oxfords\Bass\7616146.372725.jpg,7616146.372725.jpg,Shoes,Oxfords,Bass
images\ut-zap50k\Shoes\Flats\Gentle Souls\7834962.3407.jpg,7834962.3407.jpg,Shoes,Flats,Gentle Souls
images\ut-zap50k\Boots\Ankle\Diesel\8002259.49186.jpg,8002259.49186.jpg,Boots,Ankle,Diesel
images\ut-zap50k\Shoes\Oxfords\Propet\7361853.72.jpg,7361853.72.jpg,Shoes,Oxfords,Propet
images\ut-zap50k\Shoes\Heels\Call it SPRING\8067427.267345.jpg,8067427.267345.jpg,Shoes,Heels,Call it SPRING
images\ut-zap50k\Boots\Knee High\Nine West\8051163.72.jpg,8051163.72.jpg,Boots,Knee High,Nine West
images\ut-zap50k\Boots\Mid-Calf\Columbia Kids\7964633.350319.jpg,7964633.350319.jpg,Boots,Mid-Calf,Columbia Kids
images\ut-zap50k\Shoes\Heels\Stuart Weitzman\7881053.331462.jpg,7881053.331462.jpg,Shoes,Heels,Stuart Weitzman
images\ut-zap50k\Shoes\Boat Shoes\Pablosky Kids\7927190.401.jpg,7927190.401.jpg,Shoes,Boat Shoes,Pablosky Kids
images\ut-zap50k\Sandals\Flat\SoftWalk\8080497.272457.jpg,8080497.272457.jpg,Sandals,Flat,SoftWalk
images\ut-zap50k\Sandals\Flat\Naot Footwear\7901606.171829.jpg,7901606.171829.jpg,Sandals,Flat,Naot Footwear
images\ut-zap50k\Shoes\Heels\Munro American\8030443.72.jpg,8030443.72.jpg,Shoes,Heels,Munro American
images\ut-zap50k\Shoes\Flats\Penny Loves Kenny\8076680.3.jpg,8076680.3.jpg,Shoes,Flats,Penny Loves Kenny
images\ut-zap50k\Boots\Ankle\Sorel\7797698.3.jpg,7797698.3.jpg,Boots,Ankle,Sorel
images\ut-zap50k\Sandals\Flat\Sbicca\7990221.19.jpg,7990221.19.jpg,Sandals,Flat,Sbicca
images\ut-zap50k\Shoes\Heels\Jambu\7809229.403022.jpg,7809229.403022.jpg,Shoes,Heels,Jambu
images\ut-zap50k\Shoes\Heels\Nine West\8112996.1745.jpg,8112996.1745.jpg,Shoes,Heels,Nine West
images\ut-zap50k\Boots\Ankle\Frye\7579914.61900.jpg,7579914.61900.jpg,Boots,Ankle,Frye
images\ut-zap50k\Shoes\Clogs and Mules\Crocs\7386953.183092.jpg,7386953.183092.jpg,Shoes,Clogs and Mules,Crocs
images\ut-zap50k\Shoes\Loafers\Johnston & Murphy\7996806.2838.jpg,7996806.2838.jpg,Shoes,Loafers,Johnston & Murphy
images\ut-zap50k\Shoes\Heels\Calvin Klein\7534148.72.jpg,7534148.72.jpg,Shoes,Heels,Calvin Klein
images\ut-zap50k\Shoes\Loafers\ALDO\8100240.3.jpg,8100240.3.jpg,Shoes,Loafers,ALDO
images\ut-zap50k\Shoes\Oxfords\Florsheim\109018.2898.jpg,109018.2898.jpg,Shoes,Oxfords,Florsheim
images\ut-zap50k\Shoes\Sneakers and Athletic Shoes\Nike\7756254.119672.jpg,7756254.119672.jpg,Shoes,Sneakers and Athletic Shoes,Nike
images\ut-zap50k\Boots\Ankle\Lugz\7262354.72.jpg,7262354.72.jpg,Boots,Ankle,Lugz
images\ut-zap50k\Shoes\Sneakers and Athletic Shoes\Steve Madden\8081046.486.jpg,8081046.486.jpg,Shoes,Sneakers and Athletic Shoes,Steve Madden
images\ut-zap50k\Shoes\Heels\Dirty Laundry\8043324.714.jpg,8043324.714.jpg,Shoes,Heels,Dirty Laundry
images\ut-zap50k\Shoes\Sneakers and Athletic Shoes\Nike\7525601.386138.jpg,7525601.386138.jpg,Shoes,Sneakers and Athletic Shoes,Nike
images\ut-zap50k\Boots\Ankle\Sam Edelman\8049095.379017.jpg,8049095.379017.jpg,Boots,Ankle,Sam Edelman
images\ut-zap50k\Sandals\Flat\OluKai\7608145.150930.jpg,7608145.150930.jpg,Sandals,Flat,OluKai
images\ut-zap50k\Boots\Ankle\VOLATILE\8106276.3.jpg,8106276.3.jpg,Boots,Ankle,VOLATILE
images\ut-zap50k\Boots\Ankle\Cordani\8062390.158.jpg,8062390.158.jpg,Boots,Ankle,Cordani
images\ut-zap50k\Shoes\Sneakers and Athletic Shoes\SKECHERS\8000603.3691.jpg,8000603.3691.jpg,Shoes,Sneakers and Athletic Shoes,SKECHERS
images\ut-zap50k\Shoes\Sneakers and Athletic Shoes\Speedo\7913634.160147.jpg,7913634.160147.jpg,Shoes,Sneakers and Athletic Shoes,Speedo
images\ut-zap50k\Shoes\Prewalker\Elephantito\7764228.18.jpg,7764228.18.jpg,Shoes,Prewalker,Elephantito
images\ut-zap50k\Boots\Ankle\Rieker\7658717.23089.jpg,7658717.23089.jpg,Boots,Ankle,Rieker
images\ut-zap50k\Sandals\Flat\Anne Klein\7428768.90782.jpg,7428768.90782.jpg,Sandals,Flat,Anne Klein
images\ut-zap50k\Shoes\Loafers\Minnetonka\8005398.231.jpg,8005398.231.jpg,Shoes,Loafers,Minnetonka
images\ut-zap50k\Boots\Ankle\Michael Antonio\8067453.529.jpg,8067453.529.jpg,Boots,Ankle,Michael Antonio
images\ut-zap50k\Boots\Mid-Calf\Frye\7248349.275.jpg,7248349.275.jpg,Boots,Mid-Calf,Frye
images\ut-zap50k\Boots\Ankle\UGG Kids\8045297.28146.jpg,8045297.28146.jpg,Boots,Ankle,UGG Kids
images\ut-zap50k\Sandals\Flat\Michael Antonio\7763764.521.jpg,7763764.521.jpg,Sandals,Flat,Michael Antonio
images\ut-zap50k\Boots\Mid-Calf\Harley-Davidson\8009051.6.jpg,8009051.6.jpg,Boots,Mid-Calf,Harley-Davidson
images\ut-zap50k\Shoes\Loafers\Rockport\8085450.103.jpg,8085450.103.jpg,Shoes,Loafers,Rockport
images\ut-zap50k\Shoes\Sneakers and Athletic Shoes\Merrell\7718407.60343.jpg,7718407.60343.jpg,Shoes,Sneakers and Athletic Shoes,Merrell
images\ut-zap50k\Shoes\Sneakers and Athletic Shoes\Stride Rite\8080493.559.jpg,8080493.559.jpg,Shoes,Sneakers and Athletic Shoes,Stride Rite
images\ut-zap50k\Shoes\Heels\Anne Klein\7700491.64093.jpg,7700491.64093.jpg,Shoes,Heels,Anne Klein
images\ut-zap50k\Shoes\Oxfords\Dr. Martens\7348547.31237.jpg,7348547.31237.jpg,Shoes,Oxfords,Dr. Martens
images\ut-zap50k\Shoes\Heels\rsvp\7936378.3039.jpg,7936378.3039.jpg,Shoes,Heels,rsvp
images\ut-zap50k\Shoes\Sneakers and Athletic Shoes\Saucony Kids\7992552.361570.jpg,7992552.361570.jpg,Shoes,Sneakers and Athletic Shoes,Saucony Kids
images\ut-zap50k\Shoes\Heels\BCBGeneration\8080600.356522.jpg,8080600.356522.jpg,Shoes,Heels,BCBGeneration
images\ut-zap50k\Slippers\Slipper Flats\Ragg Kids\8031409.36206.jpg,8031409.36206.jpg,Slippers,Slipper Flats,Ragg Kids
images\ut-zap50k\Boots\Ankle\Generic Surplus\7998129.72.jpg,7998129.72.jpg,Boots,Ankle,Generic Surplus
images\ut-zap50k\Shoes\Sneakers and Athletic Shoes\Nike\7964216.367058.jpg,7964216.367058.jpg,Shoes,Sneakers and Athletic Shoes,Nike
images\ut-zap50k\Shoes\Loafers\Magnanni\8033895.6.jpg,8033895.6.jpg,Shoes,Loafers,Magnanni
images\ut-zap50k\Shoes\Sneakers and Athletic Shoes\Bloch\7966724.574.jpg,7966724.574.jpg,Shoes,Sneakers and Athletic Shoes,Bloch
images\ut-zap50k\Shoes\Sneakers and Athletic Shoes\Columbia\8056604.41068.jpg,8056604.41068.jpg,Shoes,Sneakers and Athletic Shoes,Columbia
images\ut-zap50k\Sandals\Flat\SoftWalk\7600799.207875.jpg,7600799.207875.jpg,Sandals,Flat,SoftWalk
images\ut-zap50k\Shoes\Loafers\Trotters\7601148.221593.jpg,7601148.221593.jpg,Shoes,Loafers,Trotters
images\ut-zap50k\Boots\Ankle\ECCO\7770826.47704.jpg,7770826.47704.jpg,Boots,Ankle,ECCO
images\ut-zap50k\Shoes\Sneakers and Athletic Shoes\Nike\7964003.366985.jpg,7964003.366985.jpg,Shoes,Sneakers and Athletic Shoes,Nike
images\ut-zap50k\Boots\Mid-Calf\UGG Kids\8045303.401.jpg,8045303.401.jpg,Boots,Mid-Calf,UGG Kids
images\ut-zap50k\Boots\Ankle\Timberland\7136724.20459.jpg,7136724.20459.jpg,Boots,Ankle,Timberland
images\ut-zap50k\Sandals\Flat\Bottega Veneta\8059594.383114.jpg,8059594.383114.jpg,Sandals,Flat,Bottega Veneta
images\ut-zap50k\Shoes\Sneakers and Athletic Shoes\Merrell\8075187.102702.jpg,8075187.102702.jpg,Shoes,Sneakers and Athletic Shoes,Merrell
images\ut-zap50k\Slippers\Slipper Flats\OluKai\7978391.356632.jpg,7978391.356632.jpg,Slippers,Slipper Flats,OluKai
images\ut-zap50k\Boots\Mid-Calf\Baffin\7999220.18.jpg,7999220.18.jpg,Boots,Mid-Calf,Baffin
images\ut-zap50k\Shoes\Loafers\Sanuk\7358688.1151.jpg,7358688.1151.jpg,Shoes,Loafers,Sanuk
images\ut-zap50k\Shoes\Clogs and Mules\UGG\7655286.110023.jpg,7655286.110023.jpg,Shoes,Clogs and Mules,UGG
images\ut-zap50k\Shoes\Boat Shoes\Sperry Top-Sider\8052379.677.jpg,8052379.677.jpg,Shoes,Boat Shoes,Sperry Top-Sider
images\ut-zap50k\Shoes\Flats\Umi Kids\7993573.552.jpg,7993573.552.jpg,Shoes,Flats,Umi Kids
images\ut-zap50k\Shoes\Heels\Me Too\8111450.234145.jpg,8111450.234145.jpg,Shoes,Heels,Me Too
images\ut-zap50k\Shoes\Sneakers and Athletic Shoes\SKECHERS\7955099.8837.jpg,7955099.8837.jpg,Shoes,Sneakers and Athletic Shoes,SKECHERS
images\ut-zap50k\Shoes\Sneakers and Athletic Shoes\Chaco\7982988.35888.jpg,7982988.35888.jpg,Shoes,Sneakers and Athletic Shoes,Chaco
images\ut-zap50k\Shoes\Loafers\Annie\7230629.138545.jpg,7230629.138545.jpg,Shoes,Loafers,Annie
images\ut-zap50k\Shoes\Boat Shoes\Sperry Top-Sider\7796528.292073.jpg,7796528.292073.jpg,Shoes,Boat Shoes,Sperry Top-Sider
images\ut-zap50k\Shoes\Sneakers and Athletic Shoes\New Balance\8040813.409.jpg,8040813.409.jpg,Shoes,Sneakers and Athletic Shoes,New Balance
images\ut-zap50k\Shoes\Sneakers and Athletic Shoes\Diadora\7728402.8789.jpg,7728402.8789.jpg,Shoes,Sneakers and Athletic Shoes,Diadora
images\ut-zap50k\Shoes\Flats\FootMates\7523037.103.jpg,7523037.103.jpg,Shoes,Flats,FootMates
images\ut-zap50k\Sandals\Flat\Burberry\8039405.521.jpg,8039405.521.jpg,Sandals,Flat,Burberry
images\ut-zap50k\Shoes\Sneakers and Athletic Shoes\etnies\8018928.3.jpg,8018928.3.jpg,Shoes,Sneakers and Athletic Shoes,etnies
images\ut-zap50k\Boots\Mid-Calf\Bogs\7987522.3.jpg,7987522.3.jpg,Boots,Mid-Calf,Bogs
images\ut-zap50k\Boots\Mid-Calf\The North Face\7784990.183092.jpg,7784990.183092.jpg,Boots,Mid-Calf,The North Face
images\ut-zap50k\Boots\Ankle\Circa Joan & David\8027016.343.jpg,8027016.343.jpg,Boots,Ankle,Circa Joan & David
images\ut-zap50k\Shoes\Sneakers and Athletic Shoes\Cole Haan\7746510.3.jpg,7746510.3.jpg,Shoes,Sneakers and Athletic Shoes,Cole Haan
images\ut-zap50k\Shoes\Sneakers and Athletic Shoes\PUMA\7764653.2446.jpg,7764653.2446.jpg,Shoes,Sneakers and Athletic Shoes,PUMA
images\ut-zap50k\Shoes\Sneakers and Athletic Shoes\Primigi Kids\8031659.9.jpg,8031659.9.jpg,Shoes,Sneakers and Athletic Shoes,Primigi Kids
images\ut-zap50k\Sandals\Flat\Vivanz\8013625.43.jpg,8013625.43.jpg,Sandals,Flat,Vivanz
images\ut-zap50k\Shoes\Heels\Betsey Johnson for The Cool People\8053857.385.jpg,8053857.385.jpg,Shoes,Heels,Betsey Johnson for The Cool People
images\ut-zap50k\Shoes\Sneakers and Athletic Shoes\Ipath\7987693.136870.jpg,7987693.136870.jpg,Shoes,Sneakers and Athletic Shoes,Ipath
images\ut-zap50k\Shoes\Oxfords\Stuart Weitzman\7976593.9609.jpg,7976593.9609.jpg,Shoes,Oxfords,Stuart Weitzman
images\ut-zap50k\Shoes\Sneakers and Athletic Shoes\New Balance Kids\8023705.245502.jpg,8023705.245502.jpg,Shoes,Sneakers and Athletic Shoes,New Balance Kids
images\ut-zap50k\Sandals\Flat\Teva\7593648.19519.jpg,7593648.19519.jpg,Sandals,Flat,Teva
images\ut-zap50k\Shoes\Flats\MIA Limited Edition\8038973.26191.jpg,8038973.26191.jpg,Shoes,Flats,MIA Limited Edition
images\ut-zap50k\Boots\Mid-Calf\Le Chameau\7866297.531.jpg,7866297.531.jpg,Boots,Mid-Calf,Le Chameau
images\ut-zap50k\Boots\Mid-Calf\GUESS Kids'\8011255.20647.jpg,8011255.20647.jpg,Boots,Mid-Calf,GUESS Kids'
images\ut-zap50k\Boots\Mid-Calf\Rachel Kids\8025438.89.jpg,8025438.89.jpg,Boots,Mid-Calf,Rachel Kids
images\ut-zap50k\Shoes\Oxfords\Cole Haan\7897833.54647.jpg,7897833.54647.jpg,Shoes,Oxfords,Cole Haan
images\ut-zap50k\Sandals\Flat\Mephisto\7775420.324941.jpg,7775420.324941.jpg,Sandals,Flat,Mephisto
images\ut-zap50k\Shoes\Clogs and Mules\Alegria\8102196.89.jpg,8102196.89.jpg,Shoes,Clogs and Mules,Alegria
images\ut-zap50k\Shoes\Firstwalker\Aster Kids\8017444.308680.jpg,8017444.308680.jpg,Shoes,Firstwalker,Aster Kids
images\ut-zap50k\Shoes\Heels\Anne Klein\8002121.72.jpg,8002121.72.jpg,Shoes,Heels,Anne Klein
images\ut-zap50k\Boots\Mid-Calf\Flojos\8016353.18.jpg,8016353.18.jpg,Boots,Mid-Calf,Flojos
images\ut-zap50k\Shoes\Flats\Rachel Zoe\8033114.528.jpg,8033114.528.jpg,Shoes,Flats,Rachel Zoe
images\ut-zap50k\Shoes\Heels\Bouquets\8024127.10369.jpg,8024127.10369.jpg,Shoes,Heels,Bouquets
images\ut-zap50k\Boots\Mid-Calf\adidas Kids\8070122.388236.jpg,8070122.388236.jpg,Boots,Mid-Calf,adidas Kids
images\ut-zap50k\Boots\Mid-Calf\Roxy\7983631.3005.jpg,7983631.3005.jpg,Boots,Mid-Calf,Roxy
images\ut-zap50k\Shoes\Sneakers and Athletic Shoes\Cushe\7883352.6.jpg,7883352.6.jpg,Shoes,Sneakers and Athletic Shoes,Cushe
images\ut-zap50k\Boots\Mid-Calf\Merrell\7813590.1430.jpg,7813590.1430.jpg,Boots,Mid-Calf,Merrell
images\ut-zap50k\Boots\Ankle\Robert Wayne\8027506.3.jpg,8027506.3.jpg,Boots,Ankle,Robert Wayne
images\ut-zap50k\Shoes\Sneakers and Athletic Shoes\Me Too Kids\8018168.632.jpg,8018168.632.jpg,Shoes,Sneakers and Athletic Shoes,Me Too Kids
images\ut-zap50k\Boots\Ankle\Wolverine\7615488.6.jpg,7615488.6.jpg,Boots,Ankle,Wolverine
images\ut-zap50k\Shoes\Sneakers and Athletic Shoes\Vans\7893430.151.jpg,7893430.151.jpg,Shoes,Sneakers and Athletic Shoes,Vans
images\ut-zap50k\Boots\Mid-Calf\Sporto\8029486.3.jpg,8029486.3.jpg,Boots,Mid-Calf,Sporto
images\ut-zap50k\Shoes\Sneakers and Athletic Shoes\Vans Kids\7977227.911.jpg,7977227.911.jpg,Shoes,Sneakers and Athletic Shoes,Vans Kids
images\ut-zap50k\Shoes\Loafers\Elephantito\7900299.366157.jpg,7900299.366157.jpg,Shoes,Loafers,Elephantito
images\ut-zap50k\Boots\Knee High\Loeffler Randall\8005187.3.jpg,8005187.3.jpg,Boots,Knee High,Loeffler Randall
images\ut-zap50k\Shoes\Sneakers and Athletic Shoes\Gola\7149880.7041.jpg,7149880.7041.jpg,Shoes,Sneakers and Athletic Shoes,Gola
images\ut-zap50k\Shoes\Sneakers and Athletic Shoes\PUMA\8014534.367868.jpg,8014534.367868.jpg,Shoes,Sneakers and Athletic Shoes,PUMA
images\ut-zap50k\Shoes\Oxfords\Marc Jacobs\7999402.580.jpg,7999402.580.jpg,Shoes,Oxfords,Marc Jacobs
images\ut-zap50k\Shoes\Sneakers and Athletic Shoes\Sanuk\7909924.401.jpg,7909924.401.jpg,Shoes,Sneakers and Athletic Shoes,Sanuk
images\ut-zap50k\Sandals\Flat\Sergio Rossi\7996948.363107.jpg,7996948.363107.jpg,Sandals,Flat,Sergio Rossi
images\ut-zap50k\Shoes\Sneakers and Athletic Shoes\EVOLV\7706117.605.jpg,7706117.605.jpg,Shoes,Sneakers and Athletic Shoes,EVOLV
images\ut-zap50k\Shoes\Sneakers and Athletic Shoes\PUMA\7991267.367764.jpg,7991267.367764.jpg,Shoes,Sneakers and Athletic Shoes,PUMA
images\ut-zap50k\Slippers\Slipper Flats\Calvin Klein\8116553.25454.jpg,8116553.25454.jpg,Slippers,Slipper Flats,Calvin Klein
images\ut-zap50k\Shoes\Flats\Keds Kids\7896859.9.jpg,7896859.9.jpg,Shoes,Flats,Keds Kids
images\ut-zap50k\Boots\Ankle\Columbia\7956905.347849.jpg,7956905.347849.jpg,Boots,Ankle,Columbia
images\ut-zap50k\Boots\Mid-Calf\Frye\8008957.366109.jpg,8008957.366109.jpg,Boots,Mid-Calf,Frye
images\ut-zap50k\Shoes\Clogs and Mules\White Mountain\8030839.9.jpg,8030839.9.jpg,Shoes,Clogs and Mules,White Mountain
images\ut-zap50k\Shoes\Loafers\Timberland Kids\7987876.325.jpg,7987876.325.jpg,Shoes,Loafers,Timberland Kids
images\ut-zap50k\Shoes\Sneakers and Athletic Shoes\adidas Running\7879249.356154.jpg,7879249.356154.jpg,Shoes,Sneakers and Athletic Shoes,adidas Running
images\ut-zap50k\Shoes\Oxfords\FootMates\7411594.21528.jpg,7411594.21528.jpg,Shoes,Oxfords,FootMates
images\ut-zap50k\Shoes\Loafers\Sperry Top-Sider\7796567.184651.jpg,7796567.184651.jpg,Shoes,Loafers,Sperry Top-Sider
images\ut-zap50k\Boots\Ankle\Frye\8062065.247339.jpg,8062065.247339.jpg,Boots,Ankle,Frye
images\ut-zap50k\Shoes\Loafers\Rockport\7810773.72.jpg,7810773.72.jpg,Shoes,Loafers,Rockport
images\ut-zap50k\Boots\Ankle\Frye\7603145.3.jpg,7603145.3.jpg,Boots,Ankle,Frye
images\ut-zap50k\Shoes\Clogs and Mules\Crocs\7835374.9.jpg,7835374.9.jpg,Shoes,Clogs and Mules,Crocs
images\ut-zap50k\Shoes\Sneakers and Athletic Shoes\ECCO Sport\7864804.43.jpg,7864804.43.jpg,Shoes,Sneakers and Athletic Shoes,ECCO Sport
images\ut-zap50k\Boots\Ankle\Clarks\7993243.84.jpg,7993243.84.jpg,Boots,Ankle,Clarks
images\ut-zap50k\Shoes\Oxfords\Frye\7715603.325.jpg,7715603.325.jpg,Shoes,Oxfords,Frye
images\ut-zap50k\Shoes\Loafers\Elephantito\7764221.6.jpg,7764221.6.jpg,Shoes,Loafers,Elephantito
images\ut-zap50k\Boots\Mid-Calf\Sorel Kids\7963138.983.jpg,7963138.983.jpg,Boots,Mid-Calf,Sorel Kids
images\ut-zap50k\Boots\Mid-Calf\Frye\7248365.238499.jpg,7248365.238499.jpg,Boots,Mid-Calf,Frye
images\ut-zap50k\Boots\Knee High\Matiko\8084001.3.jpg,8084001.3.jpg,Boots,Knee High,Matiko
images\ut-zap50k\Shoes\Sneakers and Athletic Shoes\The North Face\7719425.363845.jpg,7719425.363845.jpg,Shoes,Sneakers and Athletic Shoes,The North Face
images\ut-zap50k\Shoes\Flats\pediped\7998043.3.jpg,7998043.3.jpg,Shoes,Flats,pediped
images\ut-zap50k\Shoes\Sneakers and Athletic Shoes\New Balance Classics\7373683.168018.jpg,7373683.168018.jpg,Shoes,Sneakers and Athletic Shoes,New Balance Classics
images\ut-zap50k\Sandals\Flat\Reef Kids\7882244.1415.jpg,7882244.1415.jpg,Sandals,Flat,Reef Kids
images\ut-zap50k\Shoes\Oxfords\Clarks\7769519.1375.jpg,7769519.1375.jpg,Shoes,Oxfords,Clarks
images\ut-zap50k\Boots\Knee High\Donald J Pliner\8018157.5540.jpg,8018157.5540.jpg,Boots,Knee High,Donald J Pliner
images\ut-zap50k\Shoes\Sneakers and Athletic Shoes\Primigi Kids\8020521.3.jpg,8020521.3.jpg,Shoes,Sneakers and Athletic Shoes,Primigi Kids
images\ut-zap50k\Shoes\Loafers\Florsheim\104025.1285.jpg,104025.1285.jpg,Shoes,Loafers,Florsheim
images\ut-zap50k\Shoes\Sneakers and Athletic Shoes\Onitsuka Tiger by Asics\7792384.151.jpg,7792384.151.jpg,Shoes,Sneakers and Athletic Shoes,Onitsuka Tiger by Asics
images\ut-zap50k\Shoes\Sneakers and Athletic Shoes\Creative Recreation Kids\8036516.20451.jpg,8036516.20451.jpg,Shoes,Sneakers and Athletic Shoes,Creative Recreation Kids
images\ut-zap50k\Shoes\Sneakers and Athletic Shoes\Reebok Kids\7979349.356892.jpg,7979349.356892.jpg,Shoes,Sneakers and Athletic Shoes,Reebok Kids
images\ut-zap50k\Shoes\Heels\Calvin Klein Collection\7973148.4460.jpg,7973148.4460.jpg,Shoes,Heels,Calvin Klein Collection
images\ut-zap50k\Boots\Ankle\Stuart Weitzman\7977956.39286.jpg,7977956.39286.jpg,Boots,Ankle,Stuart Weitzman
images\ut-zap50k\Boots\Mid-Calf\AIGLE\8113203.42409.jpg,8113203.42409.jpg,Boots,Mid-Calf,AIGLE
images\ut-zap50k\Shoes\Loafers\Spring Step\8034806.386332.jpg,8034806.386332.jpg,Shoes,Loafers,Spring Step
images\ut-zap50k\Shoes\Flats\Tommy Hilfiger Kids\8047607.3098.jpg,8047607.3098.jpg,Shoes,Flats,Tommy Hilfiger Kids
images\ut-zap50k\Shoes\Sneakers and Athletic Shoes\Nike\7925413.353151.jpg,7925413.353151.jpg,Shoes,Sneakers and Athletic Shoes,Nike
images\ut-zap50k\Shoes\Clogs and Mules\Spring Step\7980009.14.jpg,7980009.14.jpg,Shoes,Clogs and Mules,Spring Step
images\ut-zap50k\Boots\Ankle\Cole Haan\7993561.3.jpg,7993561.3.jpg,Boots,Ankle,Cole Haan
images\ut-zap50k\Shoes\Heels\Big Buddha\8047082.20704.jpg,8047082.20704.jpg,Shoes,Heels,Big Buddha
images\ut-zap50k\Boots\Ankle\Eric Michael\7486451.687.jpg,7486451.687.jpg,Boots,Ankle,Eric Michael
images\ut-zap50k\Shoes\Flats\Frye\7970521.248971.jpg,7970521.248971.jpg,Shoes,Flats,Frye
images\ut-zap50k\Shoes\Loafers\Kenneth Cole New York\8084580.6.jpg,8084580.6.jpg,Shoes,Loafers,Kenneth Cole New York
images\ut-zap50k\Sandals\Flat\Dyeables\7943978.298123.jpg,7943978.298123.jpg,Sandals,Flat,Dyeables
images\ut-zap50k\Sandals\Flat\Proenza Schouler\7841534.5291.jpg,7841534.5291.jpg,Sandals,Flat,Proenza Schouler
images\ut-zap50k\Sandals\Flat\Clarks\7892338.3229.jpg,7892338.3229.jpg,Sandals,Flat,Clarks
images\ut-zap50k\Shoes\Flats\Stuart Weitzman\7977997.20436.jpg,7977997.20436.jpg,Shoes,Flats,Stuart Weitzman
images\ut-zap50k\Shoes\Sneakers and Athletic Shoes\Globe\7559627.359577.jpg,7559627.359577.jpg,Shoes,Sneakers and Athletic Shoes,Globe
images\ut-zap50k\Boots\Mid-Calf\Hunter Kids\8009566.17662.jpg,8009566.17662.jpg,Boots,Mid-Calf,Hunter Kids
images\ut-zap50k\Shoes\Sneakers and Athletic Shoes\ASICS\7976191.355562.jpg,7976191.355562.jpg,Shoes,Sneakers and Athletic Shoes,ASICS
images\ut-zap50k\Shoes\Flats\Sam Edelman\7874781.393125.jpg,7874781.393125.jpg,Shoes,Flats,Sam Edelman
images\ut-zap50k\Boots\Ankle\Pink & Pepper\8132060.19.jpg,8132060.19.jpg,Boots,Ankle,Pink & Pepper
images\ut-zap50k\Shoes\Heels\Fitzwell\8068063.106.jpg,8068063.106.jpg,Shoes,Heels,Fitzwell
images\ut-zap50k\Boots\Mid-Calf\Khombu\8003617.20.jpg,8003617.20.jpg,Boots,Mid-Calf,Khombu
images\ut-zap50k\Shoes\Oxfords\VOLATILE\8032090.685.jpg,8032090.685.jpg,Shoes,Oxfords,VOLATILE
images\ut-zap50k\Shoes\Sneakers and Athletic Shoes\adidas Originals\7289976.390390.jpg,7289976.390390.jpg,Shoes,Sneakers and Athletic Shoes,adidas Originals
images\ut-zap50k\Shoes\Sneakers and Athletic Shoes\Keen Kids\7801442.294676.jpg,7801442.294676.jpg,Shoes,Sneakers and Athletic Shoes,Keen Kids
images\ut-zap50k\Shoes\Oxfords\Eastland\7295954.72.jpg,7295954.72.jpg,Shoes,Oxfords,Eastland
images\ut-zap50k\Boots\Ankle\adidas Outdoor\7983348.358224.jpg,7983348.358224.jpg,Boots,Ankle,adidas Outdoor
images\ut-zap50k\Boots\Mid-Calf\Bates Riding Collection\8035427.6.jpg,8035427.6.jpg,Boots,Mid-Calf,Bates Riding Collection
images\ut-zap50k\Boots\Mid-Calf\EMU Australia Kids\7651878.275.jpg,7651878.275.jpg,Boots,Mid-Calf,EMU Australia Kids
images\ut-zap50k\Shoes\Sneakers and Athletic Shoes\adidas\7976215.37647.jpg,7976215.37647.jpg,Shoes,Sneakers and Athletic Shoes,adidas
images\ut-zap50k\Boots\Knee High\UGG\7839341.171729.jpg,7839341.171729.jpg,Boots,Knee High,UGG
images\ut-zap50k\Shoes\Loafers\Hush Puppies\7204862.72.jpg,7204862.72.jpg,Shoes,Loafers,Hush Puppies
images\ut-zap50k\Boots\Mid-Calf\Blowfish\8043805.354486.jpg,8043805.354486.jpg,Boots,Mid-Calf,Blowfish
images\ut-zap50k\Shoes\Sneakers and Athletic Shoes\ASICS\7976434.380771.jpg,7976434.380771.jpg,Shoes,Sneakers and Athletic Shoes,ASICS
images\ut-zap50k\Boots\Ankle\Zamberlan\7526391.191967.jpg,7526391.191967.jpg,Boots,Ankle,Zamberlan
images\ut-zap50k\Boots\Ankle\Trotters\7612626.621.jpg,7612626.621.jpg,Boots,Ankle,Trotters
images\ut-zap50k\Shoes\Sneakers and Athletic Shoes\Saucony\7645156.259073.jpg,7645156.259073.jpg,Shoes,Sneakers and Athletic Shoes,Saucony
images\ut-zap50k\Shoes\Boat Shoes\Ben Sherman\7963549.3.jpg,7963549.3.jpg,Shoes,Boat Shoes,Ben Sherman
images\ut-zap50k\Sandals\Flat\KORS Michael Kors\8000878.369306.jpg,8000878.369306.jpg,Sandals,Flat,KORS Michael Kors
images\ut-zap50k\Boots\Knee High\Frye\7792015.251653.jpg,7792015.251653.jpg,Boots,Knee High,Frye
images\ut-zap50k\Shoes\Flats\Wolky\7934822.341029.jpg,7934822.341029.jpg,Shoes,Flats,Wolky
images\ut-zap50k\Shoes\Loafers\Nine West\8113664.61780.jpg,8113664.61780.jpg,Shoes,Loafers,Nine West
images\ut-zap50k\Shoes\Sneakers and Athletic Shoes\SeaVees\7783095.379802.jpg,7783095.379802.jpg,Shoes,Sneakers and Athletic Shoes,SeaVees
images\ut-zap50k\Boots\Mid-Calf\Durango\7991836.4045.jpg,7991836.4045.jpg,Boots,Mid-Calf,Durango
images\ut-zap50k\Shoes\Flats\Sperry Top-Sider\8003769.380174.jpg,8003769.380174.jpg,Shoes,Flats,Sperry Top-Sider
images\ut-zap50k\Boots\Mid-Calf\UGG\7654958.3578.jpg,7654958.3578.jpg,Boots,Mid-Calf,UGG
images\ut-zap50k\Sandals\Flat\Burberry\7980154.3.jpg,7980154.3.jpg,Sandals,Flat,Burberry
images\ut-zap50k\Shoes\Sneakers and Athletic Shoes\Keen Kids\7801398.32063.jpg,7801398.32063.jpg,Shoes,Sneakers and Athletic Shoes,Keen Kids
images\ut-zap50k\Shoes\Clogs and Mules\Wolky\7849440.6.jpg,7849440.6.jpg,Shoes,Clogs and Mules,Wolky
images\ut-zap50k\Shoes\Heels\Nine West\7777410.402589.jpg,7777410.402589.jpg,Shoes,Heels,Nine West
images\ut-zap50k\Shoes\Flats\Kate Spade New York\8063918.217895.jpg,8063918.217895.jpg,Shoes,Flats,Kate Spade New York
images\ut-zap50k\Shoes\Heels\Joan & David\7947273.106.jpg,7947273.106.jpg,Shoes,Heels,Joan & David
images\ut-zap50k\Shoes\Heels\Fidji\8031421.3.jpg,8031421.3.jpg,Shoes,Heels,Fidji
images\ut-zap50k\Boots\Knee High\Stuart Weitzman\7541700.6846.jpg,7541700.6846.jpg,Boots,Knee High,Stuart Weitzman
images\ut-zap50k\Shoes\Sneakers and Athletic Shoes\Mizuno\7896405.144.jpg,7896405.144.jpg,Shoes,Sneakers and Athletic Shoes,Mizuno
images\ut-zap50k\Shoes\Sneakers and Athletic Shoes\Puma Kids\7980432.357314.jpg,7980432.357314.jpg,Shoes,Sneakers and Athletic Shoes,Puma Kids
images\ut-zap50k\Shoes\Heels\J. Renee\7589392.216241.jpg,7589392.216241.jpg,Shoes,Heels,J. Renee
images\ut-zap50k\Shoes\Flats\KORS Michael Kors\7713254.289822.jpg,7713254.289822.jpg,Shoes,Flats,KORS Michael Kors
images\ut-zap50k\Boots\Ankle\Dr. Martens\7299333.31237.jpg,7299333.31237.jpg,Boots,Ankle,Dr. Martens
images\ut-zap50k\Sandals\Flat\Cole Haan\7965095.208905.jpg,7965095.208905.jpg,Sandals,Flat,Cole Haan
images\ut-zap50k\Shoes\Loafers\Sperry Top-Sider\7801380.179560.jpg,7801380.179560.jpg,Shoes,Loafers,Sperry Top-Sider
images\ut-zap50k\Boots\Knee High\Naot Footwear\7563151.164450.jpg,7563151.164450.jpg,Boots,Knee High,Naot Footwear
images\ut-zap50k\Shoes\Flats\Fitzwell\8100126.7351.jpg,8100126.7351.jpg,Shoes,Flats,Fitzwell
images\ut-zap50k\Boots\Ankle\UGG Kids\8125994.407643.jpg,8125994.407643.jpg,Boots,Ankle,UGG Kids
images\ut-zap50k\Sandals\Flat\Sanuk\7909886.3.jpg,7909886.3.jpg,Sandals,Flat,Sanuk
images\ut-zap50k\Shoes\Sneakers and Athletic Shoes\Altra Zero Drop Footwear\8124962.3614.jpg,8124962.3614.jpg,Shoes,Sneakers and Athletic Shoes,Altra Zero Drop Footwear
images\ut-zap50k\Shoes\Clogs and Mules\Crocs Kids\7758710.764.jpg,7758710.764.jpg,Shoes,Clogs and Mules,Crocs Kids
images\ut-zap50k\Shoes\Sneakers and Athletic Shoes\KangaROOS\7863073.585.jpg,7863073.585.jpg,Shoes,Sneakers and Athletic Shoes,KangaROOS
images\ut-zap50k\Shoes\Heels\David Tate\7380633.185533.jpg,7380633.185533.jpg,Shoes,Heels,David Tate
images\ut-zap50k\Shoes\Loafers\Anne Klein\8107634.591.jpg,8107634.591.jpg,Shoes,Loafers,Anne Klein
images\ut-zap50k\Shoes\Heels\Franco Sarto\8090613.2992.jpg,8090613.2992.jpg,Shoes,Heels,Franco Sarto
images\ut-zap50k\Shoes\Sneakers and Athletic Shoes\New Balance Kids\7765867.755.jpg,7765867.755.jpg,Shoes,Sneakers and Athletic Shoes,New Balance Kids
images\ut-zap50k\Shoes\Flats\Gentle Souls\7676998.3.jpg,7676998.3.jpg,Shoes,Flats,Gentle Souls
images\ut-zap50k\Sandals\Flat\Kate Spade New York\8064059.14429.jpg,8064059.14429.jpg,Sandals,Flat,Kate Spade New York
images\ut-zap50k\Slippers\Slipper Flats\Acorn\7842993.29105.jpg,7842993.29105.jpg,Slippers,Slipper Flats,Acorn
images\ut-zap50k\Boots\Knee High\Kamik Kids\7816266.3.jpg,7816266.3.jpg,Boots,Knee High,Kamik Kids
images\ut-zap50k\Sandals\Flat\Reef\7725764.133653.jpg,7725764.133653.jpg,Sandals,Flat,Reef
images\ut-zap50k\Shoes\Clogs and Mules\La Canadienne\7343798.106.jpg,7343798.106.jpg,Shoes,Clogs and Mules,La Canadienne
images\ut-zap50k\Shoes\Flats\Lucky Brand\7786864.8175.jpg,7786864.8175.jpg,Shoes,Flats,Lucky Brand
images\ut-zap50k\Shoes\Sneakers and Athletic Shoes\Columbia\7956849.347807.jpg,7956849.347807.jpg,Shoes,Sneakers and Athletic Shoes,Columbia
images\ut-zap50k\Shoes\Sneakers and Athletic Shoes\SKECHERS\8081651.14.jpg,8081651.14.jpg,Shoes,Sneakers and Athletic Shoes,SKECHERS
images\ut-zap50k\Sandals\Flat\Kork-Ease\7728307.328613.jpg,7728307.328613.jpg,Sandals,Flat,Kork-Ease
images\ut-zap50k\Shoes\Heels\rsvp\8044119.77988.jpg,8044119.77988.jpg,Shoes,Heels,rsvp
images\ut-zap50k\Boots\Mid-Calf\SKECHERS\8078857.3.jpg,8078857.3.jpg,Boots,Mid-Calf,SKECHERS
images\ut-zap50k\Boots\Ankle\Truth or Dare By Madonna\8104734.400407.jpg,8104734.400407.jpg,Boots,Ankle,Truth or Dare By Madonna
images\ut-zap50k\Sandals\Flat\Diane Von Furstenberg\7967859.106.jpg,7967859.106.jpg,Sandals,Flat,Diane Von Furstenberg
images\ut-zap50k\Boots\Mid-Calf\Sporto\7291258.231.jpg,7291258.231.jpg,Boots,Mid-Calf,Sporto
images\ut-zap50k\Shoes\Flats\Walking Cradles\7684858.7511.jpg,7684858.7511.jpg,Shoes,Flats,Walking Cradles
images\ut-zap50k\Boots\Ankle\UGG Kids\8032548.385.jpg,8032548.385.jpg,Boots,Ankle,UGG Kids
images\ut-zap50k\Shoes\Sneakers and Athletic Shoes\Chaco Kids\7980523.96915.jpg,7980523.96915.jpg,Shoes,Sneakers and Athletic Shoes,Chaco Kids
images\ut-zap50k\Shoes\Sneakers and Athletic Shoes\UGG Kids\8032677.14492.jpg,8032677.14492.jpg,Shoes,Sneakers and Athletic Shoes,UGG Kids
images\ut-zap50k\Shoes\Loafers\Fratelli\8105500.3.jpg,8105500.3.jpg,Shoes,Loafers,Fratelli
images\ut-zap50k\Sandals\Flat\Sanuk\7209573.423.jpg,7209573.423.jpg,Sandals,Flat,Sanuk
images\ut-zap50k\Shoes\Sneakers and Athletic Shoes\Nike\8019039.369517.jpg,8019039.369517.jpg,Shoes,Sneakers and Athletic Shoes,Nike
images\ut-zap50k\Shoes\Loafers\Sperry Top-Sider\7570040.20.jpg,7570040.20.jpg,Shoes,Loafers,Sperry Top-Sider
images\ut-zap50k\Shoes\Flats\Stuart Weitzman\8092653.2403.jpg,8092653.2403.jpg,Shoes,Flats,Stuart Weitzman
images\ut-zap50k\Boots\Ankle\ECCO Sport\8005316.307.jpg,8005316.307.jpg,Boots,Ankle,ECCO Sport
images\ut-zap50k\Sandals\Flat\Annie\7308872.385.jpg,7308872.385.jpg,Sandals,Flat,Annie
images\ut-zap50k\Shoes\Sneakers and Athletic Shoes\Nike\7831843.237780.jpg,7831843.237780.jpg,Shoes,Sneakers and Athletic Shoes,Nike
images\ut-zap50k\Shoes\Sneakers and Athletic Shoes\adidas Originals Kids\7652831.268123.jpg,7652831.268123.jpg,Shoes,Sneakers and Athletic Shoes,adidas Originals Kids
images\ut-zap50k\Boots\Mid-Calf\The North Face Kids\7641708.235651.jpg,7641708.235651.jpg,Boots,Mid-Calf,The North Face Kids
images\ut-zap50k\Boots\Mid-Calf\Martino\8071350.5319.jpg,8071350.5319.jpg,Boots,Mid-Calf,Martino
images\ut-zap50k\Shoes\Oxfords\Lucky Brand\8108501.401317.jpg,8108501.401317.jpg,Shoes,Oxfords,Lucky Brand
images\ut-zap50k\Boots\Ankle\Hi-Tec\7674331.360039.jpg,7674331.360039.jpg,Boots,Ankle,Hi-Tec
images\ut-zap50k\Shoes\Sneakers and Athletic Shoes\PUMA\8058946.294986.jpg,8058946.294986.jpg,Shoes,Sneakers and Athletic Shoes,PUMA
images\ut-zap50k\Shoes\Heels\Clarks\7552912.492.jpg,7552912.492.jpg,Shoes,Heels,Clarks
images\ut-zap50k\Sandals\Flat\Sbicca\7990474.6.jpg,7990474.6.jpg,Sandals,Flat,Sbicca
images\ut-zap50k\Slippers\Slipper Flats\Ragg Kids\7847996.1334.jpg,7847996.1334.jpg,Slippers,Slipper Flats,Ragg Kids
images\ut-zap50k\Sandals\Flat\Seychelles\7958112.552.jpg,7958112.552.jpg,Sandals,Flat,Seychelles
images\ut-zap50k\Shoes\Flats\Kalso Earth\7820939.108664.jpg,7820939.108664.jpg,Shoes,Flats,Kalso Earth
images\ut-zap50k\Shoes\Sneakers and Athletic Shoes\Lacoste\8014100.742.jpg,8014100.742.jpg,Shoes,Sneakers and Athletic Shoes,Lacoste
images\ut-zap50k\Shoes\Sneakers and Athletic Shoes\New Balance\7977948.144.jpg,7977948.144.jpg,Shoes,Sneakers and Athletic Shoes,New Balance
images\ut-zap50k\Shoes\Clogs and Mules\Klogs USA\7619255.3.jpg,7619255.3.jpg,Shoes,Clogs and Mules,Klogs USA
images\ut-zap50k\Shoes\Sneakers and Athletic Shoes\New Balance Kids\7980019.143.jpg,7980019.143.jpg,Shoes,Sneakers and Athletic Shoes,New Balance Kids
images\ut-zap50k\Boots\Knee High\Donna Karan\7883002.322945.jpg,7883002.322945.jpg,Boots,Knee High,Donna Karan
images\ut-zap50k\Shoes\Sneakers and Athletic Shoes\PUMA\7891889.186726.jpg,7891889.186726.jpg,Shoes,Sneakers and Athletic Shoes,PUMA
images\ut-zap50k\Sandals\Flat\Diane Von Furstenberg\7591818.79864.jpg,7591818.79864.jpg,Sandals,Flat,Diane Von Furstenberg
images\ut-zap50k\Boots\Ankle\Kenneth Cole Reaction\8055257.429.jpg,8055257.429.jpg,Boots,Ankle,Kenneth Cole Reaction
images\ut-zap50k\Shoes\Loafers\Tommy Hilfiger\8092697.396873.jpg,8092697.396873.jpg,Shoes,Loafers,Tommy Hilfiger
images\ut-zap50k\Sandals\Flat\Havaianas\7579772.14.jpg,7579772.14.jpg,Sandals,Flat,Havaianas
images\ut-zap50k\Boots\Ankle\Frye\7970329.248957.jpg,7970329.248957.jpg,Boots,Ankle,Frye
images\ut-zap50k\Shoes\Loafers\Lacoste\8073361.585.jpg,8073361.585.jpg,Shoes,Loafers,Lacoste
images\ut-zap50k\Shoes\Flats\Merrell\7879592.346.jpg,7879592.346.jpg,Shoes,Flats,Merrell
images\ut-zap50k\Sandals\Flat\adidas\7976778.11637.jpg,7976778.11637.jpg,Sandals,Flat,adidas
images\ut-zap50k\Shoes\Boat Shoes\GBX\8037369.4854.jpg,8037369.4854.jpg,Shoes,Boat Shoes,GBX
images\ut-zap50k\Shoes\Oxfords\Robert Clergerie\8005948.374048.jpg,8005948.374048.jpg,Shoes,Oxfords,Robert Clergerie
images\ut-zap50k\Shoes\Clogs and Mules\Dansko\7894489.3.jpg,7894489.3.jpg,Shoes,Clogs and Mules,Dansko
images\ut-zap50k\Sandals\Flat\Sbicca\8108349.14.jpg,8108349.14.jpg,Sandals,Flat,Sbicca
images\ut-zap50k\Shoes\Sneakers and Athletic Shoes\Patagonia\7892195.326323.jpg,7892195.326323.jpg,Shoes,Sneakers and Athletic Shoes,Patagonia
images\ut-zap50k\Shoes\Flats\Anne Klein\8075961.36520.jpg,8075961.36520.jpg,Shoes,Flats,Anne Klein
images\ut-zap50k\Shoes\Sneakers and Athletic Shoes\SKECHERS Work\7568876.183092.jpg,7568876.183092.jpg,Shoes,Sneakers and Athletic Shoes,SKECHERS Work
images\ut-zap50k\Boots\Mid-Calf\Jumping Jacks Kids\7996076.2529.jpg,7996076.2529.jpg,Boots,Mid-Calf,Jumping Jacks Kids
images\ut-zap50k\Sandals\Flat\Havaianas\7539908.286279.jpg,7539908.286279.jpg,Sandals,Flat,Havaianas
images\ut-zap50k\Boots\Ankle\Sorel\7982293.3921.jpg,7982293.3921.jpg,Boots,Ankle,Sorel
images\ut-zap50k\Shoes\Sneakers and Athletic Shoes\Nike Kids\7925315.356636.jpg,7925315.356636.jpg,Shoes,Sneakers and Athletic Shoes,Nike Kids
images\ut-zap50k\Shoes\Sneakers and Athletic Shoes\ECCO\8139905.44016.jpg,8139905.44016.jpg,Shoes,Sneakers and Athletic Shoes,ECCO
images\ut-zap50k\Shoes\Loafers\Minnetonka\101430.84351.jpg,101430.84351.jpg,Shoes,Loafers,Minnetonka
images\ut-zap50k\Shoes\Flats\Me Too Kids\8017837.3.jpg,8017837.3.jpg,Shoes,Flats,Me Too Kids
images\ut-zap50k\Shoes\Heels\Madden Girl\7946245.50415.jpg,7946245.50415.jpg,Shoes,Heels,Madden Girl
images\ut-zap50k\Sandals\Flat\Gypsy SOULE\8008359.3.jpg,8008359.3.jpg,Sandals,Flat,Gypsy SOULE
images\ut-zap50k\Shoes\Loafers\Fratelli Rossetti\8007227.47828.jpg,8007227.47828.jpg,Shoes,Loafers,Fratelli Rossetti
images\ut-zap50k\Slippers\Slipper Flats\Betsey Johnson\8118673.429.jpg,8118673.429.jpg,Slippers,Slipper Flats,Betsey Johnson
images\ut-zap50k\Shoes\Loafers\Rockport\7996572.253749.jpg,7996572.253749.jpg,Shoes,Loafers,Rockport
images\ut-zap50k\Boots\Ankle\Miz Mooz\8032030.585.jpg,8032030.585.jpg,Boots,Ankle,Miz Mooz
images\ut-zap50k\Shoes\Heels\Annie\8014607.3397.jpg,8014607.3397.jpg,Shoes,Heels,Annie
images\ut-zap50k\Boots\Mid-Calf\EMU Australia\7967695.3.jpg,7967695.3.jpg,Boots,Mid-Calf,EMU Australia
images\ut-zap50k\Boots\Mid-Calf\Chippewa\7424479.6.jpg,7424479.6.jpg,Boots,Mid-Calf,Chippewa
images\ut-zap50k\Boots\Knee High\LAUREN Ralph Lauren\8055215.381318.jpg,8055215.381318.jpg,Boots,Knee High,LAUREN Ralph Lauren
images\ut-zap50k\Sandals\Flat\Birki's Kids\128359.126717.jpg,128359.126717.jpg,Sandals,Flat,Birki's Kids
images\ut-zap50k\Shoes\Sneakers and Athletic Shoes\Polo Ralph Lauren\8073240.389962.jpg,8073240.389962.jpg,Shoes,Sneakers and Athletic Shoes,Polo Ralph Lauren
images\ut-zap50k\Shoes\Firstwalker\Stride Rite\7999700.3.jpg,7999700.3.jpg,Shoes,Firstwalker,Stride Rite
images\ut-zap50k\Sandals\Flat\Papillio\114688.368103.jpg,114688.368103.jpg,Sandals,Flat,Papillio
images\ut-zap50k\Sandals\Flat\Anne Klein\7965770.5736.jpg,7965770.5736.jpg,Sandals,Flat,Anne Klein
images\ut-zap50k\Shoes\Heels\Naturalizer\8019413.248271.jpg,8019413.248271.jpg,Shoes,Heels,Naturalizer
images\ut-zap50k\Shoes\Heels\Jessica Simpson\8082273.1072.jpg,8082273.1072.jpg,Shoes,Heels,Jessica Simpson
images\ut-zap50k\Sandals\Flat\Sergio Rossi\7897585.585.jpg,7897585.585.jpg,Sandals,Flat,Sergio Rossi
images\ut-zap50k\Boots\Ankle\Wolverine\8052499.12093.jpg,8052499.12093.jpg,Boots,Ankle,Wolverine
images\ut-zap50k\Sandals\Flat\Reef\7884532.453.jpg,7884532.453.jpg,Sandals,Flat,Reef
images\ut-zap50k\Shoes\Heels\Type Z\7838125.344235.jpg,7838125.344235.jpg,Shoes,Heels,Type Z
images\ut-zap50k\Shoes\Clogs and Mules\Crocs Kids\7988526.26958.jpg,7988526.26958.jpg,Shoes,Clogs and Mules,Crocs Kids
images\ut-zap50k\Shoes\Heels\Fitzwell\7939814.63200.jpg,7939814.63200.jpg,Shoes,Heels,Fitzwell
images\ut-zap50k\Shoes\Sneakers and Athletic Shoes\SKECHERS\8164790.429.jpg,8164790.429.jpg,Shoes,Sneakers and Athletic Shoes,SKECHERS
images\ut-zap50k\Boots\Ankle\ECCO\7950188.345570.jpg,7950188.345570.jpg,Boots,Ankle,ECCO
images\ut-zap50k\Shoes\Oxfords\Lacoste\8014126.53226.jpg,8014126.53226.jpg,Shoes,Oxfords,Lacoste
images\ut-zap50k\Boots\Mid-Calf\Ariat\7342759.73932.jpg,7342759.73932.jpg,Boots,Mid-Calf,Ariat
images\ut-zap50k\Shoes\Flats\Anne Klein\7870011.396432.jpg,7870011.396432.jpg,Shoes,Flats,Anne Klein
images\ut-zap50k\Shoes\Oxfords\Frye\7792036.263301.jpg,7792036.263301.jpg,Shoes,Oxfords,Frye
images\ut-zap50k\Shoes\Flats\Kid Express\7925832.15.jpg,7925832.15.jpg,Shoes,Flats,Kid Express
images\ut-zap50k\Shoes\Sneakers and Athletic Shoes\Avia\7743057.273129.jpg,7743057.273129.jpg,Shoes,Sneakers and Athletic Shoes,Avia
images\ut-zap50k\Shoes\Heels\Earthies\8018507.4854.jpg,8018507.4854.jpg,Shoes,Heels,Earthies
images\ut-zap50k\Boots\Ankle\SKECHERS\8000113.3.jpg,8000113.3.jpg,Boots,Ankle,SKECHERS
images\ut-zap50k\Boots\Ankle\Frye\7970320.352766.jpg,7970320.352766.jpg,Boots,Ankle,Frye
images\ut-zap50k\Shoes\Heels\Yellow Box\7963482.184651.jpg,7963482.184651.jpg,Shoes,Heels,Yellow Box
images\ut-zap50k\Shoes\Flats\Bandolino\8090612.3298.jpg,8090612.3298.jpg,Shoes,Flats,Bandolino
images\ut-zap50k\Boots\Knee High\Nine West\8050508.21730.jpg,8050508.21730.jpg,Boots,Knee High,Nine West
images\ut-zap50k\Boots\Knee High\Frye\7792060.352798.jpg,7792060.352798.jpg,Boots,Knee High,Frye
images\ut-zap50k\Shoes\Sneakers and Athletic Shoes\PUMA\7799169.361112.jpg,7799169.361112.jpg,Shoes,Sneakers and Athletic Shoes,PUMA
images\ut-zap50k\Sandals\Flat\Cole Haan\7644376.728.jpg,7644376.728.jpg,Sandals,Flat,Cole Haan
images\ut-zap50k\Shoes\Sneakers and Athletic Shoes\Amiana\8028437.373344.jpg,8028437.373344.jpg,Shoes,Sneakers and Athletic Shoes,Amiana
images\ut-zap50k\Shoes\Sneakers and Athletic Shoes\Nike\7963990.8034.jpg,7963990.8034.jpg,Shoes,Sneakers and Athletic Shoes,Nike
images\ut-zap50k\Sandals\Flat\Eric Michael\7814240.585.jpg,7814240.585.jpg,Sandals,Flat,Eric Michael
images\ut-zap50k\Boots\Mid-Calf\Frye\7341125.3.jpg,7341125.3.jpg,Boots,Mid-Calf,Frye
images\ut-zap50k\Shoes\Heels\Jessica Simpson\8064935.63200.jpg,8064935.63200.jpg,Shoes,Heels,Jessica Simpson
images\ut-zap50k\Shoes\Sneakers and Athletic Shoes\Merrell\7718256.8802.jpg,7718256.8802.jpg,Shoes,Sneakers and Athletic Shoes,Merrell
images\ut-zap50k\Shoes\Flats\Umi Kids\7808659.5448.jpg,7808659.5448.jpg,Shoes,Flats,Umi Kids
images\ut-zap50k\Shoes\Sneakers and Athletic Shoes\Mephisto\8019848.84.jpg,8019848.84.jpg,Shoes,Sneakers and Athletic Shoes,Mephisto
images\ut-zap50k\Sandals\Flat\Munro American\7928706.167098.jpg,7928706.167098.jpg,Sandals,Flat,Munro American
images\ut-zap50k\Shoes\Clogs and Mules\Dansko\7988240.6676.jpg,7988240.6676.jpg,Shoes,Clogs and Mules,Dansko
images\ut-zap50k\Slippers\Slipper Flats\smartdogs\7582830.214186.jpg,7582830.214186.jpg,Slippers,Slipper Flats,smartdogs
images\ut-zap50k\Boots\Ankle\Martino\8071382.585.jpg,8071382.585.jpg,Boots,Ankle,Martino
images\ut-zap50k\Shoes\Sneakers and Athletic Shoes\Palladium Kids\7981281.93499.jpg,7981281.93499.jpg,Shoes,Sneakers and Athletic Shoes,Palladium Kids
images\ut-zap50k\Shoes\Flats\Kid Express\7456709.89.jpg,7456709.89.jpg,Shoes,Flats,Kid Express
images\ut-zap50k\Boots\Knee High\Gabriella Rocha\7793942.6.jpg,7793942.6.jpg,Boots,Knee High,Gabriella Rocha
images\ut-zap50k\Shoes\Sneakers and Athletic Shoes\PUMA\7903852.52937.jpg,7903852.52937.jpg,Shoes,Sneakers and Athletic Shoes,PUMA
images\ut-zap50k\Shoes\Sneakers and Athletic Shoes\etnies Kids\7975794.2557.jpg,7975794.2557.jpg,Shoes,Sneakers and Athletic Shoes,etnies Kids
images\ut-zap50k\Shoes\Clogs and Mules\UGG Kids\7862910.278.jpg,7862910.278.jpg,Shoes,Clogs and Mules,UGG Kids
images\ut-zap50k\Shoes\Loafers\Fendi Kids\8040939.409.jpg,8040939.409.jpg,Shoes,Loafers,Fendi Kids
images\ut-zap50k\Shoes\Heels\LifeStride\7799290.357434.jpg,7799290.357434.jpg,Shoes,Heels,LifeStride
images\ut-zap50k\Boots\Mid-Calf\Sorel\7333155.158249.jpg,7333155.158249.jpg,Boots,Mid-Calf,Sorel
images\ut-zap50k\Boots\Ankle\Dolce Vita\8106702.106.jpg,8106702.106.jpg,Boots,Ankle,Dolce Vita
images\ut-zap50k\Shoes\Flats\Earthies\8018548.24682.jpg,8018548.24682.jpg,Shoes,Flats,Earthies
images\ut-zap50k\Boots\Knee High\Franco Sarto\8045179.377608.jpg,8045179.377608.jpg,Boots,Knee High,Franco Sarto
images\ut-zap50k\Shoes\Sneakers and Athletic Shoes\Globe\7474335.377995.jpg,7474335.377995.jpg,Shoes,Sneakers and Athletic Shoes,Globe
images\ut-zap50k\Shoes\Heels\Ivanka Trump\7991593.361274.jpg,7991593.361274.jpg,Shoes,Heels,Ivanka Trump
images\ut-zap50k\Boots\Ankle\adidas Outdoor\7983412.335422.jpg,7983412.335422.jpg,Boots,Ankle,adidas Outdoor
images\ut-zap50k\Sandals\Flat\Nine West\8113346.13522.jpg,8113346.13522.jpg,Sandals,Flat,Nine West
images\ut-zap50k\Shoes\Heels\Vince Camuto\8071884.408677.jpg,8071884.408677.jpg,Shoes,Heels,Vince Camuto
images\ut-zap50k\Shoes\Heels\Dr. Scholl's\7358042.345865.jpg,7358042.345865.jpg,Shoes,Heels,Dr. Scholl's
images\ut-zap50k\Boots\Mid-Calf\Steve Madden\8026625.72.jpg,8026625.72.jpg,Boots,Mid-Calf,Steve Madden
images\ut-zap50k\Boots\Ankle\La Sportiva\7894033.764.jpg,7894033.764.jpg,Boots,Ankle,La Sportiva
images\ut-zap50k\Boots\Ankle\UGG Collection\8031973.325.jpg,8031973.325.jpg,Boots,Ankle,UGG Collection
images\ut-zap50k\Sandals\Flat\Birkenstock\109117.275676.jpg,109117.275676.jpg,Sandals,Flat,Birkenstock
images\ut-zap50k\Sandals\Flat\Rebecca Minkoff\8068515.106387.jpg,8068515.106387.jpg,Sandals,Flat,Rebecca Minkoff
images\ut-zap50k\Shoes\Sneakers and Athletic Shoes\Ahnu\7983500.76119.jpg,7983500.76119.jpg,Shoes,Sneakers and Athletic Shoes,Ahnu
images\ut-zap50k\Boots\Mid-Calf\Primigi Kids\8024491.3.jpg,8024491.3.jpg,Boots,Mid-Calf,Primigi Kids
images\ut-zap50k\Shoes\Sneakers and Athletic Shoes\DVS Shoe Company\7903648.947.jpg,7903648.947.jpg,Shoes,Sneakers and Athletic Shoes,DVS Shoe Company
images\ut-zap50k\Shoes\Oxfords\Giorgio Brutini\8125574.529.jpg,8125574.529.jpg,Shoes,Oxfords,Giorgio Brutini
images\ut-zap50k\Boots\Mid-Calf\Timberland PRO\7909568.3.jpg,7909568.3.jpg,Boots,Mid-Calf,Timberland PRO
images\ut-zap50k\Boots\Ankle\Carhartt\8045211.6.jpg,8045211.6.jpg,Boots,Ankle,Carhartt
images\ut-zap50k\Shoes\Loafers\SKECHERS KIDS\8063652.21196.jpg,8063652.21196.jpg,Shoes,Loafers,SKECHERS KIDS
images\ut-zap50k\Boots\Ankle\Sperry Top-Sider\7666723.36017.jpg,7666723.36017.jpg,Boots,Ankle,Sperry Top-Sider
images\ut-zap50k\Shoes\Sneakers and Athletic Shoes\Keen\7977205.156329.jpg,7977205.156329.jpg,Shoes,Sneakers and Athletic Shoes,Keen
images\ut-zap50k\Shoes\Flats\Shoe Be Doo\7778218.284631.jpg,7778218.284631.jpg,Shoes,Flats,Shoe Be Doo
images\ut-zap50k\Shoes\Sneakers and Athletic Shoes\Lowa\7972254.353637.jpg,7972254.353637.jpg,Shoes,Sneakers and Athletic Shoes,Lowa
images\ut-zap50k\Boots\Ankle\UGG Kids\8125977.407650.jpg,8125977.407650.jpg,Boots,Ankle,UGG Kids
images\ut-zap50k\Boots\Mid-Calf\Tundra Kids Boots\7683483.574.jpg,7683483.574.jpg,Boots,Mid-Calf,Tundra Kids Boots
images\ut-zap50k\Boots\Ankle\Frye\7792813.3.jpg,7792813.3.jpg,Boots,Ankle,Frye
images\ut-zap50k\Shoes\Sneakers and Athletic Shoes\Merrell\7718407.318834.jpg,7718407.318834.jpg,Shoes,Sneakers and Athletic Shoes,Merrell
images\ut-zap50k\Shoes\Firstwalker\Kid Express\7399330.3099.jpg,7399330.3099.jpg,Shoes,Firstwalker,Kid Express
images\ut-zap50k\Shoes\Sneakers and Athletic Shoes\Reebok Kids\7979454.356935.jpg,7979454.356935.jpg,Shoes,Sneakers and Athletic Shoes,Reebok Kids
images\ut-zap50k\Boots\Ankle\Dr. Martens\7870320.316836.jpg,7870320.316836.jpg,Boots,Ankle,Dr. Martens
images\ut-zap50k\Shoes\Heels\Badgley Mischka\7650949.1402.jpg,7650949.1402.jpg,Shoes,Heels,Badgley Mischka
images\ut-zap50k\Shoes\Sneakers and Athletic Shoes\adidas Originals Kids\7652832.241862.jpg,7652832.241862.jpg,Shoes,Sneakers and Athletic Shoes,adidas Originals Kids
images\ut-zap50k\Shoes\Sneakers and Athletic Shoes\Blowfish\8103923.388429.jpg,8103923.388429.jpg,Shoes,Sneakers and Athletic Shoes,Blowfish
images\ut-zap50k\Shoes\Heels\Gabriella Rocha\7586333.3.jpg,7586333.3.jpg,Shoes,Heels,Gabriella Rocha
images\ut-zap50k\Shoes\Sneakers and Athletic Shoes\Converse\8033695.374298.jpg,8033695.374298.jpg,Shoes,Sneakers and Athletic Shoes,Converse
images\ut-zap50k\Shoes\Loafers\Venettini Kids\8039885.376235.jpg,8039885.376235.jpg,Shoes,Loafers,Venettini Kids
images\ut-zap50k\Shoes\Heels\Rocket Dog\8029250.372827.jpg,8029250.372827.jpg,Shoes,Heels,Rocket Dog
images\ut-zap50k\Shoes\Heels\Touch Ups\8121757.10101.jpg,8121757.10101.jpg,Shoes,Heels,Touch Ups
images\ut-zap50k\Shoes\Flats\Romantic Soles\8025936.371575.jpg,8025936.371575.jpg,Shoes,Flats,Romantic Soles
images\ut-zap50k\Shoes\Sneakers and Athletic Shoes\Paul Smith Junior\8017552.14.jpg,8017552.14.jpg,Shoes,Sneakers and Athletic Shoes,Paul Smith Junior
images\ut-zap50k\Shoes\Oxfords\Rockport\7323951.537.jpg,7323951.537.jpg,Shoes,Oxfords,Rockport
images\ut-zap50k\Sandals\Flat\Naot Footwear\8081872.164454.jpg,8081872.164454.jpg,Sandals,Flat,Naot Footwear
images\ut-zap50k\Shoes\Flats\KORS Michael Kors Kids\7986157.3.jpg,7986157.3.jpg,Shoes,Flats,KORS Michael Kors Kids
images\ut-zap50k\Boots\Ankle\Bogs\7987475.158.jpg,7987475.158.jpg,Boots,Ankle,Bogs
images\ut-zap50k\Shoes\Sneakers and Athletic Shoes\Saucony Originals\7203635.378279.jpg,7203635.378279.jpg,Shoes,Sneakers and Athletic Shoes,Saucony Originals
images\ut-zap50k\Shoes\Sneakers and Athletic Shoes\Rockport\7996826.325.jpg,7996826.325.jpg,Shoes,Sneakers and Athletic Shoes,Rockport
images\ut-zap50k\Shoes\Sneakers and Athletic Shoes\Sanuk Kids\8066136.559.jpg,8066136.559.jpg,Shoes,Sneakers and Athletic Shoes,Sanuk Kids
images\ut-zap50k\Shoes\Sneakers and Athletic Shoes\Geox Kids\8016142.8691.jpg,8016142.8691.jpg,Shoes,Sneakers and Athletic Shoes,Geox Kids
images\ut-zap50k\Boots\Mid-Calf\Merrell\7813525.6.jpg,7813525.6.jpg,Boots,Mid-Calf,Merrell
images\ut-zap50k\Boots\Mid-Calf\Romantic Soles\8020670.370092.jpg,8020670.370092.jpg,Boots,Mid-Calf,Romantic Soles
images\ut-zap50k\Boots\Ankle\BRUNO MAGLI\8009783.401.jpg,8009783.401.jpg,Boots,Ankle,BRUNO MAGLI
images\ut-zap50k\Shoes\Oxfords\Mezlan\8038998.20.jpg,8038998.20.jpg,Shoes,Oxfords,Mezlan
images\ut-zap50k\Sandals\Flat\Dansko\7894521.393014.jpg,7894521.393014.jpg,Sandals,Flat,Dansko
images\ut-zap50k\Boots\Mid-Calf\Dansko\7988390.223.jpg,7988390.223.jpg,Boots,Mid-Calf,Dansko
images\ut-zap50k\Shoes\Sneakers and Athletic Shoes\Osiris\7277378.373267.jpg,7277378.373267.jpg,Shoes,Sneakers and Athletic Shoes,Osiris
images\ut-zap50k\Shoes\Oxfords\Fratelli\7826731.1567.jpg,7826731.1567.jpg,Shoes,Oxfords,Fratelli
images\ut-zap50k\Shoes\Clogs and Mules\Klogs USA\7391653.401423.jpg,7391653.401423.jpg,Shoes,Clogs and Mules,Klogs USA
images\ut-zap50k\Boots\Mid-Calf\UGG Kids\8084563.18.jpg,8084563.18.jpg,Boots,Mid-Calf,UGG Kids
images\ut-zap50k\Shoes\Loafers\Bass\8046253.63618.jpg,8046253.63618.jpg,Shoes,Loafers,Bass
images\ut-zap50k\Shoes\Clogs and Mules\Haflinger\7801939.354.jpg,7801939.354.jpg,Shoes,Clogs and Mules,Haflinger
images\ut-zap50k\Shoes\Loafers\Born\7987191.3580.jpg,7987191.3580.jpg,Shoes,Loafers,Born
images\ut-zap50k\Boots\Knee High\Robert Clergerie\8005946.60.jpg,8005946.60.jpg,Boots,Knee High,Robert Clergerie
images\ut-zap50k\Slippers\Slipper Flats\Hatley Kids\8017892.6.jpg,8017892.6.jpg,Slippers,Slipper Flats,Hatley Kids
images\ut-zap50k\Shoes\Clogs and Mules\Patagonia\7892296.298019.jpg,7892296.298019.jpg,Shoes,Clogs and Mules,Patagonia
images\ut-zap50k\Shoes\Loafers\Softspots\8013337.359288.jpg,8013337.359288.jpg,Shoes,Loafers,Softspots
images\ut-zap50k\Boots\Ankle\Asolo\7134394.19077.jpg,7134394.19077.jpg,Boots,Ankle,Asolo
images\ut-zap50k\Sandals\Flat\Roxy Kids\8095103.79024.jpg,8095103.79024.jpg,Sandals,Flat,Roxy Kids
images\ut-zap50k\Shoes\Sneakers and Athletic Shoes\PUMA\8058601.173596.jpg,8058601.173596.jpg,Shoes,Sneakers and Athletic Shoes,PUMA
images\ut-zap50k\Shoes\Sneakers and Athletic Shoes\etnies\7892916.255659.jpg,7892916.255659.jpg,Shoes,Sneakers and Athletic Shoes,etnies
images\ut-zap50k\Shoes\Flats\Vince Camuto\8113427.403518.jpg,8113427.403518.jpg,Shoes,Flats,Vince Camuto
images\ut-zap50k\Shoes\Heels\Nina\7398854.77659.jpg,7398854.77659.jpg,Shoes,Heels,Nina
images\ut-zap50k\Boots\Mid-Calf\Eric Michael\7852121.3.jpg,7852121.3.jpg,Boots,Mid-Calf,Eric Michael
images\ut-zap50k\Shoes\Heels\ara\8037399.68.jpg,8037399.68.jpg,Shoes,Heels,ara
images\ut-zap50k\Boots\Mid-Calf\VOLATILE\8030320.6.jpg,8030320.6.jpg,Boots,Mid-Calf,VOLATILE
images\ut-zap50k\Shoes\Flats\Pazitos\7844871.270.jpg,7844871.270.jpg,Shoes,Flats,Pazitos
images\ut-zap50k\Boots\Ankle\Costume National\8003986.5291.jpg,8003986.5291.jpg,Boots,Ankle,Costume National
images\ut-zap50k\Shoes\Oxfords\UGG Collection\8031945.275.jpg,8031945.275.jpg,Shoes,Oxfords,UGG Collection
images\ut-zap50k\Shoes\Clogs and Mules\Dansko\7894507.2298.jpg,7894507.2298.jpg,Shoes,Clogs and Mules,Dansko
images\ut-zap50k\Shoes\Heels\BCBGeneration\8080517.392695.jpg,8080517.392695.jpg,Shoes,Heels,BCBGeneration
images\ut-zap50k\Shoes\Sneakers and Athletic Shoes\Timberland Kids\7987007.568.jpg,7987007.568.jpg,Shoes,Sneakers and Athletic Shoes,Timberland Kids
images\ut-zap50k\Shoes\Flats\Arcopedico\7352714.2133.jpg,7352714.2133.jpg,Shoes,Flats,Arcopedico
images\ut-zap50k\Sandals\Flat\Aetrex\7928039.3.jpg,7928039.3.jpg,Sandals,Flat,Aetrex
images\ut-zap50k\Shoes\Sneakers and Athletic Shoes\Montrail\7975286.335118.jpg,7975286.335118.jpg,Shoes,Sneakers and Athletic Shoes,Montrail
images\ut-zap50k\Shoes\Oxfords\Jumping Jacks Kids\7551532.751.jpg,7551532.751.jpg,Shoes,Oxfords,Jumping Jacks Kids
images\ut-zap50k\Shoes\Heels\Ziera\7892758.326764.jpg,7892758.326764.jpg,Shoes,Heels,Ziera
images\ut-zap50k\Boots\Mid-Calf\Ariat\7504013.20818.jpg,7504013.20818.jpg,Boots,Mid-Calf,Ariat
images\ut-zap50k\Shoes\Heels\Rockport\8087732.60472.jpg,8087732.60472.jpg,Shoes,Heels,Rockport
images\ut-zap50k\Boots\Mid-Calf\Baffin Kids\8053992.22025.jpg,8053992.22025.jpg,Boots,Mid-Calf,Baffin Kids
images\ut-zap50k\Shoes\Heels\Alexander McQueen\8032987.3.jpg,8032987.3.jpg,Shoes,Heels,Alexander McQueen
images\ut-zap50k\Boots\Ankle\EMU Australia\7968256.18.jpg,7968256.18.jpg,Boots,Ankle,EMU Australia
images\ut-zap50k\Shoes\Heels\ALDO\8096675.1430.jpg,8096675.1430.jpg,Shoes,Heels,ALDO
images\ut-zap50k\Shoes\Sneakers and Athletic Shoes\adidas Golf\7729885.54167.jpg,7729885.54167.jpg,Shoes,Sneakers and Athletic Shoes,adidas Golf
images\ut-zap50k\Boots\Knee High\Khombu\8003605.3.jpg,8003605.3.jpg,Boots,Knee High,Khombu
images\ut-zap50k\Shoes\Flats\Diane Von Furstenberg\8013729.367613.jpg,8013729.367613.jpg,Shoes,Flats,Diane Von Furstenberg
images\ut-zap50k\Shoes\Loafers\Matisse\7993340.19.jpg,7993340.19.jpg,Shoes,Loafers,Matisse
images\ut-zap50k\Slippers\Slipper Flats\Haflinger\7841870.309148.jpg,7841870.309148.jpg,Slippers,Slipper Flats,Haflinger
images\ut-zap50k\Boots\Ankle\Chippewa\7177963.42226.jpg,7177963.42226.jpg,Boots,Ankle,Chippewa
images\ut-zap50k\Boots\Ankle\SKECHERS\7550165.25440.jpg,7550165.25440.jpg,Boots,Ankle,SKECHERS
images\ut-zap50k\Shoes\Sneakers and Athletic Shoes\Brooks\8056861.382169.jpg,8056861.382169.jpg,Shoes,Sneakers and Athletic Shoes,Brooks
images\ut-zap50k\Boots\Mid-Calf\Le Chameau\7936372.18.jpg,7936372.18.jpg,Boots,Mid-Calf,Le Chameau
images\ut-zap50k\Boots\Ankle\SKECHERS Work\8075527.3898.jpg,8075527.3898.jpg,Boots,Ankle,SKECHERS Work
images\ut-zap50k\Sandals\Flat\Crocs\7654374.3384.jpg,7654374.3384.jpg,Sandals,Flat,Crocs
images\ut-zap50k\Shoes\Loafers\Sanuk Kids\8066036.11213.jpg,8066036.11213.jpg,Shoes,Loafers,Sanuk Kids
images\ut-zap50k\Shoes\Oxfords\Finn Comfort\7305944.835.jpg,7305944.835.jpg,Shoes,Oxfords,Finn Comfort
images\ut-zap50k\Boots\Mid-Calf\Lucchese\7993879.362206.jpg,7993879.362206.jpg,Boots,Mid-Calf,Lucchese
images\ut-zap50k\Shoes\Heels\Nine West\8113379.61378.jpg,8113379.61378.jpg,Shoes,Heels,Nine West
images\ut-zap50k\Shoes\Prewalker\See Kai Run Kids\7901235.632.jpg,7901235.632.jpg,Shoes,Prewalker,See Kai Run Kids
images\ut-zap50k\Boots\Mid-Calf\UGG Kids\7633181.401.jpg,7633181.401.jpg,Boots,Mid-Calf,UGG Kids
images\ut-zap50k\Shoes\Sneakers and Athletic Shoes\SKECHERS KIDS\8069362.632.jpg,8069362.632.jpg,Shoes,Sneakers and Athletic Shoes,SKECHERS KIDS
images\ut-zap50k\Boots\Mid-Calf\Roper Kids\8030269.559.jpg,8030269.559.jpg,Boots,Mid-Calf,Roper Kids
images\ut-zap50k\Shoes\Oxfords\Wolky\8030670.408718.jpg,8030670.408718.jpg,Shoes,Oxfords,Wolky
images\ut-zap50k\Boots\Ankle\Asolo\7303575.92959.jpg,7303575.92959.jpg,Boots,Ankle,Asolo
images\ut-zap50k\Boots\Ankle\Tommy Hilfiger\8041916.3618.jpg,8041916.3618.jpg,Boots,Ankle,Tommy Hilfiger
images\ut-zap50k\Boots\Ankle\Lucky Brand\8048176.6.jpg,8048176.6.jpg,Boots,Ankle,Lucky Brand
images\ut-zap50k\Boots\Knee High\La Canadienne\7667866.5852.jpg,7667866.5852.jpg,Boots,Knee High,La Canadienne
images\ut-zap50k\Boots\Ankle\Blowfish\8028979.354667.jpg,8028979.354667.jpg,Boots,Ankle,Blowfish
images\ut-zap50k\Shoes\Sneakers and Athletic Shoes\Nike Kids\7925386.387907.jpg,7925386.387907.jpg,Shoes,Sneakers and Athletic Shoes,Nike Kids
images\ut-zap50k\Boots\Mid-Calf\Tecnica\7477031.14.jpg,7477031.14.jpg,Boots,Mid-Calf,Tecnica
images\ut-zap50k\Shoes\Sneakers and Athletic Shoes\Lakai\7974194.376476.jpg,7974194.376476.jpg,Shoes,Sneakers and Athletic Shoes,Lakai
images\ut-zap50k\Boots\Mid-Calf\Stride Rite\8000320.278.jpg,8000320.278.jpg,Boots,Mid-Calf,Stride Rite
images\ut-zap50k\Boots\Knee High\Cole Haan Kids\7994505.3.jpg,7994505.3.jpg,Boots,Knee High,Cole Haan Kids
images\ut-zap50k\Shoes\Sneakers and Athletic Shoes\ASICS\7885670.358601.jpg,7885670.358601.jpg,Shoes,Sneakers and Athletic Shoes,ASICS
images\ut-zap50k\Shoes\Heels\Chinese Laundry\7919284.594.jpg,7919284.594.jpg,Shoes,Heels,Chinese Laundry
images\ut-zap50k\Shoes\Flats\Umi Kids\8077821.1334.jpg,8077821.1334.jpg,Shoes,Flats,Umi Kids
images\ut-zap50k\Shoes\Sneakers and Athletic Shoes\adidas Running\7976958.356011.jpg,7976958.356011.jpg,Shoes,Sneakers and Athletic Shoes,adidas Running
images\ut-zap50k\Boots\Mid-Calf\Caterpillar Casual\8052265.8755.jpg,8052265.8755.jpg,Boots,Mid-Calf,Caterpillar Casual
images\ut-zap50k\Shoes\Heels\Shoe Be Doo\8031509.231.jpg,8031509.231.jpg,Shoes,Heels,Shoe Be Doo
images\ut-zap50k\Boots\Ankle\Palladium Kids\7996597.148870.jpg,7996597.148870.jpg,Boots,Ankle,Palladium Kids
images\ut-zap50k\Shoes\Sneakers and Athletic Shoes\Nike\8046697.378356.jpg,8046697.378356.jpg,Shoes,Sneakers and Athletic Shoes,Nike
images\ut-zap50k\Shoes\Sneakers and Athletic Shoes\Keen\7892665.326700.jpg,7892665.326700.jpg,Shoes,Sneakers and Athletic Shoes,Keen
images\ut-zap50k\Shoes\Heels\ALDO\8051678.585.jpg,8051678.585.jpg,Shoes,Heels,ALDO
images\ut-zap50k\Shoes\Heels\Giuseppe Zanotti\8080622.392748.jpg,8080622.392748.jpg,Shoes,Heels,Giuseppe Zanotti
images\ut-zap50k\Boots\Ankle\Spring Step\7867290.3.jpg,7867290.3.jpg,Boots,Ankle,Spring Step
images\ut-zap50k\Shoes\Flats\Merrell\7879787.159202.jpg,7879787.159202.jpg,Shoes,Flats,Merrell
images\ut-zap50k\Shoes\Sneakers and Athletic Shoes\Saucony\7787539.287535.jpg,7787539.287535.jpg,Shoes,Sneakers and Athletic Shoes,Saucony
images\ut-zap50k\Shoes\Sneakers and Athletic Shoes\Tsukihoshi Kids\7508775.2294.jpg,7508775.2294.jpg,Shoes,Sneakers and Athletic Shoes,Tsukihoshi Kids
images\ut-zap50k\Shoes\Sneakers and Athletic Shoes\Nike Action\7757812.350812.jpg,7757812.350812.jpg,Shoes,Sneakers and Athletic Shoes,Nike Action
images\ut-zap50k\Sandals\Flat\Pelle Moda\7991668.632.jpg,7991668.632.jpg,Sandals,Flat,Pelle Moda
images\ut-zap50k\Shoes\Heels\Soft Style\7828637.138422.jpg,7828637.138422.jpg,Shoes,Heels,Soft Style
images\ut-zap50k\Sandals\Flat\Naot Footwear\7895821.328170.jpg,7895821.328170.jpg,Sandals,Flat,Naot Footwear
images\ut-zap50k\Sandals\Flat\Enzo Angiolini\7947529.200.jpg,7947529.200.jpg,Sandals,Flat,Enzo Angiolini
images\ut-zap50k\Shoes\Loafers\Kenneth Cole Reaction\8084334.158.jpg,8084334.158.jpg,Shoes,Loafers,Kenneth Cole Reaction
images\ut-zap50k\Shoes\Sneakers and Athletic Shoes\Reebok\7975655.355210.jpg,7975655.355210.jpg,Shoes,Sneakers and Athletic Shoes,Reebok
images\ut-zap50k\Shoes\Loafers\Calvin Klein\7943225.3.jpg,7943225.3.jpg,Shoes,Loafers,Calvin Klein
images\ut-zap50k\Sandals\Flat\7 For All Mankind\7969359.107364.jpg,7969359.107364.jpg,Sandals,Flat,7 For All Mankind
images\ut-zap50k\Shoes\Heels\ALDO\8096658.585.jpg,8096658.585.jpg,Shoes,Heels,ALDO
images\ut-zap50k\Boots\Ankle\Sorel Kids\7661792.25525.jpg,7661792.25525.jpg,Boots,Ankle,Sorel Kids
images\ut-zap50k\Shoes\Heels\LifeStride\8083782.3.jpg,8083782.3.jpg,Shoes,Heels,LifeStride
images\ut-zap50k\Shoes\Sneakers and Athletic Shoes\New Balance Classics\7648875.296184.jpg,7648875.296184.jpg,Shoes,Sneakers and Athletic Shoes,New Balance Classics
images\ut-zap50k\Shoes\Clogs and Mules\Spring Step\7607253.72.jpg,7607253.72.jpg,Shoes,Clogs and Mules,Spring Step
images\ut-zap50k\Shoes\Sneakers and Athletic Shoes\EVOLV\8024499.3386.jpg,8024499.3386.jpg,Shoes,Sneakers and Athletic Shoes,EVOLV
images\ut-zap50k\Shoes\Sneakers and Athletic Shoes\Oakley\8018377.742.jpg,8018377.742.jpg,Shoes,Sneakers and Athletic Shoes,Oakley
images\ut-zap50k\Boots\Ankle\Timberland Kids\7987367.359629.jpg,7987367.359629.jpg,Boots,Ankle,Timberland Kids
images\ut-zap50k\Shoes\Oxfords\Cole Haan\7897770.983.jpg,7897770.983.jpg,Shoes,Oxfords,Cole Haan
images\ut-zap50k\Boots\Ankle\Aquatalia by Marvin K\8011577.366745.jpg,8011577.366745.jpg,Boots,Ankle,Aquatalia by Marvin K
images\ut-zap50k\Boots\Ankle\MIA\8007289.310.jpg,8007289.310.jpg,Boots,Ankle,MIA
images\ut-zap50k\Boots\Ankle\adidas Outdoor\7983412.383032.jpg,7983412.383032.jpg,Boots,Ankle,adidas Outdoor
images\ut-zap50k\Shoes\Flats\Earthies\8018545.343.jpg,8018545.343.jpg,Shoes,Flats,Earthies
images\ut-zap50k\Sandals\Flat\taos Footwear\8132550.11.jpg,8132550.11.jpg,Sandals,Flat,taos Footwear
images\ut-zap50k\Shoes\Heels\Soft Style\7660939.5528.jpg,7660939.5528.jpg,Shoes,Heels,Soft Style
images\ut-zap50k\Shoes\Sneakers and Athletic Shoes\Keen\7976868.355946.jpg,7976868.355946.jpg,Shoes,Sneakers and Athletic Shoes,Keen
images\ut-zap50k\Shoes\Flats\Corso Como\8041696.376660.jpg,8041696.376660.jpg,Shoes,Flats,Corso Como
images\ut-zap50k\Slippers\Slipper Flats\Ragg Kids\8030740.1334.jpg,8030740.1334.jpg,Slippers,Slipper Flats,Ragg Kids
images\ut-zap50k\Shoes\Loafers\ECCO\8036737.375237.jpg,8036737.375237.jpg,Shoes,Loafers,ECCO
images\ut-zap50k\Sandals\Flat\OluKai Kids\7773794.273306.jpg,7773794.273306.jpg,Sandals,Flat,OluKai Kids
images\ut-zap50k\Shoes\Sneakers and Athletic Shoes\Nike\7925348.320184.jpg,7925348.320184.jpg,Shoes,Sneakers and Athletic Shoes,Nike
images\ut-zap50k\Shoes\Clogs and Mules\Crocs Kids\7734484.269826.jpg,7734484.269826.jpg,Shoes,Clogs and Mules,Crocs Kids
images\ut-zap50k\Shoes\Heels\Stuart Weitzman\7591143.389337.jpg,7591143.389337.jpg,Shoes,Heels,Stuart Weitzman
images\ut-zap50k\Boots\Knee High\UGG Kids\7658272.621.jpg,7658272.621.jpg,Boots,Knee High,UGG Kids
images\ut-zap50k\Boots\Ankle\Stuart Weitzman\7978007.81034.jpg,7978007.81034.jpg,Boots,Ankle,Stuart Weitzman
images\ut-zap50k\Boots\Knee High\UGG\7839363.359.jpg,7839363.359.jpg,Boots,Knee High,UGG
images\ut-zap50k\Shoes\Loafers\Dolce Vita\8106692.3.jpg,8106692.3.jpg,Shoes,Loafers,Dolce Vita
images\ut-zap50k\Boots\Mid-Calf\Dr. Martens\113255.1670.jpg,113255.1670.jpg,Boots,Mid-Calf,Dr. Martens
images\ut-zap50k\Shoes\Heels\Wolky\7920105.23638.jpg,7920105.23638.jpg,Shoes,Heels,Wolky
images\ut-zap50k\Boots\Mid-Calf\Vintage Shoe Company\7790872.289539.jpg,7790872.289539.jpg,Boots,Mid-Calf,Vintage Shoe Company
images\ut-zap50k\Shoes\Heels\Stuart Weitzman\8064106.670.jpg,8064106.670.jpg,Shoes,Heels,Stuart Weitzman
images\ut-zap50k\Shoes\Sneakers and Athletic Shoes\New Balance\7626936.3.jpg,7626936.3.jpg,Shoes,Sneakers and Athletic Shoes,New Balance
images\ut-zap50k\Boots\Ankle\AIGLE\8113228.1897.jpg,8113228.1897.jpg,Boots,Ankle,AIGLE
images\ut-zap50k\Shoes\Oxfords\Frye\7880621.321728.jpg,7880621.321728.jpg,Shoes,Oxfords,Frye
images\ut-zap50k\Shoes\Boat Shoes\Frye\7599417.248970.jpg,7599417.248970.jpg,Shoes,Boat Shoes,Frye
images\ut-zap50k\Shoes\Sneakers and Athletic Shoes\adidas Kids\8074609.390429.jpg,8074609.390429.jpg,Shoes,Sneakers and Athletic Shoes,adidas Kids
images\ut-zap50k\Boots\Mid-Calf\Rockport\7996557.3.jpg,7996557.3.jpg,Boots,Mid-Calf,Rockport
images\ut-zap50k\Sandals\Flat\UGG\7963049.281.jpg,7963049.281.jpg,Sandals,Flat,UGG
images\ut-zap50k\Shoes\Heels\Irregular Choice\8103056.385.jpg,8103056.385.jpg,Shoes,Heels,Irregular Choice
images\ut-zap50k\Boots\Mid-Calf\MIA\8007286.275.jpg,8007286.275.jpg,Boots,Mid-Calf,MIA
images\ut-zap50k\Shoes\Oxfords\Bass\7563706.184651.jpg,7563706.184651.jpg,Shoes,Oxfords,Bass
images\ut-zap50k\Boots\Knee High\Donald J Pliner\8018414.3.jpg,8018414.3.jpg,Boots,Knee High,Donald J Pliner
images\ut-zap50k\Shoes\Sneakers and Athletic Shoes\DC Kids\7549146.12784.jpg,7549146.12784.jpg,Shoes,Sneakers and Athletic Shoes,DC Kids
images\ut-zap50k\Boots\Mid-Calf\UGG\8041830.278.jpg,8041830.278.jpg,Boots,Mid-Calf,UGG
images\ut-zap50k\Shoes\Clogs and Mules\Naot Footwear\7830004.303915.jpg,7830004.303915.jpg,Shoes,Clogs and Mules,Naot Footwear
images\ut-zap50k\Boots\Ankle\Florsheim Kids\8042997.6.jpg,8042997.6.jpg,Boots,Ankle,Florsheim Kids
images\ut-zap50k\Shoes\Heels\BCBGeneration\8080597.132976.jpg,8080597.132976.jpg,Shoes,Heels,BCBGeneration
images\ut-zap50k\Boots\Knee High\FIEL\8110047.379901.jpg,8110047.379901.jpg,Boots,Knee High,FIEL
images\ut-zap50k\Shoes\Flats\Kate Spade New York\8063857.283519.jpg,8063857.283519.jpg,Shoes,Flats,Kate Spade New York
images\ut-zap50k\Shoes\Sneakers and Athletic Shoes\New Balance Kids\7931240.11204.jpg,7931240.11204.jpg,Shoes,Sneakers and Athletic Shoes,New Balance Kids
images\ut-zap50k\Shoes\Sneakers and Athletic Shoes\Nike Kids\8068424.387361.jpg,8068424.387361.jpg,Shoes,Sneakers and Athletic Shoes,Nike Kids
images\ut-zap50k\Shoes\Sneakers and Athletic Shoes\Bloch\7811553.3.jpg,7811553.3.jpg,Shoes,Sneakers and Athletic Shoes,Bloch
images\ut-zap50k\Shoes\Sneakers and Athletic Shoes\Ariat\7342784.3.jpg,7342784.3.jpg,Shoes,Sneakers and Athletic Shoes,Ariat
images\ut-zap50k\Shoes\Heels\Bloch\7969266.632.jpg,7969266.632.jpg,Shoes,Heels,Bloch
images\ut-zap50k\Sandals\Flat\Chaco\7222238.3.jpg,7222238.3.jpg,Sandals,Flat,Chaco
images\ut-zap50k\Shoes\Sneakers and Athletic Shoes\New Balance Kids\7886486.14.jpg,7886486.14.jpg,Shoes,Sneakers and Athletic Shoes,New Balance Kids
images\ut-zap50k\Shoes\Sneakers and Athletic Shoes\Lakai\8060501.275.jpg,8060501.275.jpg,Shoes,Sneakers and Athletic Shoes,Lakai
images\ut-zap50k\Shoes\Oxfords\Giorgio Brutini\8125575.3.jpg,8125575.3.jpg,Shoes,Oxfords,Giorgio Brutini
images\ut-zap50k\Sandals\Flat\Onex\8102611.552.jpg,8102611.552.jpg,Sandals,Flat,Onex
images\ut-zap50k\Shoes\Sneakers and Athletic Shoes\Nike Kids\7796458.320239.jpg,7796458.320239.jpg,Shoes,Sneakers and Athletic Shoes,Nike Kids
images\ut-zap50k\Shoes\Flats\Bloch Kids\7709400.3.jpg,7709400.3.jpg,Shoes,Flats,Bloch Kids
images\ut-zap50k\Shoes\Clogs and Mules\Crocs\7153812.9.jpg,7153812.9.jpg,Shoes,Clogs and Mules,Crocs
images\ut-zap50k\Shoes\Heels\Stuart Weitzman\8031480.21191.jpg,8031480.21191.jpg,Shoes,Heels,Stuart Weitzman
images\ut-zap50k\Boots\Knee High\Stuart Weitzman\7998859.82.jpg,7998859.82.jpg,Boots,Knee High,Stuart Weitzman
images\ut-zap50k\Boots\Ankle\Scarpa\7396941.141058.jpg,7396941.141058.jpg,Boots,Ankle,Scarpa
images\ut-zap50k\Boots\Ankle\DV by Dolce Vita\8047177.3.jpg,8047177.3.jpg,Boots,Ankle,DV by Dolce Vita
images\ut-zap50k\Sandals\Flat\Propet\8077071.18332.jpg,8077071.18332.jpg,Sandals,Flat,Propet
images\ut-zap50k\Shoes\Flats\Naturalizer\7439193.72.jpg,7439193.72.jpg,Shoes,Flats,Naturalizer
images\ut-zap50k\Boots\Mid-Calf\Enzo Angiolini\8036457.478.jpg,8036457.478.jpg,Boots,Mid-Calf,Enzo Angiolini
images\ut-zap50k\Boots\Ankle\Salvatore Ferragamo\7876564.5291.jpg,7876564.5291.jpg,Boots,Ankle,Salvatore Ferragamo
images\ut-zap50k\Boots\Ankle\Mountrek\8008036.14.jpg,8008036.14.jpg,Boots,Ankle,Mountrek
images\ut-zap50k\Shoes\Sneakers and Athletic Shoes\PUMA\7903963.330890.jpg,7903963.330890.jpg,Shoes,Sneakers and Athletic Shoes,PUMA
images\ut-zap50k\Shoes\Flats\Me Too Kids\8017829.183092.jpg,8017829.183092.jpg,Shoes,Flats,Me Too Kids
images\ut-zap50k\Boots\Knee High\Gabriella Rocha\7836592.3.jpg,7836592.3.jpg,Boots,Knee High,Gabriella Rocha
images\ut-zap50k\Shoes\Sneakers and Athletic Shoes\Macbeth\8079629.392272.jpg,8079629.392272.jpg,Shoes,Sneakers and Athletic Shoes,Macbeth
images\ut-zap50k\Sandals\Flat\Birkenstock\7750078.208913.jpg,7750078.208913.jpg,Sandals,Flat,Birkenstock
images\ut-zap50k\Boots\Mid-Calf\Polo Ralph Lauren\8073083.389906.jpg,8073083.389906.jpg,Boots,Mid-Calf,Polo Ralph Lauren
images\ut-zap50k\Shoes\Flats\Kate Spade New York\8009676.235182.jpg,8009676.235182.jpg,Shoes,Flats,Kate Spade New York
images\ut-zap50k\Shoes\Loafers\Paul Smith\7887026.109291.jpg,7887026.109291.jpg,Shoes,Loafers,Paul Smith
images\ut-zap50k\Shoes\Sneakers and Athletic Shoes\adidas Running\7879310.356093.jpg,7879310.356093.jpg,Shoes,Sneakers and Athletic Shoes,adidas Running
images\ut-zap50k\Boots\Ankle\Corso Como\8105604.376628.jpg,8105604.376628.jpg,Boots,Ankle,Corso Como
images\ut-zap50k\Shoes\Heels\Stuart Weitzman\7999491.38010.jpg,7999491.38010.jpg,Shoes,Heels,Stuart Weitzman
images\ut-zap50k\Shoes\Prewalker\pediped\7523874.3.jpg,7523874.3.jpg,Shoes,Prewalker,pediped
images\ut-zap50k\Shoes\Firstwalker\Jumping Jacks Kids\7900998.904.jpg,7900998.904.jpg,Shoes,Firstwalker,Jumping Jacks Kids
images\ut-zap50k\Shoes\Firstwalker\pediped\7902200.14.jpg,7902200.14.jpg,Shoes,Firstwalker,pediped
images\ut-zap50k\Shoes\Oxfords\Johnston & Murphy\7145735.116103.jpg,7145735.116103.jpg,Shoes,Oxfords,Johnston & Murphy
images\ut-zap50k\Shoes\Heels\Salvatore Ferragamo\7688381.5273.jpg,7688381.5273.jpg,Shoes,Heels,Salvatore Ferragamo
images\ut-zap50k\Shoes\Sneakers and Athletic Shoes\Mephisto\7752720.276524.jpg,7752720.276524.jpg,Shoes,Sneakers and Athletic Shoes,Mephisto
images\ut-zap50k\Boots\Ankle\Chinese Laundry\8029073.3.jpg,8029073.3.jpg,Boots,Ankle,Chinese Laundry
images\ut-zap50k\Shoes\Heels\Steve Madden\8081058.19.jpg,8081058.19.jpg,Shoes,Heels,Steve Madden
images\ut-zap50k\Sandals\Flat\Reef Kids\7726153.15460.jpg,7726153.15460.jpg,Sandals,Flat,Reef Kids
images\ut-zap50k\Boots\Knee High\Call it SPRING\8060273.6.jpg,8060273.6.jpg,Boots,Knee High,Call it SPRING
images\ut-zap50k\Shoes\Heels\Rockport\7996594.1394.jpg,7996594.1394.jpg,Shoes,Heels,Rockport
images\ut-zap50k\Shoes\Sneakers and Athletic Shoes\Dansko\8081317.947.jpg,8081317.947.jpg,Shoes,Sneakers and Athletic Shoes,Dansko
images\ut-zap50k\Shoes\Flats\El Naturalista\7929800.99374.jpg,7929800.99374.jpg,Shoes,Flats,El Naturalista
images\ut-zap50k\Shoes\Loafers\Mezlan\8030791.184651.jpg,8030791.184651.jpg,Shoes,Loafers,Mezlan
images\ut-zap50k\Shoes\Sneakers and Athletic Shoes\SKECHERS KIDS\8053085.380446.jpg,8053085.380446.jpg,Shoes,Sneakers and Athletic Shoes,SKECHERS KIDS
images\ut-zap50k\Shoes\Sneakers and Athletic Shoes\Nike\7873364.367087.jpg,7873364.367087.jpg,Shoes,Sneakers and Athletic Shoes,Nike
images\ut-zap50k\Shoes\Clogs and Mules\Crocs Kids\7654283.3384.jpg,7654283.3384.jpg,Shoes,Clogs and Mules,Crocs Kids
images\ut-zap50k\Shoes\Sneakers and Athletic Shoes\Keen Kids\7894160.352463.jpg,7894160.352463.jpg,Shoes,Sneakers and Athletic Shoes,Keen Kids
images\ut-zap50k\Boots\Knee High\Naturalizer\8020119.369880.jpg,8020119.369880.jpg,Boots,Knee High,Naturalizer
images\ut-zap50k\Shoes\Sneakers and Athletic Shoes\Vasque\7604314.222752.jpg,7604314.222752.jpg,Shoes,Sneakers and Athletic Shoes,Vasque
images\ut-zap50k\Boots\Knee High\Aquatalia by Marvin K\8010501.6692.jpg,8010501.6692.jpg,Boots,Knee High,Aquatalia by Marvin K
images\ut-zap50k\Boots\Mid-Calf\Western Chief Kids\7586349.214902.jpg,7586349.214902.jpg,Boots,Mid-Calf,Western Chief Kids
images\ut-zap50k\Boots\Mid-Calf\Hatley Kids\7843103.15117.jpg,7843103.15117.jpg,Boots,Mid-Calf,Hatley Kids
images\ut-zap50k\Shoes\Sneakers and Athletic Shoes\adidas\8026288.371531.jpg,8026288.371531.jpg,Shoes,Sneakers and Athletic Shoes,adidas
images\ut-zap50k\Shoes\Sneakers and Athletic Shoes\Camper\8084054.3.jpg,8084054.3.jpg,Shoes,Sneakers and Athletic Shoes,Camper
images\ut-zap50k\Shoes\Heels\Joan & David\8128587.894.jpg,8128587.894.jpg,Shoes,Heels,Joan & David
images\ut-zap50k\Shoes\Oxfords\Robert Clergerie\7970540.19364.jpg,7970540.19364.jpg,Shoes,Oxfords,Robert Clergerie
images\ut-zap50k\Shoes\Sneakers and Athletic Shoes\Nike\7926293.20502.jpg,7926293.20502.jpg,Shoes,Sneakers and Athletic Shoes,Nike
images\ut-zap50k\Sandals\Flat\Volcom\8095296.3.jpg,8095296.3.jpg,Sandals,Flat,Volcom
images\ut-zap50k\Shoes\Sneakers and Athletic Shoes\Vans\7213526.293798.jpg,7213526.293798.jpg,Shoes,Sneakers and Athletic Shoes,Vans
images\ut-zap50k\Sandals\Flat\Splendid\8120310.144507.jpg,8120310.144507.jpg,Sandals,Flat,Splendid
images\ut-zap50k\Shoes\Sneakers and Athletic Shoes\Vans\7579608.374555.jpg,7579608.374555.jpg,Shoes,Sneakers and Athletic Shoes,Vans
images\ut-zap50k\Boots\Mid-Calf\El Naturalista\8024616.319735.jpg,8024616.319735.jpg,Boots,Mid-Calf,El Naturalista
images\ut-zap50k\Shoes\Prewalker\Bloch Kids\7827445.179411.jpg,7827445.179411.jpg,Shoes,Prewalker,Bloch Kids
images\ut-zap50k\Shoes\Oxfords\Frye\7594667.301559.jpg,7594667.301559.jpg,Shoes,Oxfords,Frye
images\ut-zap50k\Shoes\Sneakers and Athletic Shoes\Polo Ralph Lauren\7728905.9.jpg,7728905.9.jpg,Shoes,Sneakers and Athletic Shoes,Polo Ralph Lauren
images\ut-zap50k\Boots\Mid-Calf\Gordon Rush\8049115.3.jpg,8049115.3.jpg,Boots,Mid-Calf,Gordon Rush
images\ut-zap50k\Slippers\Slipper Flats\Cienta Kids Shoes\8029248.8.jpg,8029248.8.jpg,Slippers,Slipper Flats,Cienta Kids Shoes
images\ut-zap50k\Shoes\Loafers\Naot Footwear\7990758.360898.jpg,7990758.360898.jpg,Shoes,Loafers,Naot Footwear
images\ut-zap50k\Shoes\Sneakers and Athletic Shoes\Patagonia\7892346.326501.jpg,7892346.326501.jpg,Shoes,Sneakers and Athletic Shoes,Patagonia
images\ut-zap50k\Shoes\Sneakers and Athletic Shoes\Nike\8012855.367131.jpg,8012855.367131.jpg,Shoes,Sneakers and Athletic Shoes,Nike
images\ut-zap50k\Sandals\Flat\Propet\8077071.3.jpg,8077071.3.jpg,Sandals,Flat,Propet
images\ut-zap50k\Shoes\Oxfords\Wolverine\107950.1921.jpg,107950.1921.jpg,Shoes,Oxfords,Wolverine
images\ut-zap50k\Shoes\Sneakers and Athletic Shoes\Sanuk\8057855.6.jpg,8057855.6.jpg,Shoes,Sneakers and Athletic Shoes,Sanuk
images\ut-zap50k\Shoes\Sneakers and Athletic Shoes\New Balance\7844484.151.jpg,7844484.151.jpg,Shoes,Sneakers and Athletic Shoes,New Balance
images\ut-zap50k\Boots\Knee High\Madden Girl\8120039.2084.jpg,8120039.2084.jpg,Boots,Knee High,Madden Girl
images\ut-zap50k\Shoes\Sneakers and Athletic Shoes\adidas Originals\7289976.355502.jpg,7289976.355502.jpg,Shoes,Sneakers and Athletic Shoes,adidas Originals
images\ut-zap50k\Shoes\Sneakers and Athletic Shoes\Nike\8067031.386536.jpg,8067031.386536.jpg,Shoes,Sneakers and Athletic Shoes,Nike
images\ut-zap50k\Slippers\Slipper Flats\smartdogs\7348103.214133.jpg,7348103.214133.jpg,Slippers,Slipper Flats,smartdogs
images\ut-zap50k\Shoes\Heels\Robert Clergerie\7999967.28285.jpg,7999967.28285.jpg,Shoes,Heels,Robert Clergerie
images\ut-zap50k\Shoes\Oxfords\Kenneth Cole New York\8022137.3.jpg,8022137.3.jpg,Shoes,Oxfords,Kenneth Cole New York
images\ut-zap50k\Boots\Mid-Calf\Frye\101191.238499.jpg,101191.238499.jpg,Boots,Mid-Calf,Frye
images\ut-zap50k\Shoes\Heels\Frye\7970531.301567.jpg,7970531.301567.jpg,Shoes,Heels,Frye
images\ut-zap50k\Slippers\Slipper Flats\smartdogs\8086613.394911.jpg,8086613.394911.jpg,Slippers,Slipper Flats,smartdogs
images\ut-zap50k\Shoes\Sneakers and Athletic Shoes\Sanuk\7993014.3.jpg,7993014.3.jpg,Shoes,Sneakers and Athletic Shoes,Sanuk
images\ut-zap50k\Shoes\Loafers\Floats by Robert Wayne\8126978.407960.jpg,8126978.407960.jpg,Shoes,Loafers,Floats by Robert Wayne
images\ut-zap50k\Shoes\Sneakers and Athletic Shoes\Circa\7420528.374400.jpg,7420528.374400.jpg,Shoes,Sneakers and Athletic Shoes,Circa
images\ut-zap50k\Shoes\Sneakers and Athletic Shoes\Nike\7964428.367106.jpg,7964428.367106.jpg,Shoes,Sneakers and Athletic Shoes,Nike
images\ut-zap50k\Boots\Ankle\Roxy\7983960.3.jpg,7983960.3.jpg,Boots,Ankle,Roxy
images\ut-zap50k\Shoes\Flats\Nine West\8025186.4418.jpg,8025186.4418.jpg,Shoes,Flats,Nine West
images\ut-zap50k\Sandals\Flat\Munro American\7928743.14979.jpg,7928743.14979.jpg,Sandals,Flat,Munro American
images\ut-zap50k\Shoes\Sneakers and Athletic Shoes\New Balance\8019976.308671.jpg,8019976.308671.jpg,Shoes,Sneakers and Athletic Shoes,New Balance
images\ut-zap50k\Boots\Ankle\Sorel\7244101.31433.jpg,7244101.31433.jpg,Boots,Ankle,Sorel
images\ut-zap50k\Shoes\Sneakers and Athletic Shoes\DC Kids\7605805.4766.jpg,7605805.4766.jpg,Shoes,Sneakers and Athletic Shoes,DC Kids
images\ut-zap50k\Shoes\Boat Shoes\Sperry Top-Sider\7212450.380191.jpg,7212450.380191.jpg,Shoes,Boat Shoes,Sperry Top-Sider
images\ut-zap50k\Shoes\Crib Shoes\EMU Australia Kids\7789834.18.jpg,7789834.18.jpg,Shoes,Crib Shoes,EMU Australia Kids
images\ut-zap50k\Shoes\Heels\rsvp\8044130.4751.jpg,8044130.4751.jpg,Shoes,Heels,rsvp
images\ut-zap50k\Sandals\Flat\Jumping Jacks Kids\7902880.330571.jpg,7902880.330571.jpg,Sandals,Flat,Jumping Jacks Kids
images\ut-zap50k\Boots\Mid-Calf\Frye\8003586.239141.jpg,8003586.239141.jpg,Boots,Mid-Calf,Frye
images\ut-zap50k\Shoes\Sneakers and Athletic Shoes\New Balance\7765345.9046.jpg,7765345.9046.jpg,Shoes,Sneakers and Athletic Shoes,New Balance
images\ut-zap50k\Shoes\Clogs and Mules\Birki's\107741.6.jpg,107741.6.jpg,Shoes,Clogs and Mules,Birki's
images\ut-zap50k\Sandals\Flat\FitFlop\8060963.3.jpg,8060963.3.jpg,Sandals,Flat,FitFlop
images\ut-zap50k\Shoes\Oxfords\Bass\7616146.278640.jpg,7616146.278640.jpg,Shoes,Oxfords,Bass
images\ut-zap50k\Boots\Mid-Calf\Pazitos\8002727.6.jpg,8002727.6.jpg,Boots,Mid-Calf,Pazitos
images\ut-zap50k\Shoes\Sneakers and Athletic Shoes\ASICS Kids\8065059.352214.jpg,8065059.352214.jpg,Shoes,Sneakers and Athletic Shoes,ASICS Kids
images\ut-zap50k\Boots\Ankle\Naturino\7808728.6.jpg,7808728.6.jpg,Boots,Ankle,Naturino
images\ut-zap50k\Boots\Knee High\La Canadienne\7278062.106.jpg,7278062.106.jpg,Boots,Knee High,La Canadienne
images\ut-zap50k\Sandals\Flat\Luichiny\8006050.14.jpg,8006050.14.jpg,Sandals,Flat,Luichiny
images\ut-zap50k\Shoes\Heels\BC Footwear\8015058.302493.jpg,8015058.302493.jpg,Shoes,Heels,BC Footwear
images\ut-zap50k\Shoes\Clogs and Mules\Easy Spirit\8042507.2950.jpg,8042507.2950.jpg,Shoes,Clogs and Mules,Easy Spirit
images\ut-zap50k\Boots\Knee High\Blowfish\8029043.354486.jpg,8029043.354486.jpg,Boots,Knee High,Blowfish
images\ut-zap50k\Shoes\Sneakers and Athletic Shoes\adidas Outdoor\7983416.383051.jpg,7983416.383051.jpg,Shoes,Sneakers and Athletic Shoes,adidas Outdoor
images\ut-zap50k\Shoes\Sneakers and Athletic Shoes\DC\7246082.15920.jpg,7246082.15920.jpg,Shoes,Sneakers and Athletic Shoes,DC
images\ut-zap50k\Shoes\Boat Shoes\Steve Madden\7926091.6.jpg,7926091.6.jpg,Shoes,Boat Shoes,Steve Madden
images\ut-zap50k\Shoes\Flats\French Sole\8124753.106.jpg,8124753.106.jpg,Shoes,Flats,French Sole
images\ut-zap50k\Shoes\Flats\Primigi Kids\8022059.585.jpg,8022059.585.jpg,Shoes,Flats,Primigi Kids
images\ut-zap50k\Boots\Ankle\Chippewa\8080971.20.jpg,8080971.20.jpg,Boots,Ankle,Chippewa
images\ut-zap50k\Shoes\Sneakers and Athletic Shoes\New Balance\106667.751.jpg,106667.751.jpg,Shoes,Sneakers and Athletic Shoes,New Balance
images\ut-zap50k\Sandals\Flat\Born\8070588.388316.jpg,8070588.388316.jpg,Sandals,Flat,Born
images\ut-zap50k\Boots\Ankle\Josef Seibel\8010475.3.jpg,8010475.3.jpg,Boots,Ankle,Josef Seibel
images\ut-zap50k\Shoes\Firstwalker\Kenneth Cole Reaction Kids\7994576.632.jpg,7994576.632.jpg,Shoes,Firstwalker,Kenneth Cole Reaction Kids
images\ut-zap50k\Shoes\Sneakers and Athletic Shoes\etnies\7606184.37941.jpg,7606184.37941.jpg,Shoes,Sneakers and Athletic Shoes,etnies
images\ut-zap50k\Shoes\Sneakers and Athletic Shoes\Globe\7987094.359567.jpg,7987094.359567.jpg,Shoes,Sneakers and Athletic Shoes,Globe
images\ut-zap50k\Shoes\Heels\Fitzwell\7950973.9.jpg,7950973.9.jpg,Shoes,Heels,Fitzwell
images\ut-zap50k\Boots\Mid-Calf\Madden Girl\7535082.38764.jpg,7535082.38764.jpg,Boots,Mid-Calf,Madden Girl
images\ut-zap50k\Shoes\Sneakers and Athletic Shoes\Polo Ralph Lauren\8072904.72.jpg,8072904.72.jpg,Shoes,Sneakers and Athletic Shoes,Polo Ralph Lauren
images\ut-zap50k\Shoes\Sneakers and Athletic Shoes\Diadora Kids\7813961.149771.jpg,7813961.149771.jpg,Shoes,Sneakers and Athletic Shoes,Diadora Kids
images\ut-zap50k\Shoes\Sneakers and Athletic Shoes\Nike\7963990.366977.jpg,7963990.366977.jpg,Shoes,Sneakers and Athletic Shoes,Nike
images\ut-zap50k\Shoes\Loafers\Merrell\7460247.327423.jpg,7460247.327423.jpg,Shoes,Loafers,Merrell
images\ut-zap50k\Boots\Mid-Calf\Sorel\7982255.357848.jpg,7982255.357848.jpg,Boots,Mid-Calf,Sorel
images\ut-zap50k\Boots\Mid-Calf\Tundra Boots\8024288.3.jpg,8024288.3.jpg,Boots,Mid-Calf,Tundra Boots
images\ut-zap50k\Boots\Mid-Calf\Durango\8007105.18.jpg,8007105.18.jpg,Boots,Mid-Calf,Durango
images\ut-zap50k\Sandals\Flat\Salvatore Ferragamo\7767381.382905.jpg,7767381.382905.jpg,Sandals,Flat,Salvatore Ferragamo
images\ut-zap50k\Boots\Ankle\John Varvatos\8077296.529.jpg,8077296.529.jpg,Boots,Ankle,John Varvatos
images\ut-zap50k\Shoes\Heels\Gabriella Rocha\8021420.276904.jpg,8021420.276904.jpg,Shoes,Heels,Gabriella Rocha
images\ut-zap50k\Shoes\Heels\Wolky\7849338.106.jpg,7849338.106.jpg,Shoes,Heels,Wolky
images\ut-zap50k\Boots\Mid-Calf\Hunter\7609845.103054.jpg,7609845.103054.jpg,Boots,Mid-Calf,Hunter
images\ut-zap50k\Sandals\Flat\Naot Footwear\7895811.328143.jpg,7895811.328143.jpg,Sandals,Flat,Naot Footwear
images\ut-zap50k\Shoes\Heels\ALDO\8049022.3.jpg,8049022.3.jpg,Shoes,Heels,ALDO
images\ut-zap50k\Shoes\Clogs and Mules\Crocs\7372934.9.jpg,7372934.9.jpg,Shoes,Clogs and Mules,Crocs
images\ut-zap50k\Sandals\Flat\Frye\7915042.3.jpg,7915042.3.jpg,Sandals,Flat,Frye
images\ut-zap50k\Boots\Mid-Calf\Lacoste Kids\8022122.132362.jpg,8022122.132362.jpg,Boots,Mid-Calf,Lacoste Kids
images\ut-zap50k\Shoes\Flats\Rocket Dog\8082593.63699.jpg,8082593.63699.jpg,Shoes,Flats,Rocket Dog
images\ut-zap50k\Shoes\Sneakers and Athletic Shoes\Marc Jacobs\7999406.30172.jpg,7999406.30172.jpg,Shoes,Sneakers and Athletic Shoes,Marc Jacobs
images\ut-zap50k\Boots\Ankle\Frye\123566.236045.jpg,123566.236045.jpg,Boots,Ankle,Frye
images\ut-zap50k\Shoes\Sneakers and Athletic Shoes\New Balance\8088868.147.jpg,8088868.147.jpg,Shoes,Sneakers and Athletic Shoes,New Balance
images\ut-zap50k\Boots\Knee High\Gabriella Rocha\7586611.2529.jpg,7586611.2529.jpg,Boots,Knee High,Gabriella Rocha
images\ut-zap50k\Boots\Knee High\Frye\7594577.377056.jpg,7594577.377056.jpg,Boots,Knee High,Frye
images\ut-zap50k\Sandals\Flat\Scott Hawaii\7823286.18.jpg,7823286.18.jpg,Sandals,Flat,Scott Hawaii
images\ut-zap50k\Boots\Ankle\Lucky Brand\8048120.6.jpg,8048120.6.jpg,Boots,Ankle,Lucky Brand
images\ut-zap50k\Shoes\Sneakers and Athletic Shoes\Wilson\7885273.755.jpg,7885273.755.jpg,Shoes,Sneakers and Athletic Shoes,Wilson
images\ut-zap50k\Shoes\Flats\Rocket Dog\8029306.372850.jpg,8029306.372850.jpg,Shoes,Flats,Rocket Dog
images\ut-zap50k\Shoes\Clogs and Mules\Birkenstock\7344003.364594.jpg,7344003.364594.jpg,Shoes,Clogs and Mules,Birkenstock
images\ut-zap50k\Shoes\Oxfords\DSQUARED2\8002932.3.jpg,8002932.3.jpg,Shoes,Oxfords,DSQUARED2
images\ut-zap50k\Shoes\Flats\Madden Girl\8039521.20705.jpg,8039521.20705.jpg,Shoes,Flats,Madden Girl
images\ut-zap50k\Shoes\Heels\Lilly Pulitzer\8023083.3.jpg,8023083.3.jpg,Shoes,Heels,Lilly Pulitzer
images\ut-zap50k\Shoes\Clogs and Mules\Cordani\7177403.43599.jpg,7177403.43599.jpg,Shoes,Clogs and Mules,Cordani
images\ut-zap50k\Shoes\Flats\Elephantito\7840507.632.jpg,7840507.632.jpg,Shoes,Flats,Elephantito
images\ut-zap50k\Shoes\Flats\Merrell Kids\7973159.120565.jpg,7973159.120565.jpg,Shoes,Flats,Merrell Kids
images\ut-zap50k\Boots\Ankle\Nine West\8051306.106.jpg,8051306.106.jpg,Boots,Ankle,Nine West
images\ut-zap50k\Shoes\Sneakers and Athletic Shoes\Lacoste\8074195.325.jpg,8074195.325.jpg,Shoes,Sneakers and Athletic Shoes,Lacoste
images\ut-zap50k\Shoes\Heels\Cole Haan\7879695.245966.jpg,7879695.245966.jpg,Shoes,Heels,Cole Haan
images\ut-zap50k\Shoes\Flats\Primigi Kids\8022911.231.jpg,8022911.231.jpg,Shoes,Flats,Primigi Kids
images\ut-zap50k\Shoes\Heels\Cole Haan\7879695.158095.jpg,7879695.158095.jpg,Shoes,Heels,Cole Haan
images\ut-zap50k\Boots\Knee High\OluKai\7978218.4887.jpg,7978218.4887.jpg,Boots,Knee High,OluKai
images\ut-zap50k\Shoes\Loafers\Born\7819305.3.jpg,7819305.3.jpg,Shoes,Loafers,Born
images\ut-zap50k\Shoes\Heels\Ted Baker\8034027.374349.jpg,8034027.374349.jpg,Shoes,Heels,Ted Baker
images\ut-zap50k\Shoes\Sneakers and Athletic Shoes\PUMA\7838304.374721.jpg,7838304.374721.jpg,Shoes,Sneakers and Athletic Shoes,PUMA
images\ut-zap50k\Boots\Ankle\Clarks\7190321.1084.jpg,7190321.1084.jpg,Boots,Ankle,Clarks
images\ut-zap50k\Shoes\Boat Shoes\Sebago\7887985.8013.jpg,7887985.8013.jpg,Shoes,Boat Shoes,Sebago
images\ut-zap50k\Shoes\Sneakers and Athletic Shoes\DKNY\7972381.3.jpg,7972381.3.jpg,Shoes,Sneakers and Athletic Shoes,DKNY
images\ut-zap50k\Shoes\Sneakers and Athletic Shoes\Keen Kids\7801385.294647.jpg,7801385.294647.jpg,Shoes,Sneakers and Athletic Shoes,Keen Kids
images\ut-zap50k\Shoes\Sneakers and Athletic Shoes\Ipath\8038946.332255.jpg,8038946.332255.jpg,Shoes,Sneakers and Athletic Shoes,Ipath
images\ut-zap50k\Shoes\Sneakers and Athletic Shoes\Lacoste\8014150.20317.jpg,8014150.20317.jpg,Shoes,Sneakers and Athletic Shoes,Lacoste
images\ut-zap50k\Shoes\Flats\Sam Edelman\7874781.213718.jpg,7874781.213718.jpg,Shoes,Flats,Sam Edelman
images\ut-zap50k\Shoes\Sneakers and Athletic Shoes\Lakai\7245646.376479.jpg,7245646.376479.jpg,Shoes,Sneakers and Athletic Shoes,Lakai
images\ut-zap50k\Boots\Ankle\Sigerson Morrison\8008163.365902.jpg,8008163.365902.jpg,Boots,Ankle,Sigerson Morrison
images\ut-zap50k\Boots\Ankle\Rieker\8003025.3.jpg,8003025.3.jpg,Boots,Ankle,Rieker
images\ut-zap50k\Shoes\Heels\Stuart Weitzman Bridal & Evening Collection\7886160.273690.jpg,7886160.273690.jpg,Shoes,Heels,Stuart Weitzman Bridal & Evening Collection
images\ut-zap50k\Shoes\Sneakers and Athletic Shoes\Nike\8013376.367323.jpg,8013376.367323.jpg,Shoes,Sneakers and Athletic Shoes,Nike
images\ut-zap50k\Sandals\Flat\Stuart Weitzman Bridal & Evening Collection\7880719.12950.jpg,7880719.12950.jpg,Sandals,Flat,Stuart Weitzman Bridal & Evening Collection
images\ut-zap50k\Shoes\Sneakers and Athletic Shoes\Cushe\7718860.275.jpg,7718860.275.jpg,Shoes,Sneakers and Athletic Shoes,Cushe
images\ut-zap50k\Boots\Mid-Calf\El Naturalista\8024625.77673.jpg,8024625.77673.jpg,Boots,Mid-Calf,El Naturalista
images\ut-zap50k\Sandals\Flat\Vaneli\7506038.10144.jpg,7506038.10144.jpg,Sandals,Flat,Vaneli
images\ut-zap50k\Sandals\Flat\Vera Bradley\7874857.363223.jpg,7874857.363223.jpg,Sandals,Flat,Vera Bradley
images\ut-zap50k\Shoes\Heels\J-41\7993574.616.jpg,7993574.616.jpg,Shoes,Heels,J-41
images\ut-zap50k\Boots\Knee High\Steven\7386618.654.jpg,7386618.654.jpg,Boots,Knee High,Steven
images\ut-zap50k\Shoes\Sneakers and Athletic Shoes\Nike\7873374.371456.jpg,7873374.371456.jpg,Shoes,Sneakers and Athletic Shoes,Nike
images\ut-zap50k\Shoes\Flats\Kid Express\7925836.13960.jpg,7925836.13960.jpg,Shoes,Flats,Kid Express
images\ut-zap50k\Shoes\Heels\Oh! Shoes\8013955.367697.jpg,8013955.367697.jpg,Shoes,Heels,Oh! Shoes
images\ut-zap50k\Boots\Knee High\Pazitos\8002730.3.jpg,8002730.3.jpg,Boots,Knee High,Pazitos
images\ut-zap50k\Boots\Ankle\Ted Baker\8033999.72.jpg,8033999.72.jpg,Boots,Ankle,Ted Baker
images\ut-zap50k\Shoes\Flats\Pampili\7925098.559.jpg,7925098.559.jpg,Shoes,Flats,Pampili
images\ut-zap50k\Boots\Ankle\Lugz\110232.21549.jpg,110232.21549.jpg,Boots,Ankle,Lugz
images\ut-zap50k\Shoes\Sneakers and Athletic Shoes\Chaco\7983184.123538.jpg,7983184.123538.jpg,Shoes,Sneakers and Athletic Shoes,Chaco
images\ut-zap50k\Shoes\Heels\Cole Haan\7879684.3.jpg,7879684.3.jpg,Shoes,Heels,Cole Haan
images\ut-zap50k\Shoes\Heels\Nine West\8111315.18265.jpg,8111315.18265.jpg,Shoes,Heels,Nine West
images\ut-zap50k\Shoes\Sneakers and Athletic Shoes\Mizuno\7706780.151.jpg,7706780.151.jpg,Shoes,Sneakers and Athletic Shoes,Mizuno
images\ut-zap50k\Boots\Mid-Calf\Born\7986088.359275.jpg,7986088.359275.jpg,Boots,Mid-Calf,Born
images\ut-zap50k\Sandals\Flat\Grazie\8131362.14.jpg,8131362.14.jpg,Sandals,Flat,Grazie
images\ut-zap50k\Shoes\Sneakers and Athletic Shoes\Vibram FiveFingers\8146818.168.jpg,8146818.168.jpg,Shoes,Sneakers and Athletic Shoes,Vibram FiveFingers
images\ut-zap50k\Shoes\Sneakers and Athletic Shoes\PUMA\7972566.294993.jpg,7972566.294993.jpg,Shoes,Sneakers and Athletic Shoes,PUMA
images\ut-zap50k\Boots\Knee High\Hunter Kids\7658393.3.jpg,7658393.3.jpg,Boots,Knee High,Hunter Kids
images\ut-zap50k\Sandals\Flat\adidas\7796715.292188.jpg,7796715.292188.jpg,Sandals,Flat,adidas
images\ut-zap50k\Shoes\Oxfords\Camper\7231825.3.jpg,7231825.3.jpg,Shoes,Oxfords,Camper
images\ut-zap50k\Shoes\Sneakers and Athletic Shoes\New Balance\7626319.3.jpg,7626319.3.jpg,Shoes,Sneakers and Athletic Shoes,New Balance
images\ut-zap50k\Shoes\Heels\Nine West\8051969.20242.jpg,8051969.20242.jpg,Shoes,Heels,Nine West
images\ut-zap50k\Sandals\Flat\Stuart Weitzman\8064352.385089.jpg,8064352.385089.jpg,Sandals,Flat,Stuart Weitzman
images\ut-zap50k\Shoes\Heels\Steve Madden\8112951.136.jpg,8112951.136.jpg,Shoes,Heels,Steve Madden
images\ut-zap50k\Shoes\Sneakers and Athletic Shoes\New Balance Classics\7497950.2563.jpg,7497950.2563.jpg,Shoes,Sneakers and Athletic Shoes,New Balance Classics
images\ut-zap50k\Boots\Ankle\Wolverine\123495.652.jpg,123495.652.jpg,Boots,Ankle,Wolverine
images\ut-zap50k\Shoes\Loafers\Nunn Bush\7423517.309.jpg,7423517.309.jpg,Shoes,Loafers,Nunn Bush
images\ut-zap50k\Boots\Mid-Calf\Baffin\7999221.18.jpg,7999221.18.jpg,Boots,Mid-Calf,Baffin
images\ut-zap50k\Shoes\Oxfords\Cole Haan\7993497.361823.jpg,7993497.361823.jpg,Shoes,Oxfords,Cole Haan
images\ut-zap50k\Shoes\Flats\Ragg Kids\7847710.3.jpg,7847710.3.jpg,Shoes,Flats,Ragg Kids
images\ut-zap50k\Sandals\Flat\Trotters\8075610.84.jpg,8075610.84.jpg,Sandals,Flat,Trotters
images\ut-zap50k\Boots\Mid-Calf\Salomon\7649784.107413.jpg,7649784.107413.jpg,Boots,Mid-Calf,Salomon
images\ut-zap50k\Boots\Mid-Calf\Old Gringo\8026084.371629.jpg,8026084.371629.jpg,Boots,Mid-Calf,Old Gringo
images\ut-zap50k\Boots\Ankle\ALDO\8047340.3.jpg,8047340.3.jpg,Boots,Ankle,ALDO
images\ut-zap50k\Boots\Knee High\Beeko\7999624.574.jpg,7999624.574.jpg,Boots,Knee High,Beeko
images\ut-zap50k\Sandals\Flat\Stuart Weitzman Kids\8086047.3.jpg,8086047.3.jpg,Sandals,Flat,Stuart Weitzman Kids
images\ut-zap50k\Shoes\Sneakers and Athletic Shoes\adidas Originals\7599376.1001.jpg,7599376.1001.jpg,Shoes,Sneakers and Athletic Shoes,adidas Originals
images\ut-zap50k\Boots\Mid-Calf\Martino\8071393.89.jpg,8071393.89.jpg,Boots,Mid-Calf,Martino
images\ut-zap50k\Boots\Knee High\Kamik Kids\7997027.422.jpg,7997027.422.jpg,Boots,Knee High,Kamik Kids
images\ut-zap50k\Boots\Ankle\Dr. Martens\118955.367558.jpg,118955.367558.jpg,Boots,Ankle,Dr. Martens
images\ut-zap50k\Shoes\Loafers\Frye\7627287.248962.jpg,7627287.248962.jpg,Shoes,Loafers,Frye
images\ut-zap50k\Shoes\Sneakers and Athletic Shoes\Saucony Originals\7242934.65872.jpg,7242934.65872.jpg,Shoes,Sneakers and Athletic Shoes,Saucony Originals
images\ut-zap50k\Shoes\Loafers\Lacoste\8014288.325.jpg,8014288.325.jpg,Shoes,Loafers,Lacoste
images\ut-zap50k\Boots\Ankle\Frye\7572570.7275.jpg,7572570.7275.jpg,Boots,Ankle,Frye
images\ut-zap50k\Boots\Ankle\White Mountain\8039448.3.jpg,8039448.3.jpg,Boots,Ankle,White Mountain
images\ut-zap50k\Shoes\Heels\Chinese Laundry\7990719.360863.jpg,7990719.360863.jpg,Shoes,Heels,Chinese Laundry
images\ut-zap50k\Shoes\Heels\Madden Girl\7946245.1141.jpg,7946245.1141.jpg,Shoes,Heels,Madden Girl
images\ut-zap50k\Shoes\Heels\Nine West\8076760.391377.jpg,8076760.391377.jpg,Shoes,Heels,Nine West
images\ut-zap50k\Slippers\Slipper Flats\Foamtreads\7570015.67807.jpg,7570015.67807.jpg,Slippers,Slipper Flats,Foamtreads
images\ut-zap50k\Shoes\Sneakers and Athletic Shoes\School Issue\7648532.72.jpg,7648532.72.jpg,Shoes,Sneakers and Athletic Shoes,School Issue
images\ut-zap50k\Shoes\Sneakers and Athletic Shoes\Osiris\7645080.150239.jpg,7645080.150239.jpg,Shoes,Sneakers and Athletic Shoes,Osiris
images\ut-zap50k\Sandals\Flat\Worishofer\8018964.342.jpg,8018964.342.jpg,Sandals,Flat,Worishofer
images\ut-zap50k\Boots\Knee High\Joan & David\8029490.36988.jpg,8029490.36988.jpg,Boots,Knee High,Joan & David
images\ut-zap50k\Shoes\Flats\FootMates\7636400.234422.jpg,7636400.234422.jpg,Shoes,Flats,FootMates
images\ut-zap50k\Shoes\Sneakers and Athletic Shoes\ECCO\7888972.34095.jpg,7888972.34095.jpg,Shoes,Sneakers and Athletic Shoes,ECCO
images\ut-zap50k\Shoes\Sneakers and Athletic Shoes\Onitsuka Tiger by Asics\7170383.384000.jpg,7170383.384000.jpg,Shoes,Sneakers and Athletic Shoes,Onitsuka Tiger by Asics
images\ut-zap50k\Boots\Ankle\Romantic Soles\8020673.59.jpg,8020673.59.jpg,Boots,Ankle,Romantic Soles
images\ut-zap50k\Boots\Mid-Calf\Tundra Kids Boots\7220967.144.jpg,7220967.144.jpg,Boots,Mid-Calf,Tundra Kids Boots
images\ut-zap50k\Shoes\Sneakers and Athletic Shoes\adidas Outdoor\7921351.383043.jpg,7921351.383043.jpg,Shoes,Sneakers and Athletic Shoes,adidas Outdoor
images\ut-zap50k\Shoes\Sneakers and Athletic Shoes\Keen Kids\8068138.387166.jpg,8068138.387166.jpg,Shoes,Sneakers and Athletic Shoes,Keen Kids
images\ut-zap50k\Boots\Ankle\Sorel\7809809.105672.jpg,7809809.105672.jpg,Boots,Ankle,Sorel
images\ut-zap50k\Sandals\Flat\Naot Footwear\7895809.328144.jpg,7895809.328144.jpg,Sandals,Flat,Naot Footwear
images\ut-zap50k\Shoes\Sneakers and Athletic Shoes\Zigi\8098459.1892.jpg,8098459.1892.jpg,Shoes,Sneakers and Athletic Shoes,Zigi
images\ut-zap50k\Shoes\Heels\Truth or Dare By Madonna\8108063.89.jpg,8108063.89.jpg,Shoes,Heels,Truth or Dare By Madonna
images\ut-zap50k\Shoes\Flats\Naturino\7987284.43.jpg,7987284.43.jpg,Shoes,Flats,Naturino
images\ut-zap50k\Shoes\Clogs and Mules\Crocs\7372934.14.jpg,7372934.14.jpg,Shoes,Clogs and Mules,Crocs
images\ut-zap50k\Shoes\Heels\Mephisto\8019857.369663.jpg,8019857.369663.jpg,Shoes,Heels,Mephisto
images\ut-zap50k\Shoes\Sneakers and Athletic Shoes\PUMA\8014915.368032.jpg,8014915.368032.jpg,Shoes,Sneakers and Athletic Shoes,PUMA
images\ut-zap50k\Shoes\Heels\Stuart Weitzman\7978064.193006.jpg,7978064.193006.jpg,Shoes,Heels,Stuart Weitzman
images\ut-zap50k\Shoes\Heels\Clarks\8078793.20.jpg,8078793.20.jpg,Shoes,Heels,Clarks
images\ut-zap50k\Boots\Ankle\Lugz\8004077.3330.jpg,8004077.3330.jpg,Boots,Ankle,Lugz
images\ut-zap50k\Boots\Over the Knee\Annie\8016025.7294.jpg,8016025.7294.jpg,Boots,Over the Knee,Annie
images\ut-zap50k\Boots\Mid-Calf\Gypsy SOULE\8117411.3.jpg,8117411.3.jpg,Boots,Mid-Calf,Gypsy SOULE
images\ut-zap50k\Shoes\Sneakers and Athletic Shoes\inov-8\7882343.28169.jpg,7882343.28169.jpg,Shoes,Sneakers and Athletic Shoes,inov-8
images\ut-zap50k\Shoes\Sneakers and Athletic Shoes\Circa\7738614.5240.jpg,7738614.5240.jpg,Shoes,Sneakers and Athletic Shoes,Circa
images\ut-zap50k\Shoes\Sneakers and Athletic Shoes\PUMA\7975982.355462.jpg,7975982.355462.jpg,Shoes,Sneakers and Athletic Shoes,PUMA
images\ut-zap50k\Shoes\Sneakers and Athletic Shoes\PUMA\8014916.44016.jpg,8014916.44016.jpg,Shoes,Sneakers and Athletic Shoes,PUMA
images\ut-zap50k\Boots\Ankle\Timberland Kids\8112016.402696.jpg,8112016.402696.jpg,Boots,Ankle,Timberland Kids
images\ut-zap50k\Boots\Mid-Calf\Primigi Kids\8031602.401.jpg,8031602.401.jpg,Boots,Mid-Calf,Primigi Kids
images\ut-zap50k\Shoes\Sneakers and Athletic Shoes\Call it SPRING\8064771.401.jpg,8064771.401.jpg,Shoes,Sneakers and Athletic Shoes,Call it SPRING
images\ut-zap50k\Boots\Knee High\Zigi\8030174.3.jpg,8030174.3.jpg,Boots,Knee High,Zigi
images\ut-zap50k\Shoes\Sneakers and Athletic Shoes\GoLite\7817587.300226.jpg,7817587.300226.jpg,Shoes,Sneakers and Athletic Shoes,GoLite
images\ut-zap50k\Shoes\Loafers\Kenneth Cole New York\8022007.3.jpg,8022007.3.jpg,Shoes,Loafers,Kenneth Cole New York
images\ut-zap50k\Shoes\Firstwalker\Enzo Kids\7929686.9.jpg,7929686.9.jpg,Shoes,Firstwalker,Enzo Kids
images\ut-zap50k\Boots\Knee High\Minnetonka Kids\7781004.231.jpg,7781004.231.jpg,Boots,Knee High,Minnetonka Kids
images\ut-zap50k\Shoes\Flats\Pazitos\7764181.299245.jpg,7764181.299245.jpg,Shoes,Flats,Pazitos
images\ut-zap50k\Sandals\Flat\Aster Kids\7934485.340909.jpg,7934485.340909.jpg,Sandals,Flat,Aster Kids
images\ut-zap50k\Boots\Mid-Calf\Lucchese\7997857.363330.jpg,7997857.363330.jpg,Boots,Mid-Calf,Lucchese
images\ut-zap50k\Shoes\Flats\Marc Jacobs\7989113.360178.jpg,7989113.360178.jpg,Shoes,Flats,Marc Jacobs
images\ut-zap50k\Shoes\Loafers\Lacoste\8013543.4854.jpg,8013543.4854.jpg,Shoes,Loafers,Lacoste
images\ut-zap50k\Shoes\Sneakers and Athletic Shoes\Zoot Sports\7887916.324671.jpg,7887916.324671.jpg,Shoes,Sneakers and Athletic Shoes,Zoot Sports
images\ut-zap50k\Boots\Ankle\Timberland PRO\7553978.716.jpg,7553978.716.jpg,Boots,Ankle,Timberland PRO
images\ut-zap50k\Sandals\Flat\Joie\8141850.960.jpg,8141850.960.jpg,Sandals,Flat,Joie
images\ut-zap50k\Shoes\Sneakers and Athletic Shoes\New Balance\8020009.277024.jpg,8020009.277024.jpg,Shoes,Sneakers and Athletic Shoes,New Balance
images\ut-zap50k\Shoes\Heels\Naturalizer\8019434.369616.jpg,8019434.369616.jpg,Shoes,Heels,Naturalizer
images\ut-zap50k\Shoes\Flats\Rocket Dog\7867401.372856.jpg,7867401.372856.jpg,Shoes,Flats,Rocket Dog
images\ut-zap50k\Shoes\Sneakers and Athletic Shoes\New Balance\7888473.401.jpg,7888473.401.jpg,Shoes,Sneakers and Athletic Shoes,New Balance
images\ut-zap50k\Shoes\Loafers\Roxy\7811255.133274.jpg,7811255.133274.jpg,Shoes,Loafers,Roxy
images\ut-zap50k\Boots\Ankle\Baffin\7577482.19667.jpg,7577482.19667.jpg,Boots,Ankle,Baffin
images\ut-zap50k\Boots\Ankle\Baffin\7828933.60041.jpg,7828933.60041.jpg,Boots,Ankle,Baffin
images\ut-zap50k\Boots\Mid-Calf\Frye\7970370.352767.jpg,7970370.352767.jpg,Boots,Mid-Calf,Frye
images\ut-zap50k\Sandals\Flat\Bandolino\8088930.9369.jpg,8088930.9369.jpg,Sandals,Flat,Bandolino
images\ut-zap50k\Sandals\Flat\Naot Footwear\7128308.95658.jpg,7128308.95658.jpg,Sandals,Flat,Naot Footwear
images\ut-zap50k\Boots\Knee High\Rockport\7996645.1394.jpg,7996645.1394.jpg,Boots,Knee High,Rockport
images\ut-zap50k\Shoes\Heels\CARLOS by Carlos Santana\113067.200.jpg,113067.200.jpg,Shoes,Heels,CARLOS by Carlos Santana
images\ut-zap50k\Shoes\Sneakers and Athletic Shoes\Bloch\7966721.559.jpg,7966721.559.jpg,Shoes,Sneakers and Athletic Shoes,Bloch
images\ut-zap50k\Shoes\Oxfords\Allen-Edmonds\7834273.306117.jpg,7834273.306117.jpg,Shoes,Oxfords,Allen-Edmonds
images\ut-zap50k\Shoes\Flats\David Tate\7894604.3.jpg,7894604.3.jpg,Shoes,Flats,David Tate
images\ut-zap50k\Boots\Mid-Calf\Jumping Jacks Kids\7996033.362794.jpg,7996033.362794.jpg,Boots,Mid-Calf,Jumping Jacks Kids
images\ut-zap50k\Shoes\Sneakers and Athletic Shoes\Converse\110227.221278.jpg,110227.221278.jpg,Shoes,Sneakers and Athletic Shoes,Converse
images\ut-zap50k\Slippers\Slipper Flats\Giesswein\8036310.334207.jpg,8036310.334207.jpg,Slippers,Slipper Flats,Giesswein
images\ut-zap50k\Shoes\Sneakers and Athletic Shoes\Under Armour\8047013.151.jpg,8047013.151.jpg,Shoes,Sneakers and Athletic Shoes,Under Armour
images\ut-zap50k\Shoes\Heels\Bandolino\8090041.346803.jpg,8090041.346803.jpg,Shoes,Heels,Bandolino
images\ut-zap50k\Shoes\Sneakers and Athletic Shoes\Vans Kids\7977266.325825.jpg,7977266.325825.jpg,Shoes,Sneakers and Athletic Shoes,Vans Kids
images\ut-zap50k\Shoes\Sneakers and Athletic Shoes\Nike Kids\7968886.370064.jpg,7968886.370064.jpg,Shoes,Sneakers and Athletic Shoes,Nike Kids
images\ut-zap50k\Shoes\Loafers\BOSS Black\7643009.3561.jpg,7643009.3561.jpg,Shoes,Loafers,BOSS Black
images\ut-zap50k\Shoes\Loafers\Steve Madden\7922162.151.jpg,7922162.151.jpg,Shoes,Loafers,Steve Madden
images\ut-zap50k\Shoes\Heels\Isola\8111398.422803.jpg,8111398.422803.jpg,Shoes,Heels,Isola
images\ut-zap50k\Shoes\Sneakers and Athletic Shoes\Nike\7679203.369193.jpg,7679203.369193.jpg,Shoes,Sneakers and Athletic Shoes,Nike
images\ut-zap50k\Slippers\Slipper Flats\Globe\7174012.3277.jpg,7174012.3277.jpg,Slippers,Slipper Flats,Globe
images\ut-zap50k\Sandals\Flat\Cushe\7751280.216.jpg,7751280.216.jpg,Sandals,Flat,Cushe
images\ut-zap50k\Shoes\Flats\Romantic Soles\8025936.174793.jpg,8025936.174793.jpg,Shoes,Flats,Romantic Soles
images\ut-zap50k\Shoes\Sneakers and Athletic Shoes\Saucony\7787898.2125.jpg,7787898.2125.jpg,Shoes,Sneakers and Athletic Shoes,Saucony
images\ut-zap50k\Shoes\Sneakers and Athletic Shoes\Nike\7972016.350482.jpg,7972016.350482.jpg,Shoes,Sneakers and Athletic Shoes,Nike
images\ut-zap50k\Shoes\Heels\Vince Camuto\8113445.3.jpg,8113445.3.jpg,Shoes,Heels,Vince Camuto
images\ut-zap50k\Sandals\Flat\Nike Kids\7489688.388261.jpg,7489688.388261.jpg,Sandals,Flat,Nike Kids
images\ut-zap50k\Boots\Ankle\Frye\7719325.263039.jpg,7719325.263039.jpg,Boots,Ankle,Frye
images\ut-zap50k\Sandals\Flat\DV by Dolce Vita\8122668.69098.jpg,8122668.69098.jpg,Sandals,Flat,DV by Dolce Vita
images\ut-zap50k\Sandals\Flat\Teva\7873821.20.jpg,7873821.20.jpg,Sandals,Flat,Teva
images\ut-zap50k\Boots\Knee High\Salvatore Ferragamo\7964049.275.jpg,7964049.275.jpg,Boots,Knee High,Salvatore Ferragamo
images\ut-zap50k\Shoes\Heels\Paul Green\8009502.164.jpg,8009502.164.jpg,Shoes,Heels,Paul Green
images\ut-zap50k\Shoes\Sneakers and Athletic Shoes\ECCO Sport\8036846.375218.jpg,8036846.375218.jpg,Shoes,Sneakers and Athletic Shoes,ECCO Sport
images\ut-zap50k\Shoes\Flats\Drew\7760984.60.jpg,7760984.60.jpg,Shoes,Flats,Drew
images\ut-zap50k\Boots\Ankle\Salomon\7735351.330259.jpg,7735351.330259.jpg,Boots,Ankle,Salomon
images\ut-zap50k\Shoes\Sneakers and Athletic Shoes\ASICS\8054073.380871.jpg,8054073.380871.jpg,Shoes,Sneakers and Athletic Shoes,ASICS
images\ut-zap50k\Shoes\Flats\Steve Madden\8030192.36520.jpg,8030192.36520.jpg,Shoes,Flats,Steve Madden
images\ut-zap50k\Slippers\Slipper Flats\UGG Kids\7863201.3.jpg,7863201.3.jpg,Slippers,Slipper Flats,UGG Kids
images\ut-zap50k\Shoes\Clogs and Mules\Haflinger\7802053.1917.jpg,7802053.1917.jpg,Shoes,Clogs and Mules,Haflinger
images\ut-zap50k\Shoes\Sneakers and Athletic Shoes\Frye\7880665.529.jpg,7880665.529.jpg,Shoes,Sneakers and Athletic Shoes,Frye
images\ut-zap50k\Shoes\Heels\Cole Haan\8000936.53513.jpg,8000936.53513.jpg,Shoes,Heels,Cole Haan
images\ut-zap50k\Boots\Mid-Calf\Beeko\7999614.574.jpg,7999614.574.jpg,Boots,Mid-Calf,Beeko
images\ut-zap50k\Shoes\Flats\Ragg Kids\8030587.1334.jpg,8030587.1334.jpg,Shoes,Flats,Ragg Kids
images\ut-zap50k\Boots\Mid-Calf\Baffin\7486131.6.jpg,7486131.6.jpg,Boots,Mid-Calf,Baffin
images\ut-zap50k\Shoes\Flats\Gentle Souls\7834962.72.jpg,7834962.72.jpg,Shoes,Flats,Gentle Souls
images\ut-zap50k\Boots\Ankle\Harley-Davidson\8009043.3.jpg,8009043.3.jpg,Boots,Ankle,Harley-Davidson
images\ut-zap50k\Boots\Mid-Calf\Wolverine\7555323.6.jpg,7555323.6.jpg,Boots,Mid-Calf,Wolverine
images\ut-zap50k\Shoes\Flats\Morgan&Milo Kids\8018628.559.jpg,8018628.559.jpg,Shoes,Flats,Morgan&Milo Kids
images\ut-zap50k\Shoes\Loafers\Steve Madden\7990710.106.jpg,7990710.106.jpg,Shoes,Loafers,Steve Madden
images\ut-zap50k\Shoes\Sneakers and Athletic Shoes\New Balance Classics\7648875.346466.jpg,7648875.346466.jpg,Shoes,Sneakers and Athletic Shoes,New Balance Classics
images\ut-zap50k\Shoes\Flats\Geox Kids\8016571.603.jpg,8016571.603.jpg,Shoes,Flats,Geox Kids
images\ut-zap50k\Shoes\Sneakers and Athletic Shoes\adidas\7976241.267221.jpg,7976241.267221.jpg,Shoes,Sneakers and Athletic Shoes,adidas
images\ut-zap50k\Shoes\Heels\Gabriella Rocha\7640366.72.jpg,7640366.72.jpg,Shoes,Heels,Gabriella Rocha
images\ut-zap50k\Shoes\Sneakers and Athletic Shoes\Salomon\7815160.299315.jpg,7815160.299315.jpg,Shoes,Sneakers and Athletic Shoes,Salomon
images\ut-zap50k\Boots\Mid-Calf\Primigi Kids\8031648.3.jpg,8031648.3.jpg,Boots,Mid-Calf,Primigi Kids
images\ut-zap50k\Shoes\Clogs and Mules\Haflinger\8023520.401.jpg,8023520.401.jpg,Shoes,Clogs and Mules,Haflinger
images\ut-zap50k\Boots\Ankle\Columbia Kids\7964580.41068.jpg,7964580.41068.jpg,Boots,Ankle,Columbia Kids
images\ut-zap50k\Shoes\Heels\rsvp\8044123.377319.jpg,8044123.377319.jpg,Shoes,Heels,rsvp
images\ut-zap50k\Shoes\Sneakers and Athletic Shoes\KangaROOS Kids\8067873.28814.jpg,8067873.28814.jpg,Shoes,Sneakers and Athletic Shoes,KangaROOS Kids
images\ut-zap50k\Shoes\Flats\Stride Rite\7815384.222.jpg,7815384.222.jpg,Shoes,Flats,Stride Rite
images\ut-zap50k\Shoes\Sneakers and Athletic Shoes\Mizuno\8069467.387915.jpg,8069467.387915.jpg,Shoes,Sneakers and Athletic Shoes,Mizuno
images\ut-zap50k\Shoes\Flats\Sperry Top-Sider\7722788.331459.jpg,7722788.331459.jpg,Shoes,Flats,Sperry Top-Sider
images\ut-zap50k\Boots\Mid-Calf\Frye\101191.239309.jpg,101191.239309.jpg,Boots,Mid-Calf,Frye
images\ut-zap50k\Shoes\Flats\Fitzwell\8100126.535.jpg,8100126.535.jpg,Shoes,Flats,Fitzwell
images\ut-zap50k\Sandals\Flat\Merrell\7879650.184335.jpg,7879650.184335.jpg,Sandals,Flat,Merrell
images\ut-zap50k\Shoes\Sneakers and Athletic Shoes\Geox Kids\8015656.506.jpg,8015656.506.jpg,Shoes,Sneakers and Athletic Shoes,Geox Kids
images\ut-zap50k\Shoes\Flats\Diane Von Furstenberg\7922074.335686.jpg,7922074.335686.jpg,Shoes,Flats,Diane Von Furstenberg
images\ut-zap50k\Shoes\Heels\Circa Joan & David\7952607.15243.jpg,7952607.15243.jpg,Shoes,Heels,Circa Joan & David
images\ut-zap50k\Boots\Ankle\Sorel\7797608.357860.jpg,7797608.357860.jpg,Boots,Ankle,Sorel
images\ut-zap50k\Shoes\Heels\Lumiani\8093417.4751.jpg,8093417.4751.jpg,Shoes,Heels,Lumiani
images\ut-zap50k\Shoes\Oxfords\Bass\7616146.337753.jpg,7616146.337753.jpg,Shoes,Oxfords,Bass
images\ut-zap50k\Shoes\Heels\Jessica Simpson Kids\7495277.934.jpg,7495277.934.jpg,Shoes,Heels,Jessica Simpson Kids
images\ut-zap50k\Shoes\Sneakers and Athletic Shoes\Reebok Lifestyle\7231285.151.jpg,7231285.151.jpg,Shoes,Sneakers and Athletic Shoes,Reebok Lifestyle
images\ut-zap50k\Shoes\Sneakers and Athletic Shoes\FitFlop\7997022.23023.jpg,7997022.23023.jpg,Shoes,Sneakers and Athletic Shoes,FitFlop
images\ut-zap50k\Sandals\Flat\Helle Comfort\8002388.364581.jpg,8002388.364581.jpg,Sandals,Flat,Helle Comfort
images\ut-zap50k\Boots\Mid-Calf\Tundra Kids Boots\7220968.1001.jpg,7220968.1001.jpg,Boots,Mid-Calf,Tundra Kids Boots
images\ut-zap50k\Shoes\Sneakers and Athletic Shoes\New Balance\8025508.751.jpg,8025508.751.jpg,Shoes,Sneakers and Athletic Shoes,New Balance
images\ut-zap50k\Sandals\Flat\Naot Footwear\7895812.185879.jpg,7895812.185879.jpg,Sandals,Flat,Naot Footwear
images\ut-zap50k\Sandals\Flat\Havaianas\8110317.28712.jpg,8110317.28712.jpg,Sandals,Flat,Havaianas
images\ut-zap50k\Shoes\Sneakers and Athletic Shoes\Stride Rite\8000181.363965.jpg,8000181.363965.jpg,Shoes,Sneakers and Athletic Shoes,Stride Rite
images\ut-zap50k\Shoes\Heels\Nine West\8050752.72.jpg,8050752.72.jpg,Shoes,Heels,Nine West
images\ut-zap50k\Shoes\Heels\Nine West\8076901.106.jpg,8076901.106.jpg,Shoes,Heels,Nine West
images\ut-zap50k\Boots\Ankle\Naughty Monkey\8014944.11.jpg,8014944.11.jpg,Boots,Ankle,Naughty Monkey
images\ut-zap50k\Boots\Knee High\Chinese Laundry\8029247.3.jpg,8029247.3.jpg,Boots,Knee High,Chinese Laundry
images\ut-zap50k\Shoes\Sneakers and Athletic Shoes\Polo Ralph Lauren\7751190.389890.jpg,7751190.389890.jpg,Shoes,Sneakers and Athletic Shoes,Polo Ralph Lauren
images\ut-zap50k\Shoes\Oxfords\Johnston & Murphy\7568735.128758.jpg,7568735.128758.jpg,Shoes,Oxfords,Johnston & Murphy
images\ut-zap50k\Shoes\Sneakers and Athletic Shoes\Merrell Kids\7810699.5667.jpg,7810699.5667.jpg,Shoes,Sneakers and Athletic Shoes,Merrell Kids
images\ut-zap50k\Shoes\Sneakers and Athletic Shoes\pediped\7998075.3.jpg,7998075.3.jpg,Shoes,Sneakers and Athletic Shoes,pediped
images\ut-zap50k\Shoes\Loafers\Bostonian\7836202.3.jpg,7836202.3.jpg,Shoes,Loafers,Bostonian
images\ut-zap50k\Shoes\Sneakers and Athletic Shoes\Teva\7960578.142738.jpg,7960578.142738.jpg,Shoes,Sneakers and Athletic Shoes,Teva
images\ut-zap50k\Shoes\Sneakers and Athletic Shoes\Sanuk\7909624.4202.jpg,7909624.4202.jpg,Shoes,Sneakers and Athletic Shoes,Sanuk
images\ut-zap50k\Boots\Mid-Calf\Kamik Kids\7998268.10783.jpg,7998268.10783.jpg,Boots,Mid-Calf,Kamik Kids
images\ut-zap50k\Shoes\Sneakers and Athletic Shoes\PUMA\7883255.375690.jpg,7883255.375690.jpg,Shoes,Sneakers and Athletic Shoes,PUMA
images\ut-zap50k\Boots\Ankle\UGG Kids\8045297.3.jpg,8045297.3.jpg,Boots,Ankle,UGG Kids
images\ut-zap50k\Boots\Ankle\UGG\8041973.18796.jpg,8041973.18796.jpg,Boots,Ankle,UGG
images\ut-zap50k\Boots\Knee High\Geox\8004708.3.jpg,8004708.3.jpg,Boots,Knee High,Geox
images\ut-zap50k\Shoes\Sneakers and Athletic Shoes\EVOLV\8094634.711.jpg,8094634.711.jpg,Shoes,Sneakers and Athletic Shoes,EVOLV
images\ut-zap50k\Shoes\Sneakers and Athletic Shoes\Saucony\7882253.63236.jpg,7882253.63236.jpg,Shoes,Sneakers and Athletic Shoes,Saucony
images\ut-zap50k\Boots\Mid-Calf\Superfit\7827295.365321.jpg,7827295.365321.jpg,Boots,Mid-Calf,Superfit
images\ut-zap50k\Sandals\Flat\Clarks\8078932.652.jpg,8078932.652.jpg,Sandals,Flat,Clarks
images\ut-zap50k\Shoes\Clogs and Mules\Naot Footwear\7448610.34904.jpg,7448610.34904.jpg,Shoes,Clogs and Mules,Naot Footwear
images\ut-zap50k\Boots\Ankle\Timberland PRO\115075.2099.jpg,115075.2099.jpg,Boots,Ankle,Timberland PRO
images\ut-zap50k\Sandals\Flat\VOLATILE\7956699.200.jpg,7956699.200.jpg,Sandals,Flat,VOLATILE
images\ut-zap50k\Boots\Ankle\UGG Kids\7972798.18.jpg,7972798.18.jpg,Boots,Ankle,UGG Kids
images\ut-zap50k\Boots\Mid-Calf\Caterpillar Casual\8052228.2122.jpg,8052228.2122.jpg,Boots,Mid-Calf,Caterpillar Casual
images\ut-zap50k\Shoes\Clogs and Mules\Alegria\7814541.357320.jpg,7814541.357320.jpg,Shoes,Clogs and Mules,Alegria
images\ut-zap50k\Boots\Ankle\Blowfish\8103921.407839.jpg,8103921.407839.jpg,Boots,Ankle,Blowfish
images\ut-zap50k\Sandals\Flat\Volcom\8077948.275.jpg,8077948.275.jpg,Sandals,Flat,Volcom
images\ut-zap50k\Boots\Knee High\Blondo\8015993.368359.jpg,8015993.368359.jpg,Boots,Knee High,Blondo
images\ut-zap50k\Boots\Mid-Calf\UGG\8041780.3.jpg,8041780.3.jpg,Boots,Mid-Calf,UGG
images\ut-zap50k\Boots\Mid-Calf\Sorel Kids\7333891.3.jpg,7333891.3.jpg,Boots,Mid-Calf,Sorel Kids
images\ut-zap50k\Shoes\Heels\Franco Sarto\8090606.396302.jpg,8090606.396302.jpg,Shoes,Heels,Franco Sarto
images\ut-zap50k\Boots\Mid-Calf\Stonz\8105427.400633.jpg,8105427.400633.jpg,Boots,Mid-Calf,Stonz
images\ut-zap50k\Shoes\Heels\Donald J Pliner\8018430.70334.jpg,8018430.70334.jpg,Shoes,Heels,Donald J Pliner
images\ut-zap50k\Shoes\Sneakers and Athletic Shoes\PUMA\7682775.382669.jpg,7682775.382669.jpg,Shoes,Sneakers and Athletic Shoes,PUMA
images\ut-zap50k\Shoes\Flats\Twig Kids\7843469.89.jpg,7843469.89.jpg,Shoes,Flats,Twig Kids
images\ut-zap50k\Shoes\Sneakers and Athletic Shoes\DVS Shoe Company\7740228.15.jpg,7740228.15.jpg,Shoes,Sneakers and Athletic Shoes,DVS Shoe Company
images\ut-zap50k\Shoes\Clogs and Mules\The North Face\7999229.363715.jpg,7999229.363715.jpg,Shoes,Clogs and Mules,The North Face
images\ut-zap50k\Shoes\Flats\Wolky\7934822.341027.jpg,7934822.341027.jpg,Shoes,Flats,Wolky
images\ut-zap50k\Boots\Mid-Calf\To Boot New York\8059906.383259.jpg,8059906.383259.jpg,Boots,Mid-Calf,To Boot New York
images\ut-zap50k\Shoes\Heels\Bella-Vita\7614602.269283.jpg,7614602.269283.jpg,Shoes,Heels,Bella-Vita
images\ut-zap50k\Shoes\Loafers\Mephisto\7752717.390141.jpg,7752717.390141.jpg,Shoes,Loafers,Mephisto
images\ut-zap50k\Boots\Mid-Calf\Frye\7677053.184651.jpg,7677053.184651.jpg,Boots,Mid-Calf,Frye
images\ut-zap50k\Shoes\Sneakers and Athletic Shoes\Converse\8033729.742.jpg,8033729.742.jpg,Shoes,Sneakers and Athletic Shoes,Converse
images\ut-zap50k\Shoes\Heels\Nine West\8113007.72.jpg,8113007.72.jpg,Shoes,Heels,Nine West
images\ut-zap50k\Sandals\Flat\Grazie\8053302.200.jpg,8053302.200.jpg,Sandals,Flat,Grazie
images\ut-zap50k\Shoes\Sneakers and Athletic Shoes\etnies\8029583.40307.jpg,8029583.40307.jpg,Shoes,Sneakers and Athletic Shoes,etnies
images\ut-zap50k\Shoes\Heels\Circa Joan & David\8000042.63200.jpg,8000042.63200.jpg,Shoes,Heels,Circa Joan & David
images\ut-zap50k\Shoes\Clogs and Mules\Klogs USA\8025673.10715.jpg,8025673.10715.jpg,Shoes,Clogs and Mules,Klogs USA
images\ut-zap50k\Shoes\Clogs and Mules\Birkenstock Kids\7131526.82233.jpg,7131526.82233.jpg,Shoes,Clogs and Mules,Birkenstock Kids
images\ut-zap50k\Shoes\Sneakers and Athletic Shoes\ASICS\7646694.2717.jpg,7646694.2717.jpg,Shoes,Sneakers and Athletic Shoes,ASICS
images\ut-zap50k\Shoes\Sneakers and Athletic Shoes\Converse Kids\7553444.9.jpg,7553444.9.jpg,Shoes,Sneakers and Athletic Shoes,Converse Kids
images\ut-zap50k\Shoes\Heels\Stuart Weitzman\7647941.193006.jpg,7647941.193006.jpg,Shoes,Heels,Stuart Weitzman
images\ut-zap50k\Shoes\Loafers\SKECHERS\8000684.3.jpg,8000684.3.jpg,Shoes,Loafers,SKECHERS
images\ut-zap50k\Shoes\Sneakers and Athletic Shoes\Five Ten\7324568.23021.jpg,7324568.23021.jpg,Shoes,Sneakers and Athletic Shoes,Five Ten
images\ut-zap50k\Boots\Knee High\Burberry\8039467.18.jpg,8039467.18.jpg,Boots,Knee High,Burberry
images\ut-zap50k\Shoes\Sneakers and Athletic Shoes\Keen\7976860.355937.jpg,7976860.355937.jpg,Shoes,Sneakers and Athletic Shoes,Keen
images\ut-zap50k\Boots\Mid-Calf\Pazitos\7844957.31317.jpg,7844957.31317.jpg,Boots,Mid-Calf,Pazitos
images\ut-zap50k\Boots\Mid-Calf\Frye Kids\7599268.3.jpg,7599268.3.jpg,Boots,Mid-Calf,Frye Kids
images\ut-zap50k\Sandals\Flat\Grazie\8041309.3.jpg,8041309.3.jpg,Sandals,Flat,Grazie
images\ut-zap50k\Shoes\Flats\Arcopedico\7328339.9.jpg,7328339.9.jpg,Shoes,Flats,Arcopedico
images\ut-zap50k\Shoes\Clogs and Mules\Merrell\7659828.3947.jpg,7659828.3947.jpg,Shoes,Clogs and Mules,Merrell
images\ut-zap50k\Boots\Mid-Calf\Chooka\8052361.20.jpg,8052361.20.jpg,Boots,Mid-Calf,Chooka
images\ut-zap50k\Sandals\Flat\Spring Step\7639914.43.jpg,7639914.43.jpg,Sandals,Flat,Spring Step
images\ut-zap50k\Boots\Ankle\Rieker\8004894.8191.jpg,8004894.8191.jpg,Boots,Ankle,Rieker
images\ut-zap50k\Shoes\Sneakers and Athletic Shoes\ASICS\7984074.358642.jpg,7984074.358642.jpg,Shoes,Sneakers and Athletic Shoes,ASICS
images\ut-zap50k\Shoes\Clogs and Mules\Alegria\7814575.367595.jpg,7814575.367595.jpg,Shoes,Clogs and Mules,Alegria
images\ut-zap50k\Boots\Mid-Calf\Ariat\7220782.16158.jpg,7220782.16158.jpg,Boots,Mid-Calf,Ariat
images\ut-zap50k\Boots\Knee High\Frye\7792053.3009.jpg,7792053.3009.jpg,Boots,Knee High,Frye
images\ut-zap50k\Shoes\Sneakers and Athletic Shoes\SKECHERS\8140598.62839.jpg,8140598.62839.jpg,Shoes,Sneakers and Athletic Shoes,SKECHERS
images\ut-zap50k\Shoes\Heels\Fitzwell\7578538.90.jpg,7578538.90.jpg,Shoes,Heels,Fitzwell
images\ut-zap50k\Boots\Mid-Calf\La Canadienne\7996654.301884.jpg,7996654.301884.jpg,Boots,Mid-Calf,La Canadienne
images\ut-zap50k\Shoes\Boat Shoes\Sperry Top-Sider\7161124.133718.jpg,7161124.133718.jpg,Shoes,Boat Shoes,Sperry Top-Sider
images\ut-zap50k\Sandals\Flat\El Naturalista\7984816.12631.jpg,7984816.12631.jpg,Sandals,Flat,El Naturalista
images\ut-zap50k\Shoes\Sneakers and Athletic Shoes\PUMA\7588605.363230.jpg,7588605.363230.jpg,Shoes,Sneakers and Athletic Shoes,PUMA
images\ut-zap50k\Shoes\Sneakers and Athletic Shoes\DC\7892790.3917.jpg,7892790.3917.jpg,Shoes,Sneakers and Athletic Shoes,DC
images\ut-zap50k\Shoes\Clogs and Mules\Alegria\8108131.401262.jpg,8108131.401262.jpg,Shoes,Clogs and Mules,Alegria
images\ut-zap50k\Shoes\Sneakers and Athletic Shoes\MICHAEL Michael Kors\8036830.464.jpg,8036830.464.jpg,Shoes,Sneakers and Athletic Shoes,MICHAEL Michael Kors
images\ut-zap50k\Shoes\Heels\Munro American\7585537.2986.jpg,7585537.2986.jpg,Shoes,Heels,Munro American
images\ut-zap50k\Boots\Ankle\Keen\7418200.295707.jpg,7418200.295707.jpg,Boots,Ankle,Keen
images\ut-zap50k\Shoes\Sneakers and Athletic Shoes\inov-8\7618598.164574.jpg,7618598.164574.jpg,Shoes,Sneakers and Athletic Shoes,inov-8
images\ut-zap50k\Sandals\Flat\Flojos\8016346.552.jpg,8016346.552.jpg,Sandals,Flat,Flojos
images\ut-zap50k\Boots\Knee High\Cole Haan\8000918.69925.jpg,8000918.69925.jpg,Boots,Knee High,Cole Haan
images\ut-zap50k\Shoes\Sneakers and Athletic Shoes\Salomon\7982227.357833.jpg,7982227.357833.jpg,Shoes,Sneakers and Athletic Shoes,Salomon
images\ut-zap50k\Shoes\Sneakers and Athletic Shoes\ASICS\7881990.355810.jpg,7881990.355810.jpg,Shoes,Sneakers and Athletic Shoes,ASICS
images\ut-zap50k\Shoes\Oxfords\Steve Madden\8026617.72.jpg,8026617.72.jpg,Shoes,Oxfords,Steve Madden
images\ut-zap50k\Boots\Ankle\Gabriella Rocha\8039713.21.jpg,8039713.21.jpg,Boots,Ankle,Gabriella Rocha
images\ut-zap50k\Shoes\Flats\Trotters\7994242.17043.jpg,7994242.17043.jpg,Shoes,Flats,Trotters
images\ut-zap50k\Sandals\Flat\Merrell\7879690.3.jpg,7879690.3.jpg,Sandals,Flat,Merrell
images\ut-zap50k\Sandals\Flat\Mephisto\7947980.344750.jpg,7947980.344750.jpg,Sandals,Flat,Mephisto
images\ut-zap50k\Boots\Mid-Calf\Merrell\7987336.298.jpg,7987336.298.jpg,Boots,Mid-Calf,Merrell
images\ut-zap50k\Shoes\Sneakers and Athletic Shoes\PUMA\8059687.368025.jpg,8059687.368025.jpg,Shoes,Sneakers and Athletic Shoes,PUMA
images\ut-zap50k\Shoes\Heels\Sergio Rossi\7996952.21550.jpg,7996952.21550.jpg,Shoes,Heels,Sergio Rossi
images\ut-zap50k\Shoes\Heels\Stuart Weitzman Bridal & Evening Collection\7976636.3528.jpg,7976636.3528.jpg,Shoes,Heels,Stuart Weitzman Bridal & Evening Collection
images\ut-zap50k\Shoes\Loafers\Rockport\7996636.3.jpg,7996636.3.jpg,Shoes,Loafers,Rockport
images\ut-zap50k\Shoes\Flats\Big Buddha\7882090.248626.jpg,7882090.248626.jpg,Shoes,Flats,Big Buddha
images\ut-zap50k\Shoes\Flats\Keen\7892997.3.jpg,7892997.3.jpg,Shoes,Flats,Keen
images\ut-zap50k\Shoes\Heels\LAUREN Ralph Lauren\8125551.187909.jpg,8125551.187909.jpg,Shoes,Heels,LAUREN Ralph Lauren
images\ut-zap50k\Boots\Ankle\Bates Footwear\7821346.3.jpg,7821346.3.jpg,Boots,Ankle,Bates Footwear
images\ut-zap50k\Boots\Mid-Calf\Hunter Kids\7653756.396.jpg,7653756.396.jpg,Boots,Mid-Calf,Hunter Kids
images\ut-zap50k\Shoes\Sneakers and Athletic Shoes\Circa\7328707.69725.jpg,7328707.69725.jpg,Shoes,Sneakers and Athletic Shoes,Circa
images\ut-zap50k\Boots\Mid-Calf\Timberland Kids\7987542.716.jpg,7987542.716.jpg,Boots,Mid-Calf,Timberland Kids
images\ut-zap50k\Boots\Knee High\Diba\8024015.594.jpg,8024015.594.jpg,Boots,Knee High,Diba
images\ut-zap50k\Shoes\Heels\Kate Spade New York\7883217.385018.jpg,7883217.385018.jpg,Shoes,Heels,Kate Spade New York
images\ut-zap50k\Shoes\Sneakers and Athletic Shoes\Diesel\7922109.23023.jpg,7922109.23023.jpg,Shoes,Sneakers and Athletic Shoes,Diesel
images\ut-zap50k\Shoes\Heels\J-41\7993598.3.jpg,7993598.3.jpg,Shoes,Heels,J-41
images\ut-zap50k\Shoes\Sneakers and Athletic Shoes\Lacoste\8050494.3.jpg,8050494.3.jpg,Shoes,Sneakers and Athletic Shoes,Lacoste
images\ut-zap50k\Sandals\Flat\Teva\7593643.6.jpg,7593643.6.jpg,Sandals,Flat,Teva
images\ut-zap50k\Boots\Ankle\Baffin\7828433.3.jpg,7828433.3.jpg,Boots,Ankle,Baffin
images\ut-zap50k\Shoes\Flats\Beeko\7999604.559.jpg,7999604.559.jpg,Shoes,Flats,Beeko
images\ut-zap50k\Shoes\Loafers\Sanuk\7244114.6.jpg,7244114.6.jpg,Shoes,Loafers,Sanuk
images\ut-zap50k\Shoes\Loafers\Allen-Edmonds\7982892.114255.jpg,7982892.114255.jpg,Shoes,Loafers,Allen-Edmonds
images\ut-zap50k\Boots\Ankle\Merrell\7987064.359.jpg,7987064.359.jpg,Boots,Ankle,Merrell
images\ut-zap50k\Boots\Knee High\Hunter\8064917.3.jpg,8064917.3.jpg,Boots,Knee High,Hunter
images\ut-zap50k\Boots\Mid-Calf\Keen\7977184.356080.jpg,7977184.356080.jpg,Boots,Mid-Calf,Keen
images\ut-zap50k\Shoes\Sneakers and Athletic Shoes\Propet\8019412.3.jpg,8019412.3.jpg,Shoes,Sneakers and Athletic Shoes,Propet
images\ut-zap50k\Shoes\Heels\Joan & David\7967878.12534.jpg,7967878.12534.jpg,Shoes,Heels,Joan & David
images\ut-zap50k\Shoes\Sneakers and Athletic Shoes\GoLite\7643222.297703.jpg,7643222.297703.jpg,Shoes,Sneakers and Athletic Shoes,GoLite
images\ut-zap50k\Boots\Mid-Calf\Dan Post\8059269.158.jpg,8059269.158.jpg,Boots,Mid-Calf,Dan Post
images\ut-zap50k\Boots\Knee High\Nine West\8046479.310.jpg,8046479.310.jpg,Boots,Knee High,Nine West
images\ut-zap50k\Shoes\Sneakers and Athletic Shoes\OluKai\8084223.273286.jpg,8084223.273286.jpg,Shoes,Sneakers and Athletic Shoes,OluKai
images\ut-zap50k\Shoes\Heels\Nine West\8051107.89.jpg,8051107.89.jpg,Shoes,Heels,Nine West
images\ut-zap50k\Shoes\Heels\Circa Joan & David\7904148.78535.jpg,7904148.78535.jpg,Shoes,Heels,Circa Joan & David
images\ut-zap50k\Boots\Ankle\El Naturalista\8024618.371255.jpg,8024618.371255.jpg,Boots,Ankle,El Naturalista
images\ut-zap50k\Boots\Knee High\Miz Mooz\8031682.585.jpg,8031682.585.jpg,Boots,Knee High,Miz Mooz
images\ut-zap50k\Shoes\Flats\Calvin Klein Jeans\8051326.21343.jpg,8051326.21343.jpg,Shoes,Flats,Calvin Klein Jeans
images\ut-zap50k\Shoes\Sneakers and Athletic Shoes\Nike\7971934.369351.jpg,7971934.369351.jpg,Shoes,Sneakers and Athletic Shoes,Nike
images\ut-zap50k\Boots\Ankle\Giuseppe Zanotti\8080609.392738.jpg,8080609.392738.jpg,Boots,Ankle,Giuseppe Zanotti
images\ut-zap50k\Shoes\Sneakers and Athletic Shoes\inov-8\7797140.1843.jpg,7797140.1843.jpg,Shoes,Sneakers and Athletic Shoes,inov-8
images\ut-zap50k\Shoes\Heels\Chinese Laundry\8124200.52967.jpg,8124200.52967.jpg,Shoes,Heels,Chinese Laundry
images\ut-zap50k\Shoes\Heels\Tsubo\7329189.21134.jpg,7329189.21134.jpg,Shoes,Heels,Tsubo
images\ut-zap50k\Boots\Knee High\Bogs\7987317.51777.jpg,7987317.51777.jpg,Boots,Knee High,Bogs
images\ut-zap50k\Shoes\Heels\Ivanka Trump\7910374.486.jpg,7910374.486.jpg,Shoes,Heels,Ivanka Trump
images\ut-zap50k\Shoes\Sneakers and Athletic Shoes\Nike\7971323.353669.jpg,7971323.353669.jpg,Shoes,Sneakers and Athletic Shoes,Nike
images\ut-zap50k\Boots\Knee High\Stuart Weitzman\7431925.9609.jpg,7431925.9609.jpg,Boots,Knee High,Stuart Weitzman
images\ut-zap50k\Boots\Ankle\Frye\7579914.4082.jpg,7579914.4082.jpg,Boots,Ankle,Frye
images\ut-zap50k\Boots\Ankle\Rieker\8003025.1162.jpg,8003025.1162.jpg,Boots,Ankle,Rieker
images\ut-zap50k\Boots\Ankle\Chaco\7795649.289.jpg,7795649.289.jpg,Boots,Ankle,Chaco
images\ut-zap50k\Sandals\Flat\Munro American\7928817.346285.jpg,7928817.346285.jpg,Sandals,Flat,Munro American
images\ut-zap50k\Shoes\Sneakers and Athletic Shoes\Lacoste\8050103.2587.jpg,8050103.2587.jpg,Shoes,Sneakers and Athletic Shoes,Lacoste
images\ut-zap50k\Boots\Knee High\Cole Haan\8000913.69175.jpg,8000913.69175.jpg,Boots,Knee High,Cole Haan
images\ut-zap50k\Boots\Knee High\Stuart Weitzman\7978066.238319.jpg,7978066.238319.jpg,Boots,Knee High,Stuart Weitzman
images\ut-zap50k\Shoes\Flats\Patagonia\7632004.41726.jpg,7632004.41726.jpg,Shoes,Flats,Patagonia
images\ut-zap50k\Sandals\Flat\Havaianas\7540504.3.jpg,7540504.3.jpg,Sandals,Flat,Havaianas
images\ut-zap50k\Shoes\Heels\rsvp\8044123.186802.jpg,8044123.186802.jpg,Shoes,Heels,rsvp
images\ut-zap50k\Slippers\Slipper Flats\UGG\8042573.35618.jpg,8042573.35618.jpg,Slippers,Slipper Flats,UGG
images\ut-zap50k\Shoes\Heels\Salvatore Ferragamo\7688381.20.jpg,7688381.20.jpg,Shoes,Heels,Salvatore Ferragamo
images\ut-zap50k\Shoes\Heels\Chinese Laundry\7834290.63200.jpg,7834290.63200.jpg,Shoes,Heels,Chinese Laundry
images\ut-zap50k\Shoes\Sneakers and Athletic Shoes\Saucony Originals\7208295.27963.jpg,7208295.27963.jpg,Shoes,Sneakers and Athletic Shoes,Saucony Originals
images\ut-zap50k\Shoes\Sneakers and Athletic Shoes\Vivobarefoot\7898485.3.jpg,7898485.3.jpg,Shoes,Sneakers and Athletic Shoes,Vivobarefoot
images\ut-zap50k\Shoes\Heels\Michael Antonio\8083997.559.jpg,8083997.559.jpg,Shoes,Heels,Michael Antonio
images\ut-zap50k\Sandals\Flat\Athena Alexander\8118287.1141.jpg,8118287.1141.jpg,Sandals,Flat,Athena Alexander
images\ut-zap50k\Shoes\Sneakers and Athletic Shoes\Sperry Top-Sider\7970215.17449.jpg,7970215.17449.jpg,Shoes,Sneakers and Athletic Shoes,Sperry Top-Sider
images\ut-zap50k\Shoes\Oxfords\Costume National\8003989.5291.jpg,8003989.5291.jpg,Shoes,Oxfords,Costume National
images\ut-zap50k\Shoes\Sneakers and Athletic Shoes\Nike Kids\7978194.370080.jpg,7978194.370080.jpg,Shoes,Sneakers and Athletic Shoes,Nike Kids
images\ut-zap50k\Shoes\Sneakers and Athletic Shoes\PUMA\7975704.367739.jpg,7975704.367739.jpg,Shoes,Sneakers and Athletic Shoes,PUMA
images\ut-zap50k\Shoes\Sneakers and Athletic Shoes\Five Ten\7751699.12983.jpg,7751699.12983.jpg,Shoes,Sneakers and Athletic Shoes,Five Ten
images\ut-zap50k\Shoes\Heels\Alexander McQueen\8004731.56837.jpg,8004731.56837.jpg,Shoes,Heels,Alexander McQueen
images\ut-zap50k\Shoes\Sneakers and Athletic Shoes\Merrell\7875011.3.jpg,7875011.3.jpg,Shoes,Sneakers and Athletic Shoes,Merrell
images\ut-zap50k\Sandals\Flat\Pink & Pepper\8132055.11.jpg,8132055.11.jpg,Sandals,Flat,Pink & Pepper
images\ut-zap50k\Boots\Ankle\Rieker\7667221.245950.jpg,7667221.245950.jpg,Boots,Ankle,Rieker
images\ut-zap50k\Sandals\Flat\Naot Footwear\110907.78048.jpg,110907.78048.jpg,Sandals,Flat,Naot Footwear
images\ut-zap50k\Shoes\Sneakers and Athletic Shoes\ASICS\7728008.267065.jpg,7728008.267065.jpg,Shoes,Sneakers and Athletic Shoes,ASICS
images\ut-zap50k\Shoes\Heels\KORS Michael Kors\8061229.7991.jpg,8061229.7991.jpg,Shoes,Heels,KORS Michael Kors
images\ut-zap50k\Boots\Mid-Calf\Primigi Kids\8031641.43.jpg,8031641.43.jpg,Boots,Mid-Calf,Primigi Kids
images\ut-zap50k\Shoes\Sneakers and Athletic Shoes\Nike\8019066.369531.jpg,8019066.369531.jpg,Shoes,Sneakers and Athletic Shoes,Nike
images\ut-zap50k\Boots\Mid-Calf\Hi-Tec\7988608.3.jpg,7988608.3.jpg,Boots,Mid-Calf,Hi-Tec
images\ut-zap50k\Shoes\Heels\Tsubo\7329189.3.jpg,7329189.3.jpg,Shoes,Heels,Tsubo
images\ut-zap50k\Shoes\Sneakers and Athletic Shoes\PUMA\7903850.105825.jpg,7903850.105825.jpg,Shoes,Sneakers and Athletic Shoes,PUMA
images\ut-zap50k\Shoes\Sneakers and Athletic Shoes\Puma Kids\8020104.21196.jpg,8020104.21196.jpg,Shoes,Sneakers and Athletic Shoes,Puma Kids
images\ut-zap50k\Shoes\Sneakers and Athletic Shoes\Scarpa\7396946.1682.jpg,7396946.1682.jpg,Shoes,Sneakers and Athletic Shoes,Scarpa
images\ut-zap50k\Boots\Ankle\Donald J Pliner\7934034.4969.jpg,7934034.4969.jpg,Boots,Ankle,Donald J Pliner
images\ut-zap50k\Boots\Mid-Calf\Sorel Kids\7661685.3.jpg,7661685.3.jpg,Boots,Mid-Calf,Sorel Kids
images\ut-zap50k\Shoes\Sneakers and Athletic Shoes\Reebok\8071780.389278.jpg,8071780.389278.jpg,Shoes,Sneakers and Athletic Shoes,Reebok
images\ut-zap50k\Boots\Ankle\Lugz\125632.4312.jpg,125632.4312.jpg,Boots,Ankle,Lugz
images\ut-zap50k\Shoes\Flats\Stuart Weitzman\7976795.355895.jpg,7976795.355895.jpg,Shoes,Flats,Stuart Weitzman
images\ut-zap50k\Shoes\Sneakers and Athletic Shoes\Avia\7797946.292772.jpg,7797946.292772.jpg,Shoes,Sneakers and Athletic Shoes,Avia
images\ut-zap50k\Shoes\Flats\Kid Express\7925853.120753.jpg,7925853.120753.jpg,Shoes,Flats,Kid Express
images\ut-zap50k\Shoes\Heels\Seychelles\7904210.3.jpg,7904210.3.jpg,Shoes,Heels,Seychelles
images\ut-zap50k\Boots\Ankle\Aquatalia by Marvin K\8011639.366755.jpg,8011639.366755.jpg,Boots,Ankle,Aquatalia by Marvin K
images\ut-zap50k\Boots\Ankle\LAUREN Ralph Lauren\8055428.381376.jpg,8055428.381376.jpg,Boots,Ankle,LAUREN Ralph Lauren
images\ut-zap50k\Shoes\Oxfords\Keen\7804816.109876.jpg,7804816.109876.jpg,Shoes,Oxfords,Keen
images\ut-zap50k\Shoes\Firstwalker\Naturino\8015416.632.jpg,8015416.632.jpg,Shoes,Firstwalker,Naturino
images\ut-zap50k\Boots\Mid-Calf\Miz Mooz\8046060.3.jpg,8046060.3.jpg,Boots,Mid-Calf,Miz Mooz
images\ut-zap50k\Shoes\Loafers\Sanuk\7992641.6.jpg,7992641.6.jpg,Shoes,Loafers,Sanuk
images\ut-zap50k\Boots\Ankle\The North Face Kids\7969279.285046.jpg,7969279.285046.jpg,Boots,Ankle,The North Face Kids
images\ut-zap50k\Boots\Ankle\Steven\8108991.72.jpg,8108991.72.jpg,Boots,Ankle,Steven
images\ut-zap50k\Shoes\Clogs and Mules\Alegria\7814541.357322.jpg,7814541.357322.jpg,Shoes,Clogs and Mules,Alegria
images\ut-zap50k\Shoes\Oxfords\Frye\7880717.234386.jpg,7880717.234386.jpg,Shoes,Oxfords,Frye
images\ut-zap50k\Sandals\Flat\Nine West\8113586.14004.jpg,8113586.14004.jpg,Sandals,Flat,Nine West
images\ut-zap50k\Shoes\Oxfords\Lloyd\8045807.38751.jpg,8045807.38751.jpg,Shoes,Oxfords,Lloyd
images\ut-zap50k\Shoes\Heels\Chinese Laundry\8091517.396634.jpg,8091517.396634.jpg,Shoes,Heels,Chinese Laundry
images\ut-zap50k\Shoes\Clogs and Mules\Timberland PRO\7576260.14.jpg,7576260.14.jpg,Shoes,Clogs and Mules,Timberland PRO
images\ut-zap50k\Shoes\Sneakers and Athletic Shoes\Stride Rite\8080162.325.jpg,8080162.325.jpg,Shoes,Sneakers and Athletic Shoes,Stride Rite
images\ut-zap50k\Shoes\Heels\Steven\8102948.13242.jpg,8102948.13242.jpg,Shoes,Heels,Steven
images\ut-zap50k\Boots\Ankle\Baffin\7672391.3.jpg,7672391.3.jpg,Boots,Ankle,Baffin
images\ut-zap50k\Boots\Mid-Calf\Allrounder by Mephisto\8006180.365562.jpg,8006180.365562.jpg,Boots,Mid-Calf,Allrounder by Mephisto
images\ut-zap50k\Shoes\Flats\Umi Kids\7993594.3.jpg,7993594.3.jpg,Shoes,Flats,Umi Kids
images\ut-zap50k\Shoes\Clogs and Mules\Klogs USA\8025665.7649.jpg,8025665.7649.jpg,Shoes,Clogs and Mules,Klogs USA
images\ut-zap50k\Shoes\Loafers\Rieker\7395638.220505.jpg,7395638.220505.jpg,Shoes,Loafers,Rieker
images\ut-zap50k\Shoes\Flats\Agatha Ruiz De La Prada Kids\8004185.9.jpg,8004185.9.jpg,Shoes,Flats,Agatha Ruiz De La Prada Kids
images\ut-zap50k\Sandals\Flat\Finn Comfort\7343398.316283.jpg,7343398.316283.jpg,Sandals,Flat,Finn Comfort
images\ut-zap50k\Sandals\Flat\Naot Footwear\7381286.23577.jpg,7381286.23577.jpg,Sandals,Flat,Naot Footwear
images\ut-zap50k\Shoes\Flats\Naot Footwear\7829938.303880.jpg,7829938.303880.jpg,Shoes,Flats,Naot Footwear
images\ut-zap50k\Shoes\Sneakers and Athletic Shoes\Puma Kids\7990482.360808.jpg,7990482.360808.jpg,Shoes,Sneakers and Athletic Shoes,Puma Kids
images\ut-zap50k\Shoes\Sneakers and Athletic Shoes\Tommy Hilfiger\8122118.9.jpg,8122118.9.jpg,Shoes,Sneakers and Athletic Shoes,Tommy Hilfiger
images\ut-zap50k\Boots\Mid-Calf\KORS Michael Kors Kids\7986003.401.jpg,7986003.401.jpg,Boots,Mid-Calf,KORS Michael Kors Kids
images\ut-zap50k\Shoes\Sneakers and Athletic Shoes\Nike Kids\7978625.356683.jpg,7978625.356683.jpg,Shoes,Sneakers and Athletic Shoes,Nike Kids
images\ut-zap50k\Shoes\Oxfords\UGG\8041829.820.jpg,8041829.820.jpg,Shoes,Oxfords,UGG
images\ut-zap50k\Shoes\Sneakers and Athletic Shoes\Circa\7208702.183092.jpg,7208702.183092.jpg,Shoes,Sneakers and Athletic Shoes,Circa
images\ut-zap50k\Boots\Knee High\Anne Klein\8059345.72.jpg,8059345.72.jpg,Boots,Knee High,Anne Klein
images\ut-zap50k\Sandals\Heel\Fly Flot\7418709.3.jpg,7418709.3.jpg,Sandals,Heel,Fly Flot
images\ut-zap50k\Shoes\Heels\Stuart Weitzman\8063797.14712.jpg,8063797.14712.jpg,Shoes,Heels,Stuart Weitzman
images\ut-zap50k\Sandals\Flat\Spring Step\7788848.43.jpg,7788848.43.jpg,Sandals,Flat,Spring Step
images\ut-zap50k\Boots\Ankle\Ivanka Trump\8115301.72.jpg,8115301.72.jpg,Boots,Ankle,Ivanka Trump
images\ut-zap50k\Sandals\Flat\Keen Kids\7293803.326704.jpg,7293803.326704.jpg,Sandals,Flat,Keen Kids
images\ut-zap50k\Shoes\Sneakers and Athletic Shoes\Nike\7925436.353173.jpg,7925436.353173.jpg,Shoes,Sneakers and Athletic Shoes,Nike
images\ut-zap50k\Shoes\Loafers\Sanuk\7992867.3.jpg,7992867.3.jpg,Shoes,Loafers,Sanuk
images\ut-zap50k\Shoes\Sneakers and Athletic Shoes\Hoka One One\7937550.6046.jpg,7937550.6046.jpg,Shoes,Sneakers and Athletic Shoes,Hoka One One
images\ut-zap50k\Shoes\Sneakers and Athletic Shoes\Puma Kids\7933317.162682.jpg,7933317.162682.jpg,Shoes,Sneakers and Athletic Shoes,Puma Kids
images\ut-zap50k\Shoes\Loafers\Kenneth Cole Reaction Kids\7500695.72.jpg,7500695.72.jpg,Shoes,Loafers,Kenneth Cole Reaction Kids
images\ut-zap50k\Shoes\Clogs and Mules\Alegria\7814544.254377.jpg,7814544.254377.jpg,Shoes,Clogs and Mules,Alegria
images\ut-zap50k\Sandals\Flat\Jumping Jacks Kids\7902917.755.jpg,7902917.755.jpg,Sandals,Flat,Jumping Jacks Kids
images\ut-zap50k\Shoes\Flats\Stuart Weitzman\7885136.262808.jpg,7885136.262808.jpg,Shoes,Flats,Stuart Weitzman
images\ut-zap50k\Shoes\Sneakers and Athletic Shoes\Keen Kids\8068124.387161.jpg,8068124.387161.jpg,Shoes,Sneakers and Athletic Shoes,Keen Kids
images\ut-zap50k\Shoes\Oxfords\Bedstu\7861554.151.jpg,7861554.151.jpg,Shoes,Oxfords,Bedstu
images\ut-zap50k\Shoes\Clogs and Mules\Ariat\7820422.263.jpg,7820422.263.jpg,Shoes,Clogs and Mules,Ariat
images\ut-zap50k\Shoes\Heels\Nine West\8050922.500.jpg,8050922.500.jpg,Shoes,Heels,Nine West
images\ut-zap50k\Shoes\Sneakers and Athletic Shoes\adidas Originals\7652767.355626.jpg,7652767.355626.jpg,Shoes,Sneakers and Athletic Shoes,adidas Originals
images\ut-zap50k\Shoes\Flats\Me Too Kids\8017829.912.jpg,8017829.912.jpg,Shoes,Flats,Me Too Kids
images\ut-zap50k\Shoes\Sneakers and Athletic Shoes\Clarks\7991919.76.jpg,7991919.76.jpg,Shoes,Sneakers and Athletic Shoes,Clarks
images\ut-zap50k\Shoes\Flats\Dolce & Gabbana\8014451.6.jpg,8014451.6.jpg,Shoes,Flats,Dolce & Gabbana
images\ut-zap50k\Sandals\Flat\Enzo Angiolini\7947572.139634.jpg,7947572.139634.jpg,Sandals,Flat,Enzo Angiolini
images\ut-zap50k\Shoes\Heels\T.U.K\7346085.144.jpg,7346085.144.jpg,Shoes,Heels,T.U.K
images\ut-zap50k\Shoes\Oxfords\Jeffery-West\8025607.199794.jpg,8025607.199794.jpg,Shoes,Oxfords,Jeffery-West
images\ut-zap50k\Shoes\Flats\BC Footwear\7570676.41696.jpg,7570676.41696.jpg,Shoes,Flats,BC Footwear
images\ut-zap50k\Shoes\Sneakers and Athletic Shoes\GoLite\7817587.356373.jpg,7817587.356373.jpg,Shoes,Sneakers and Athletic Shoes,GoLite
images\ut-zap50k\Shoes\Heels\Trotters\7187102.262450.jpg,7187102.262450.jpg,Shoes,Heels,Trotters
images\ut-zap50k\Shoes\Oxfords\Clarks\7148042.2462.jpg,7148042.2462.jpg,Shoes,Oxfords,Clarks
images\ut-zap50k\Shoes\Sneakers and Athletic Shoes\adidas Originals\8027224.372124.jpg,8027224.372124.jpg,Shoes,Sneakers and Athletic Shoes,adidas Originals
images\ut-zap50k\Shoes\Heels\Easy Spirit\8118503.72.jpg,8118503.72.jpg,Shoes,Heels,Easy Spirit
images\ut-zap50k\Shoes\Sneakers and Athletic Shoes\Madden Girl\8131935.3.jpg,8131935.3.jpg,Shoes,Sneakers and Athletic Shoes,Madden Girl
images\ut-zap50k\Boots\Ankle\Keen\7892181.326309.jpg,7892181.326309.jpg,Boots,Ankle,Keen
images\ut-zap50k\Boots\Knee High\Franco Sarto\8045199.377642.jpg,8045199.377642.jpg,Boots,Knee High,Franco Sarto
images\ut-zap50k\Shoes\Heels\Kate Spade New York\8050977.135373.jpg,8050977.135373.jpg,Shoes,Heels,Kate Spade New York
images\ut-zap50k\Shoes\Sneakers and Athletic Shoes\pediped\7830446.289.jpg,7830446.289.jpg,Shoes,Sneakers and Athletic Shoes,pediped
images\ut-zap50k\Shoes\Sneakers and Athletic Shoes\Nike Kids\7978194.387164.jpg,7978194.387164.jpg,Shoes,Sneakers and Athletic Shoes,Nike Kids
images\ut-zap50k\Shoes\Sneakers and Athletic Shoes\ASICS\7786224.375354.jpg,7786224.375354.jpg,Shoes,Sneakers and Athletic Shoes,ASICS
images\ut-zap50k\Shoes\Loafers\SKECHERS\7974860.529.jpg,7974860.529.jpg,Shoes,Loafers,SKECHERS
images\ut-zap50k\Shoes\Boat Shoes\Keen\7893499.51.jpg,7893499.51.jpg,Shoes,Boat Shoes,Keen
images\ut-zap50k\Boots\Ankle\Dunham\7827850.216.jpg,7827850.216.jpg,Boots,Ankle,Dunham
images\ut-zap50k\Shoes\Sneakers and Athletic Shoes\Nike Kids\7978731.370358.jpg,7978731.370358.jpg,Shoes,Sneakers and Athletic Shoes,Nike Kids
images\ut-zap50k\Boots\Ankle\UGG\8041790.278.jpg,8041790.278.jpg,Boots,Ankle,UGG
images\ut-zap50k\Boots\Ankle\Frye\7970400.289891.jpg,7970400.289891.jpg,Boots,Ankle,Frye
images\ut-zap50k\Shoes\Clogs and Mules\Timberland PRO\7590614.3.jpg,7590614.3.jpg,Shoes,Clogs and Mules,Timberland PRO
images\ut-zap50k\Shoes\Clogs and Mules\Aetrex\7679838.250193.jpg,7679838.250193.jpg,Shoes,Clogs and Mules,Aetrex
images\ut-zap50k\Boots\Mid-Calf\Pikolinos\8017062.26959.jpg,8017062.26959.jpg,Boots,Mid-Calf,Pikolinos
images\ut-zap50k\Slippers\Slipper Flats\Fitzwell\7698453.21707.jpg,7698453.21707.jpg,Slippers,Slipper Flats,Fitzwell
images\ut-zap50k\Shoes\Sneakers and Athletic Shoes\Geox Kids\8016582.9800.jpg,8016582.9800.jpg,Shoes,Sneakers and Athletic Shoes,Geox Kids
images\ut-zap50k\Slippers\Slipper Flats\Woolrich\7868694.19.jpg,7868694.19.jpg,Slippers,Slipper Flats,Woolrich
images\ut-zap50k\Shoes\Loafers\Bostonian\7420780.827.jpg,7420780.827.jpg,Shoes,Loafers,Bostonian
images\ut-zap50k\Shoes\Sneakers and Athletic Shoes\Zoot Sports\7987881.359849.jpg,7987881.359849.jpg,Shoes,Sneakers and Athletic Shoes,Zoot Sports
images\ut-zap50k\Shoes\Sneakers and Athletic Shoes\Prince\7953999.1066.jpg,7953999.1066.jpg,Shoes,Sneakers and Athletic Shoes,Prince
images\ut-zap50k\Sandals\Flat\Sam Edelman\7515478.392887.jpg,7515478.392887.jpg,Sandals,Flat,Sam Edelman
images\ut-zap50k\Sandals\Flat\Naot Footwear\7471928.691.jpg,7471928.691.jpg,Sandals,Flat,Naot Footwear
images\ut-zap50k\Shoes\Flats\Pampili\8030729.632.jpg,8030729.632.jpg,Shoes,Flats,Pampili
images\ut-zap50k\Shoes\Sneakers and Athletic Shoes\New Balance\7929054.744.jpg,7929054.744.jpg,Shoes,Sneakers and Athletic Shoes,New Balance
images\ut-zap50k\Shoes\Oxfords\Keen\7977521.3543.jpg,7977521.3543.jpg,Shoes,Oxfords,Keen
images\ut-zap50k\Shoes\Heels\Bandolino\8072755.3091.jpg,8072755.3091.jpg,Shoes,Heels,Bandolino
images\ut-zap50k\Shoes\Sneakers and Athletic Shoes\Nike\7832746.385283.jpg,7832746.385283.jpg,Shoes,Sneakers and Athletic Shoes,Nike
images\ut-zap50k\Shoes\Sneakers and Athletic Shoes\Brooks\7864598.315230.jpg,7864598.315230.jpg,Shoes,Sneakers and Athletic Shoes,Brooks
images\ut-zap50k\Shoes\Oxfords\Kenneth Cole Reaction Kids\7500308.72.jpg,7500308.72.jpg,Shoes,Oxfords,Kenneth Cole Reaction Kids
images\ut-zap50k\Shoes\Flats\Naturino\7987284.401.jpg,7987284.401.jpg,Shoes,Flats,Naturino
images\ut-zap50k\Boots\Mid-Calf\SoftWalk\7987770.359805.jpg,7987770.359805.jpg,Boots,Mid-Calf,SoftWalk
images\ut-zap50k\Shoes\Clogs and Mules\Dansko\7988356.391860.jpg,7988356.391860.jpg,Shoes,Clogs and Mules,Dansko
images\ut-zap50k\Shoes\Sneakers and Athletic Shoes\DC Kids\7333138.311928.jpg,7333138.311928.jpg,Shoes,Sneakers and Athletic Shoes,DC Kids
images\ut-zap50k\Shoes\Sneakers and Athletic Shoes\New Balance\7888473.155.jpg,7888473.155.jpg,Shoes,Sneakers and Athletic Shoes,New Balance
images\ut-zap50k\Sandals\Flat\DV by Dolce Vita\7943201.3.jpg,7943201.3.jpg,Sandals,Flat,DV by Dolce Vita
images\ut-zap50k\Boots\Mid-Calf\Harley-Davidson\8009035.642.jpg,8009035.642.jpg,Boots,Mid-Calf,Harley-Davidson
images\ut-zap50k\Sandals\Flat\OluKai\7911915.332810.jpg,7911915.332810.jpg,Sandals,Flat,OluKai
images\ut-zap50k\Slippers\Slipper Flats\Sperry Top-Sider\7800961.399.jpg,7800961.399.jpg,Slippers,Slipper Flats,Sperry Top-Sider
images\ut-zap50k\Boots\Mid-Calf\Tony Lama\8095579.397760.jpg,8095579.397760.jpg,Boots,Mid-Calf,Tony Lama
images\ut-zap50k\Sandals\Flat\Keen\7594704.262962.jpg,7594704.262962.jpg,Sandals,Flat,Keen
images\ut-zap50k\Boots\Mid-Calf\Bates Footwear\7474220.3.jpg,7474220.3.jpg,Boots,Mid-Calf,Bates Footwear
images\ut-zap50k\Shoes\Oxfords\Nunn Bush\7582336.111.jpg,7582336.111.jpg,Shoes,Oxfords,Nunn Bush
images\ut-zap50k\Boots\Ankle\La Sportiva\7217918.56729.jpg,7217918.56729.jpg,Boots,Ankle,La Sportiva
images\ut-zap50k\Shoes\Sneakers and Athletic Shoes\Osiris\7972006.27947.jpg,7972006.27947.jpg,Shoes,Sneakers and Athletic Shoes,Osiris
images\ut-zap50k\Shoes\Loafers\Timberland Kids\7987884.325.jpg,7987884.325.jpg,Shoes,Loafers,Timberland Kids
images\ut-zap50k\Shoes\Flats\Ragg Kids\8030584.3.jpg,8030584.3.jpg,Shoes,Flats,Ragg Kids
images\ut-zap50k\Slippers\Slipper Flats\Acorn\8021151.275.jpg,8021151.275.jpg,Slippers,Slipper Flats,Acorn
images\ut-zap50k\Boots\Mid-Calf\Pampili\8030855.559.jpg,8030855.559.jpg,Boots,Mid-Calf,Pampili
images\ut-zap50k\Shoes\Heels\Nine West\8113574.478.jpg,8113574.478.jpg,Shoes,Heels,Nine West
images\ut-zap50k\Shoes\Oxfords\Merrell\8075339.106052.jpg,8075339.106052.jpg,Shoes,Oxfords,Merrell
images\ut-zap50k\Boots\Mid-Calf\Anne Klein\8032727.72.jpg,8032727.72.jpg,Boots,Mid-Calf,Anne Klein
images\ut-zap50k\Shoes\Flats\MICHAEL Michael Kors\7830139.3.jpg,7830139.3.jpg,Shoes,Flats,MICHAEL Michael Kors
images\ut-zap50k\Shoes\Sneakers and Athletic Shoes\SKECHERS\8081441.6.jpg,8081441.6.jpg,Shoes,Sneakers and Athletic Shoes,SKECHERS
images\ut-zap50k\Boots\Knee High\Nine West\8077110.973.jpg,8077110.973.jpg,Boots,Knee High,Nine West
images\ut-zap50k\Boots\Knee High\Sanuk\7993042.3.jpg,7993042.3.jpg,Boots,Knee High,Sanuk
images\ut-zap50k\Sandals\Flat\Merrell\7875393.3.jpg,7875393.3.jpg,Sandals,Flat,Merrell
images\ut-zap50k\Shoes\Heels\rsvp\7804711.960.jpg,7804711.960.jpg,Shoes,Heels,rsvp
images\ut-zap50k\Shoes\Sneakers and Athletic Shoes\DSQUARED2\8059250.535.jpg,8059250.535.jpg,Shoes,Sneakers and Athletic Shoes,DSQUARED2
images\ut-zap50k\Sandals\Flat\Munro American\7928721.339282.jpg,7928721.339282.jpg,Sandals,Flat,Munro American
images\ut-zap50k\Sandals\Flat\Reef\8031305.767.jpg,8031305.767.jpg,Sandals,Flat,Reef
images\ut-zap50k\Sandals\Flat\Gypsy SOULE\7730433.3.jpg,7730433.3.jpg,Sandals,Flat,Gypsy SOULE
images\ut-zap50k\Sandals\Flat\Splendid\8022559.714.jpg,8022559.714.jpg,Sandals,Flat,Splendid
images\ut-zap50k\Shoes\Sneakers and Athletic Shoes\adidas\7932846.239636.jpg,7932846.239636.jpg,Shoes,Sneakers and Athletic Shoes,adidas
images\ut-zap50k\Shoes\Flats\Born\8070467.388378.jpg,8070467.388378.jpg,Shoes,Flats,Born
images\ut-zap50k\Shoes\Clogs and Mules\Worishofer\7979144.3.jpg,7979144.3.jpg,Shoes,Clogs and Mules,Worishofer
images\ut-zap50k\Shoes\Sneakers and Athletic Shoes\Aster Kids\8017455.216.jpg,8017455.216.jpg,Shoes,Sneakers and Athletic Shoes,Aster Kids
images\ut-zap50k\Boots\Mid-Calf\UGG\8041962.29697.jpg,8041962.29697.jpg,Boots,Mid-Calf,UGG
images\ut-zap50k\Shoes\Flats\Belle by Sigerson Morrison\8008050.1122.jpg,8008050.1122.jpg,Shoes,Flats,Belle by Sigerson Morrison
images\ut-zap50k\Shoes\Heels\Stuart Weitzman Bridal & Evening Collection\8051308.3528.jpg,8051308.3528.jpg,Shoes,Heels,Stuart Weitzman Bridal & Evening Collection
images\ut-zap50k\Shoes\Loafers\Bass\7817713.371959.jpg,7817713.371959.jpg,Shoes,Loafers,Bass
images\ut-zap50k\Boots\Ankle\Sporto\7855758.6.jpg,7855758.6.jpg,Boots,Ankle,Sporto
images\ut-zap50k\Slippers\Slipper Flats\Sorel\7654716.7605.jpg,7654716.7605.jpg,Slippers,Slipper Flats,Sorel
images\ut-zap50k\Shoes\Heels\Rachel Zoe\8072310.28186.jpg,8072310.28186.jpg,Shoes,Heels,Rachel Zoe
images\ut-zap50k\Shoes\Sneakers and Athletic Shoes\Drew\7760885.60.jpg,7760885.60.jpg,Shoes,Sneakers and Athletic Shoes,Drew
images\ut-zap50k\Shoes\Heels\Naturalizer\7229841.129650.jpg,7229841.129650.jpg,Shoes,Heels,Naturalizer
images\ut-zap50k\Shoes\Oxfords\Naot Footwear\7308802.164451.jpg,7308802.164451.jpg,Shoes,Oxfords,Naot Footwear
images\ut-zap50k\Boots\Ankle\Paul Green\8009542.231.jpg,8009542.231.jpg,Boots,Ankle,Paul Green
images\ut-zap50k\Boots\Knee High\J. Renee\8020444.3.jpg,8020444.3.jpg,Boots,Knee High,J. Renee
images\ut-zap50k\Boots\Mid-Calf\Tecnica\7477031.158.jpg,7477031.158.jpg,Boots,Mid-Calf,Tecnica
images\ut-zap50k\Shoes\Sneakers and Athletic Shoes\Mizuno\7706781.513.jpg,7706781.513.jpg,Shoes,Sneakers and Athletic Shoes,Mizuno
images\ut-zap50k\Boots\Mid-Calf\Crocs\7986561.39823.jpg,7986561.39823.jpg,Boots,Mid-Calf,Crocs
images\ut-zap50k\Boots\Ankle\Polo Ralph Lauren Kids\8009440.365643.jpg,8009440.365643.jpg,Boots,Ankle,Polo Ralph Lauren Kids
images\ut-zap50k\Boots\Ankle\Tundra Boots\7856252.128.jpg,7856252.128.jpg,Boots,Ankle,Tundra Boots
images\ut-zap50k\Shoes\Heels\Jessica Simpson\8082277.393490.jpg,8082277.393490.jpg,Shoes,Heels,Jessica Simpson
images\ut-zap50k\Shoes\Sneakers and Athletic Shoes\Nike Action Kids\7977990.387007.jpg,7977990.387007.jpg,Shoes,Sneakers and Athletic Shoes,Nike Action Kids
images\ut-zap50k\Shoes\Sneakers and Athletic Shoes\Axion\7754737.374306.jpg,7754737.374306.jpg,Shoes,Sneakers and Athletic Shoes,Axion
images\ut-zap50k\Shoes\Heels\Nine West\8113379.1711.jpg,8113379.1711.jpg,Shoes,Heels,Nine West
images\ut-zap50k\Sandals\Flat\Roxy\8089885.20.jpg,8089885.20.jpg,Sandals,Flat,Roxy
images\ut-zap50k\Boots\Knee High\Belle by Sigerson Morrison\8007891.72.jpg,8007891.72.jpg,Boots,Knee High,Belle by Sigerson Morrison
images\ut-zap50k\Shoes\Sneakers and Athletic Shoes\Sanuk Kids\8066137.20.jpg,8066137.20.jpg,Shoes,Sneakers and Athletic Shoes,Sanuk Kids
images\ut-zap50k\Boots\Ankle\Caterpillar\107452.328.jpg,107452.328.jpg,Boots,Ankle,Caterpillar
images\ut-zap50k\Shoes\Clogs and Mules\Nurse Mates\8046065.14.jpg,8046065.14.jpg,Shoes,Clogs and Mules,Nurse Mates
images\ut-zap50k\Boots\Ankle\Dr. Martens\8004425.49472.jpg,8004425.49472.jpg,Boots,Ankle,Dr. Martens
images\ut-zap50k\Shoes\Boat Shoes\Sperry Top-Sider\8051982.1423.jpg,8051982.1423.jpg,Shoes,Boat Shoes,Sperry Top-Sider
images\ut-zap50k\Boots\Mid-Calf\Tony Lama\8020017.369824.jpg,8020017.369824.jpg,Boots,Mid-Calf,Tony Lama
images\ut-zap50k\Shoes\Sneakers and Athletic Shoes\Shimano\7918655.3.jpg,7918655.3.jpg,Shoes,Sneakers and Athletic Shoes,Shimano
images\ut-zap50k\Shoes\Sneakers and Athletic Shoes\Nike Kids\7537655.338368.jpg,7537655.338368.jpg,Shoes,Sneakers and Athletic Shoes,Nike Kids
images\ut-zap50k\Shoes\Sneakers and Athletic Shoes\DC Kids\7423232.5918.jpg,7423232.5918.jpg,Shoes,Sneakers and Athletic Shoes,DC Kids
images\ut-zap50k\Boots\Ankle\Keen Utility\8016953.156329.jpg,8016953.156329.jpg,Boots,Ankle,Keen Utility
images\ut-zap50k\Shoes\Clogs and Mules\Dansko Kids\7808822.578.jpg,7808822.578.jpg,Shoes,Clogs and Mules,Dansko Kids
images\ut-zap50k\Shoes\Sneakers and Athletic Shoes\Amiana\7944479.344065.jpg,7944479.344065.jpg,Shoes,Sneakers and Athletic Shoes,Amiana
images\ut-zap50k\Shoes\Loafers\Venettini Kids\8039896.376217.jpg,8039896.376217.jpg,Shoes,Loafers,Venettini Kids
images\ut-zap50k\Shoes\Sneakers and Athletic Shoes\Tsukihoshi Kids\7762892.2078.jpg,7762892.2078.jpg,Shoes,Sneakers and Athletic Shoes,Tsukihoshi Kids
images\ut-zap50k\Shoes\Sneakers and Athletic Shoes\Avia\7847238.310491.jpg,7847238.310491.jpg,Shoes,Sneakers and Athletic Shoes,Avia
images\ut-zap50k\Shoes\Sneakers and Athletic Shoes\Timberland PRO\7813186.6.jpg,7813186.6.jpg,Shoes,Sneakers and Athletic Shoes,Timberland PRO
images\ut-zap50k\Shoes\Sneakers and Athletic Shoes\ASICS\8036995.124042.jpg,8036995.124042.jpg,Shoes,Sneakers and Athletic Shoes,ASICS
images\ut-zap50k\Shoes\Heels\Dirty Laundry\8085605.9954.jpg,8085605.9954.jpg,Shoes,Heels,Dirty Laundry
images\ut-zap50k\Shoes\Heels\Christin Michaels\8041140.1072.jpg,8041140.1072.jpg,Shoes,Heels,Christin Michaels
images\ut-zap50k\Sandals\Flat\Keen\7596612.262770.jpg,7596612.262770.jpg,Sandals,Flat,Keen
images\ut-zap50k\Shoes\Flats\Elephantito\7764110.632.jpg,7764110.632.jpg,Shoes,Flats,Elephantito
images\ut-zap50k\Sandals\Flat\Reef\7839856.116886.jpg,7839856.116886.jpg,Sandals,Flat,Reef
images\ut-zap50k\Shoes\Boat Shoes\Polo Ralph Lauren\7751154.5211.jpg,7751154.5211.jpg,Shoes,Boat Shoes,Polo Ralph Lauren
images\ut-zap50k\Shoes\Loafers\Bass\107908.255.jpg,107908.255.jpg,Shoes,Loafers,Bass
images\ut-zap50k\Shoes\Sneakers and Athletic Shoes\Allrounder by Mephisto\8006304.103.jpg,8006304.103.jpg,Shoes,Sneakers and Athletic Shoes,Allrounder by Mephisto
images\ut-zap50k\Boots\Ankle\Timberland\7997812.363315.jpg,7997812.363315.jpg,Boots,Ankle,Timberland
images\ut-zap50k\Boots\Knee High\Diane Von Furstenberg\7967803.161320.jpg,7967803.161320.jpg,Boots,Knee High,Diane Von Furstenberg
images\ut-zap50k\Shoes\Sneakers and Athletic Shoes\SLVR\8030011.183092.jpg,8030011.183092.jpg,Shoes,Sneakers and Athletic Shoes,SLVR
images\ut-zap50k\Shoes\Loafers\Sanuk Kids\8065996.385900.jpg,8065996.385900.jpg,Shoes,Loafers,Sanuk Kids
images\ut-zap50k\Shoes\Heels\Rachel Zoe\8034368.442.jpg,8034368.442.jpg,Shoes,Heels,Rachel Zoe
images\ut-zap50k\Shoes\Sneakers and Athletic Shoes\Brooks\7864607.315246.jpg,7864607.315246.jpg,Shoes,Sneakers and Athletic Shoes,Brooks
images\ut-zap50k\Boots\Knee High\Harley-Davidson\8045732.3.jpg,8045732.3.jpg,Boots,Knee High,Harley-Davidson
images\ut-zap50k\Shoes\Heels\Jessica Simpson\8064935.350457.jpg,8064935.350457.jpg,Shoes,Heels,Jessica Simpson
images\ut-zap50k\Shoes\Loafers\Lacoste\8013708.3.jpg,8013708.3.jpg,Shoes,Loafers,Lacoste
images\ut-zap50k\Shoes\Sneakers and Athletic Shoes\Nike\7925420.337511.jpg,7925420.337511.jpg,Shoes,Sneakers and Athletic Shoes,Nike
images\ut-zap50k\Shoes\Heels\Stuart Weitzman\7283928.100054.jpg,7283928.100054.jpg,Shoes,Heels,Stuart Weitzman
images\ut-zap50k\Shoes\Flats\Stride Rite\7897291.766.jpg,7897291.766.jpg,Shoes,Flats,Stride Rite
images\ut-zap50k\Shoes\Flats\Finn Comfort\7257619.3.jpg,7257619.3.jpg,Shoes,Flats,Finn Comfort
images\ut-zap50k\Boots\Ankle\Scarpa\7917490.334286.jpg,7917490.334286.jpg,Boots,Ankle,Scarpa
images\ut-zap50k\Shoes\Flats\Tsubo\8061157.383741.jpg,8061157.383741.jpg,Shoes,Flats,Tsubo
images\ut-zap50k\Shoes\Flats\Beeko\7999616.3.jpg,7999616.3.jpg,Shoes,Flats,Beeko
images\ut-zap50k\Shoes\Heels\Loeffler Randall\8005176.206554.jpg,8005176.206554.jpg,Shoes,Heels,Loeffler Randall
images\ut-zap50k\Shoes\Sneakers and Athletic Shoes\SKECHERS\8065338.144.jpg,8065338.144.jpg,Shoes,Sneakers and Athletic Shoes,SKECHERS
images\ut-zap50k\Sandals\Flat\Columbia\7888191.9800.jpg,7888191.9800.jpg,Sandals,Flat,Columbia
images\ut-zap50k\Boots\Ankle\Diesel\8032967.24291.jpg,8032967.24291.jpg,Boots,Ankle,Diesel
images\ut-zap50k\Sandals\Flat\Dansko\7894509.388789.jpg,7894509.388789.jpg,Sandals,Flat,Dansko
images\ut-zap50k\Shoes\Heels\Steve Madden\8081058.2957.jpg,8081058.2957.jpg,Shoes,Heels,Steve Madden
images\ut-zap50k\Sandals\Flat\L.A.M.B\7940755.20.jpg,7940755.20.jpg,Sandals,Flat,L.A.M.B
images\ut-zap50k\Shoes\Loafers\Fratelli\7758902.279417.jpg,7758902.279417.jpg,Shoes,Loafers,Fratelli
images\ut-zap50k\Shoes\Sneakers and Athletic Shoes\Habitat\8034697.365.jpg,8034697.365.jpg,Shoes,Sneakers and Athletic Shoes,Habitat
images\ut-zap50k\Boots\Ankle\Napa Flex\8025427.3.jpg,8025427.3.jpg,Boots,Ankle,Napa Flex
images\ut-zap50k\Shoes\Flats\Pazitos\7918259.14.jpg,7918259.14.jpg,Shoes,Flats,Pazitos
images\ut-zap50k\Shoes\Sneakers and Athletic Shoes\Geox Kids\8016128.8691.jpg,8016128.8691.jpg,Shoes,Sneakers and Athletic Shoes,Geox Kids
images\ut-zap50k\Shoes\Flats\Romantic Soles\7999954.3.jpg,7999954.3.jpg,Shoes,Flats,Romantic Soles
images\ut-zap50k\Boots\Mid-Calf\Kamik Kids\7998317.275.jpg,7998317.275.jpg,Boots,Mid-Calf,Kamik Kids
images\ut-zap50k\Shoes\Sneakers and Athletic Shoes\Saucony Originals\7242939.15117.jpg,7242939.15117.jpg,Shoes,Sneakers and Athletic Shoes,Saucony Originals
images\ut-zap50k\Sandals\Flat\Ros Hommerson\7778246.5332.jpg,7778246.5332.jpg,Sandals,Flat,Ros Hommerson
images\ut-zap50k\Shoes\Loafers\Venettini Kids\8040018.376238.jpg,8040018.376238.jpg,Shoes,Loafers,Venettini Kids
images\ut-zap50k\Shoes\Heels\Fidji\8119909.405780.jpg,8119909.405780.jpg,Shoes,Heels,Fidji
images\ut-zap50k\Shoes\Sneakers and Athletic Shoes\Globe\7390004.178690.jpg,7390004.178690.jpg,Shoes,Sneakers and Athletic Shoes,Globe
images\ut-zap50k\Shoes\Heels\Irregular Choice\8103043.16740.jpg,8103043.16740.jpg,Shoes,Heels,Irregular Choice
images\ut-zap50k\Boots\Knee High\Madden Girl\8039442.184651.jpg,8039442.184651.jpg,Boots,Knee High,Madden Girl
images\ut-zap50k\Shoes\Heels\ALDO\8096764.632.jpg,8096764.632.jpg,Shoes,Heels,ALDO
images\ut-zap50k\Shoes\Heels\Calvin Klein\7479540.8871.jpg,7479540.8871.jpg,Shoes,Heels,Calvin Klein
images\ut-zap50k\Boots\Mid-Calf\Keen\7977178.356074.jpg,7977178.356074.jpg,Boots,Mid-Calf,Keen
images\ut-zap50k\Boots\Ankle\KORS Michael Kors\8000883.364097.jpg,8000883.364097.jpg,Boots,Ankle,KORS Michael Kors
images\ut-zap50k\Shoes\Flats\Primigi Kids\8022058.1748.jpg,8022058.1748.jpg,Shoes,Flats,Primigi Kids
images\ut-zap50k\Shoes\Sneakers and Athletic Shoes\Reebok Kids\7979586.373791.jpg,7979586.373791.jpg,Shoes,Sneakers and Athletic Shoes,Reebok Kids
images\ut-zap50k\Boots\Ankle\Converse\8036177.375027.jpg,8036177.375027.jpg,Boots,Ankle,Converse
images\ut-zap50k\Shoes\Firstwalker\Mia Kids\8011171.19916.jpg,8011171.19916.jpg,Shoes,Firstwalker,Mia Kids
images\ut-zap50k\Shoes\Heels\Nine West\8077066.72.jpg,8077066.72.jpg,Shoes,Heels,Nine West
images\ut-zap50k\Shoes\Firstwalker\Stride Rite\8080437.245888.jpg,8080437.245888.jpg,Shoes,Firstwalker,Stride Rite
images\ut-zap50k\Shoes\Sneakers and Athletic Shoes\ASICS\8054159.380889.jpg,8054159.380889.jpg,Shoes,Sneakers and Athletic Shoes,ASICS
images\ut-zap50k\Boots\Ankle\Naot Footwear\7189721.360899.jpg,7189721.360899.jpg,Boots,Ankle,Naot Footwear
images\ut-zap50k\Shoes\Heels\Nine West\8113515.59416.jpg,8113515.59416.jpg,Shoes,Heels,Nine West
images\ut-zap50k\Boots\Mid-Calf\Patagonia\7462395.60041.jpg,7462395.60041.jpg,Boots,Mid-Calf,Patagonia
images\ut-zap50k\Shoes\Flats\SKECHERS KIDS\7981155.9.jpg,7981155.9.jpg,Shoes,Flats,SKECHERS KIDS
images\ut-zap50k\Shoes\Loafers\Mephisto\7264213.73914.jpg,7264213.73914.jpg,Shoes,Loafers,Mephisto
images\ut-zap50k\Boots\Mid-Calf\Western Chief Kids\7567410.208881.jpg,7567410.208881.jpg,Boots,Mid-Calf,Western Chief Kids
images\ut-zap50k\Shoes\Sneakers and Athletic Shoes\Converse Kids\7732091.104968.jpg,7732091.104968.jpg,Shoes,Sneakers and Athletic Shoes,Converse Kids
images\ut-zap50k\Shoes\Sneakers and Athletic Shoes\EVOLV\7706110.275.jpg,7706110.275.jpg,Shoes,Sneakers and Athletic Shoes,EVOLV
images\ut-zap50k\Boots\Knee High\The North Face\7999448.363812.jpg,7999448.363812.jpg,Boots,Knee High,The North Face
images\ut-zap50k\Boots\Mid-Calf\UGG Kids\8032676.4045.jpg,8032676.4045.jpg,Boots,Mid-Calf,UGG Kids
images\ut-zap50k\Shoes\Flats\Ivanka Trump\8128079.408253.jpg,8128079.408253.jpg,Shoes,Flats,Ivanka Trump
images\ut-zap50k\Shoes\Heels\Sam Edelman\7873710.24132.jpg,7873710.24132.jpg,Shoes,Heels,Sam Edelman
images\ut-zap50k\Sandals\Flat\Jumping Jacks Kids\7902603.6363.jpg,7902603.6363.jpg,Sandals,Flat,Jumping Jacks Kids
images\ut-zap50k\Boots\Ankle\Stuart Weitzman for The Cool People\7994084.23246.jpg,7994084.23246.jpg,Boots,Ankle,Stuart Weitzman for The Cool People
images\ut-zap50k\Boots\Ankle\BCBGeneration\8054540.1142.jpg,8054540.1142.jpg,Boots,Ankle,BCBGeneration
images\ut-zap50k\Shoes\Sneakers and Athletic Shoes\adidas Outdoor\7983416.383032.jpg,7983416.383032.jpg,Shoes,Sneakers and Athletic Shoes,adidas Outdoor
images\ut-zap50k\Shoes\Sneakers and Athletic Shoes\Original Penguin\7946344.217384.jpg,7946344.217384.jpg,Shoes,Sneakers and Athletic Shoes,Original Penguin
images\ut-zap50k\Boots\Mid-Calf\Lucchese\8044648.377494.jpg,8044648.377494.jpg,Boots,Mid-Calf,Lucchese
images\ut-zap50k\Boots\Ankle\Badgley Mischka\8026826.372005.jpg,8026826.372005.jpg,Boots,Ankle,Badgley Mischka
images\ut-zap50k\Shoes\Sneakers and Athletic Shoes\adidas Running\8074055.390208.jpg,8074055.390208.jpg,Shoes,Sneakers and Athletic Shoes,adidas Running
images\ut-zap50k\Shoes\Sneakers and Athletic Shoes\DKNY\8075669.391019.jpg,8075669.391019.jpg,Shoes,Sneakers and Athletic Shoes,DKNY
images\ut-zap50k\Shoes\Oxfords\John Varvatos\8034302.11414.jpg,8034302.11414.jpg,Shoes,Oxfords,John Varvatos
images\ut-zap50k\Boots\Knee High\Calvin Klein\8130587.372996.jpg,8130587.372996.jpg,Boots,Knee High,Calvin Klein
images\ut-zap50k\Shoes\Heels\Softspots\8013211.77768.jpg,8013211.77768.jpg,Shoes,Heels,Softspots
images\ut-zap50k\Shoes\Heels\rsvp\8086285.14.jpg,8086285.14.jpg,Shoes,Heels,rsvp
images\ut-zap50k\Shoes\Flats\Anne Klein\7565941.973.jpg,7565941.973.jpg,Shoes,Flats,Anne Klein
images\ut-zap50k\Sandals\Flat\Zigi\8098537.398542.jpg,8098537.398542.jpg,Sandals,Flat,Zigi
images\ut-zap50k\Shoes\Sneakers and Athletic Shoes\adidas Running\7879009.320633.jpg,7879009.320633.jpg,Shoes,Sneakers and Athletic Shoes,adidas Running
images\ut-zap50k\Boots\Mid-Calf\La Canadienne\7996736.72.jpg,7996736.72.jpg,Boots,Mid-Calf,La Canadienne
images\ut-zap50k\Shoes\Sneakers and Athletic Shoes\PUMA\7884069.363194.jpg,7884069.363194.jpg,Shoes,Sneakers and Athletic Shoes,PUMA
images\ut-zap50k\Boots\Ankle\Bates Riding Collection\8059723.3.jpg,8059723.3.jpg,Boots,Ankle,Bates Riding Collection
images\ut-zap50k\Shoes\Clogs and Mules\Alegria\7822230.399451.jpg,7822230.399451.jpg,Shoes,Clogs and Mules,Alegria
images\ut-zap50k\Shoes\Heels\Stuart Weitzman\8031470.197161.jpg,8031470.197161.jpg,Shoes,Heels,Stuart Weitzman
images\ut-zap50k\Shoes\Heels\Stuart Weitzman\8071715.89.jpg,8071715.89.jpg,Shoes,Heels,Stuart Weitzman
images\ut-zap50k\Shoes\Firstwalker\Morgan&Milo Kids\8018795.168015.jpg,8018795.168015.jpg,Shoes,Firstwalker,Morgan&Milo Kids
images\ut-zap50k\Boots\Ankle\Zamberlan\7468907.27079.jpg,7468907.27079.jpg,Boots,Ankle,Zamberlan
images\ut-zap50k\Shoes\Sneakers and Athletic Shoes\Five Ten\7514049.188206.jpg,7514049.188206.jpg,Shoes,Sneakers and Athletic Shoes,Five Ten
images\ut-zap50k\Boots\Mid-Calf\Baffin\7999162.3.jpg,7999162.3.jpg,Boots,Mid-Calf,Baffin
images\ut-zap50k\Shoes\Sneakers and Athletic Shoes\Nike Kids\7978196.356545.jpg,7978196.356545.jpg,Shoes,Sneakers and Athletic Shoes,Nike Kids
images\ut-zap50k\Sandals\Flat\Naot Footwear\7749209.6755.jpg,7749209.6755.jpg,Sandals,Flat,Naot Footwear
images\ut-zap50k\Shoes\Heels\Steve Madden\8043416.385.jpg,8043416.385.jpg,Shoes,Heels,Steve Madden
images\ut-zap50k\Shoes\Flats\El Naturalista\7819607.216.jpg,7819607.216.jpg,Shoes,Flats,El Naturalista
images\ut-zap50k\Shoes\Heels\Dansko\7988427.359982.jpg,7988427.359982.jpg,Shoes,Heels,Dansko
images\ut-zap50k\Boots\Knee High\Fitzwell\8025223.79113.jpg,8025223.79113.jpg,Boots,Knee High,Fitzwell
images\ut-zap50k\Shoes\Loafers\Nunn Bush\7910654.3.jpg,7910654.3.jpg,Shoes,Loafers,Nunn Bush
images\ut-zap50k\Shoes\Oxfords\Tommy Hilfiger\8122114.3.jpg,8122114.3.jpg,Shoes,Oxfords,Tommy Hilfiger
images\ut-zap50k\Shoes\Sneakers and Athletic Shoes\New Balance\7977945.6972.jpg,7977945.6972.jpg,Shoes,Sneakers and Athletic Shoes,New Balance
images\ut-zap50k\Shoes\Sneakers and Athletic Shoes\adidas Originals\7327843.309428.jpg,7327843.309428.jpg,Shoes,Sneakers and Athletic Shoes,adidas Originals
images\ut-zap50k\Boots\Ankle\Primigi Kids\8022101.184651.jpg,8022101.184651.jpg,Boots,Ankle,Primigi Kids
images\ut-zap50k\Shoes\Sneakers and Athletic Shoes\SKECHERS\8041652.151.jpg,8041652.151.jpg,Shoes,Sneakers and Athletic Shoes,SKECHERS
images\ut-zap50k\Sandals\Flat\Dirty Laundry\8085606.621.jpg,8085606.621.jpg,Sandals,Flat,Dirty Laundry
images\ut-zap50k\Sandals\Flat\Kid Express\7926042.15.jpg,7926042.15.jpg,Sandals,Flat,Kid Express
images\ut-zap50k\Shoes\Flats\Betsey Johnson\8017900.9953.jpg,8017900.9953.jpg,Shoes,Flats,Betsey Johnson
images\ut-zap50k\Sandals\Flat\Vaneli\8070761.388598.jpg,8070761.388598.jpg,Sandals,Flat,Vaneli
images\ut-zap50k\Shoes\Sneakers and Athletic Shoes\New Balance Kids\7980053.113300.jpg,7980053.113300.jpg,Shoes,Sneakers and Athletic Shoes,New Balance Kids
images\ut-zap50k\Shoes\Loafers\Deer Stags\8046639.3.jpg,8046639.3.jpg,Shoes,Loafers,Deer Stags
images\ut-zap50k\Shoes\Loafers\Cole Haan\8000932.3.jpg,8000932.3.jpg,Shoes,Loafers,Cole Haan
images\ut-zap50k\Boots\Ankle\Frye\7792888.325.jpg,7792888.325.jpg,Boots,Ankle,Frye
images\ut-zap50k\Shoes\Firstwalker\Stride Rite\7896861.6.jpg,7896861.6.jpg,Shoes,Firstwalker,Stride Rite
images\ut-zap50k\Shoes\Sneakers and Athletic Shoes\Vivobarefoot\7898610.585.jpg,7898610.585.jpg,Shoes,Sneakers and Athletic Shoes,Vivobarefoot
images\ut-zap50k\Boots\Mid-Calf\Naya\8075737.72.jpg,8075737.72.jpg,Boots,Mid-Calf,Naya
images\ut-zap50k\Shoes\Loafers\Sanuk\8057895.6.jpg,8057895.6.jpg,Shoes,Loafers,Sanuk
images\ut-zap50k\Boots\Ankle\Dr. Martens\7821737.365102.jpg,7821737.365102.jpg,Boots,Ankle,Dr. Martens
images\ut-zap50k\Sandals\Flat\Brighton\8003934.3.jpg,8003934.3.jpg,Sandals,Flat,Brighton
images\ut-zap50k\Shoes\Sneakers and Athletic Shoes\True Religion\8034201.325.jpg,8034201.325.jpg,Shoes,Sneakers and Athletic Shoes,True Religion
images\ut-zap50k\Shoes\Sneakers and Athletic Shoes\Nike\7879402.183092.jpg,7879402.183092.jpg,Shoes,Sneakers and Athletic Shoes,Nike
images\ut-zap50k\Shoes\Sneakers and Athletic Shoes\Nike Kids\7796539.20502.jpg,7796539.20502.jpg,Shoes,Sneakers and Athletic Shoes,Nike Kids
images\ut-zap50k\Shoes\Sneakers and Athletic Shoes\etnies\7966544.11951.jpg,7966544.11951.jpg,Shoes,Sneakers and Athletic Shoes,etnies
images\ut-zap50k\Shoes\Clogs and Mules\Birki's\108961.396.jpg,108961.396.jpg,Shoes,Clogs and Mules,Birki's
images\ut-zap50k\Shoes\Sneakers and Athletic Shoes\Salomon\7982232.85891.jpg,7982232.85891.jpg,Shoes,Sneakers and Athletic Shoes,Salomon
images\ut-zap50k\Boots\Ankle\Kamik\7668631.20.jpg,7668631.20.jpg,Boots,Ankle,Kamik
images\ut-zap50k\Shoes\Firstwalker\Primigi Kids\8022088.3.jpg,8022088.3.jpg,Shoes,Firstwalker,Primigi Kids
images\ut-zap50k\Shoes\Sneakers and Athletic Shoes\K2 Skates\7942125.144.jpg,7942125.144.jpg,Shoes,Sneakers and Athletic Shoes,K2 Skates
images\ut-zap50k\Boots\Ankle\Bogs\7987480.9953.jpg,7987480.9953.jpg,Boots,Ankle,Bogs
images\ut-zap50k\Shoes\Heels\Elizabeth and James\7979760.2539.jpg,7979760.2539.jpg,Shoes,Heels,Elizabeth and James
images\ut-zap50k\Boots\Knee High\rsvp\8032520.7294.jpg,8032520.7294.jpg,Boots,Knee High,rsvp
images\ut-zap50k\Shoes\Heels\Nine West\7490059.409130.jpg,7490059.409130.jpg,Shoes,Heels,Nine West
images\ut-zap50k\Boots\Ankle\Harley-Davidson\8045719.3.jpg,8045719.3.jpg,Boots,Ankle,Harley-Davidson
images\ut-zap50k\Shoes\Sneakers and Athletic Shoes\DC Kids\8035902.1453.jpg,8035902.1453.jpg,Shoes,Sneakers and Athletic Shoes,DC Kids
images\ut-zap50k\Sandals\Flat\Sanuk\7909880.766.jpg,7909880.766.jpg,Sandals,Flat,Sanuk
images\ut-zap50k\Sandals\Flat\Reef\7606679.2459.jpg,7606679.2459.jpg,Sandals,Flat,Reef
images\ut-zap50k\Shoes\Loafers\Stuart Weitzman\7976698.39286.jpg,7976698.39286.jpg,Shoes,Loafers,Stuart Weitzman
images\ut-zap50k\Shoes\Heels\Badgley Mischka\8026766.99.jpg,8026766.99.jpg,Shoes,Heels,Badgley Mischka
images\ut-zap50k\Shoes\Sneakers and Athletic Shoes\PUMA\8058555.382646.jpg,8058555.382646.jpg,Shoes,Sneakers and Athletic Shoes,PUMA
images\ut-zap50k\Boots\Ankle\Joe's Jeans\8091780.18.jpg,8091780.18.jpg,Boots,Ankle,Joe's Jeans
images\ut-zap50k\Boots\Ankle\Harley-Davidson\8045719.6.jpg,8045719.6.jpg,Boots,Ankle,Harley-Davidson
images\ut-zap50k\Boots\Ankle\etnies\8018927.369413.jpg,8018927.369413.jpg,Boots,Ankle,etnies
images\ut-zap50k\Boots\Mid-Calf\UGG Kids\8032891.374135.jpg,8032891.374135.jpg,Boots,Mid-Calf,UGG Kids
images\ut-zap50k\Shoes\Sneakers and Athletic Shoes\Sanuk\7909972.1892.jpg,7909972.1892.jpg,Shoes,Sneakers and Athletic Shoes,Sanuk
images\ut-zap50k\Shoes\Heels\rsvp\8044110.200.jpg,8044110.200.jpg,Shoes,Heels,rsvp
images\ut-zap50k\Sandals\Flat\Havaianas\7540506.401.jpg,7540506.401.jpg,Sandals,Flat,Havaianas
images\ut-zap50k\Shoes\Oxfords\Camper\7231825.291.jpg,7231825.291.jpg,Shoes,Oxfords,Camper
images\ut-zap50k\Shoes\Sneakers and Athletic Shoes\Tsukihoshi Kids\7508779.12914.jpg,7508779.12914.jpg,Shoes,Sneakers and Athletic Shoes,Tsukihoshi Kids
images\ut-zap50k\Shoes\Sneakers and Athletic Shoes\Nike Kids\7978793.389083.jpg,7978793.389083.jpg,Shoes,Sneakers and Athletic Shoes,Nike Kids
images\ut-zap50k\Sandals\Flat\Clarks\8078798.521.jpg,8078798.521.jpg,Sandals,Flat,Clarks
images\ut-zap50k\Shoes\Sneakers and Athletic Shoes\adidas Originals\7599376.151.jpg,7599376.151.jpg,Shoes,Sneakers and Athletic Shoes,adidas Originals
images\ut-zap50k\Shoes\Heels\rsvp\7936378.3397.jpg,7936378.3397.jpg,Shoes,Heels,rsvp
images\ut-zap50k\Sandals\Flat\Sperry Top-Sider\7872156.9.jpg,7872156.9.jpg,Sandals,Flat,Sperry Top-Sider
images\ut-zap50k\Boots\Mid-Calf\Ariat\7761705.20818.jpg,7761705.20818.jpg,Boots,Mid-Calf,Ariat
images\ut-zap50k\Shoes\Heels\Stuart Weitzman\7842260.106.jpg,7842260.106.jpg,Shoes,Heels,Stuart Weitzman
images\ut-zap50k\Shoes\Clogs and Mules\SKECHERS\8041602.3.jpg,8041602.3.jpg,Shoes,Clogs and Mules,SKECHERS
images\ut-zap50k\Sandals\Flat\Scott Hawaii\7967360.1430.jpg,7967360.1430.jpg,Sandals,Flat,Scott Hawaii
images\ut-zap50k\Shoes\Sneakers and Athletic Shoes\Nike\8012814.367096.jpg,8012814.367096.jpg,Shoes,Sneakers and Athletic Shoes,Nike
images\ut-zap50k\Boots\Mid-Calf\Nike Kids\7979478.370589.jpg,7979478.370589.jpg,Boots,Mid-Calf,Nike Kids
images\ut-zap50k\Shoes\Sneakers and Athletic Shoes\K-Swiss\7561875.206607.jpg,7561875.206607.jpg,Shoes,Sneakers and Athletic Shoes,K-Swiss
images\ut-zap50k\Shoes\Sneakers and Athletic Shoes\Diadora Kids\7902736.151.jpg,7902736.151.jpg,Shoes,Sneakers and Athletic Shoes,Diadora Kids
images\ut-zap50k\Shoes\Flats\El Naturalista\8024620.3.jpg,8024620.3.jpg,Shoes,Flats,El Naturalista
images\ut-zap50k\Boots\Ankle\Khombu\7819577.60041.jpg,7819577.60041.jpg,Boots,Ankle,Khombu
images\ut-zap50k\Boots\Ankle\Lacoste\8013732.367614.jpg,8013732.367614.jpg,Boots,Ankle,Lacoste
images\ut-zap50k\Shoes\Boat Shoes\Sperry Top-Sider\8052369.535.jpg,8052369.535.jpg,Shoes,Boat Shoes,Sperry Top-Sider
images\ut-zap50k\Sandals\Flat\Miz Mooz\7978182.718.jpg,7978182.718.jpg,Sandals,Flat,Miz Mooz
images\ut-zap50k\Shoes\Flats\Kid Express\7925832.89.jpg,7925832.89.jpg,Shoes,Flats,Kid Express
images\ut-zap50k\Shoes\Flats\Kenneth Cole Reaction Kids\7994415.3.jpg,7994415.3.jpg,Shoes,Flats,Kenneth Cole Reaction Kids
images\ut-zap50k\Boots\Mid-Calf\Baffin Kids\8054003.3.jpg,8054003.3.jpg,Boots,Mid-Calf,Baffin Kids
images\ut-zap50k\Shoes\Sneakers and Athletic Shoes\etnies\7733347.151.jpg,7733347.151.jpg,Shoes,Sneakers and Athletic Shoes,etnies
images\ut-zap50k\Shoes\Sneakers and Athletic Shoes\Nike\7925637.367116.jpg,7925637.367116.jpg,Shoes,Sneakers and Athletic Shoes,Nike
images\ut-zap50k\Shoes\Heels\DSQUARED2\8060825.383567.jpg,8060825.383567.jpg,Shoes,Heels,DSQUARED2
images\ut-zap50k\Boots\Knee High\Armani Jeans\8092270.2940.jpg,8092270.2940.jpg,Boots,Knee High,Armani Jeans
images\ut-zap50k\Shoes\Sneakers and Athletic Shoes\etnies\8018931.369432.jpg,8018931.369432.jpg,Shoes,Sneakers and Athletic Shoes,etnies
images\ut-zap50k\Shoes\Clogs and Mules\Alegria\7822230.89.jpg,7822230.89.jpg,Shoes,Clogs and Mules,Alegria
images\ut-zap50k\Shoes\Clogs and Mules\Roper\8042000.3.jpg,8042000.3.jpg,Shoes,Clogs and Mules,Roper
images\ut-zap50k\Boots\Ankle\Betsey Johnson\8017899.9450.jpg,8017899.9450.jpg,Boots,Ankle,Betsey Johnson
images\ut-zap50k\Sandals\Flat\Kid Express\7925943.202.jpg,7925943.202.jpg,Sandals,Flat,Kid Express
images\ut-zap50k\Shoes\Heels\Naot Footwear\7990749.360885.jpg,7990749.360885.jpg,Shoes,Heels,Naot Footwear
images\ut-zap50k\Shoes\Sneakers and Athletic Shoes\Nike\7971602.353306.jpg,7971602.353306.jpg,Shoes,Sneakers and Athletic Shoes,Nike
images\ut-zap50k\Sandals\Flat\Sbicca\8108349.585.jpg,8108349.585.jpg,Sandals,Flat,Sbicca
images\ut-zap50k\Boots\Mid-Calf\Western Chief Kids\8019221.764.jpg,8019221.764.jpg,Boots,Mid-Calf,Western Chief Kids
images\ut-zap50k\Boots\Mid-Calf\Fergie\8028788.104481.jpg,8028788.104481.jpg,Boots,Mid-Calf,Fergie
images\ut-zap50k\Shoes\Sneakers and Athletic Shoes\See Kai Run Kids\7998446.1897.jpg,7998446.1897.jpg,Shoes,Sneakers and Athletic Shoes,See Kai Run Kids
images\ut-zap50k\Shoes\Sneakers and Athletic Shoes\Nike\7971945.353512.jpg,7971945.353512.jpg,Shoes,Sneakers and Athletic Shoes,Nike
images\ut-zap50k\Shoes\Flats\Sanuk\7909930.3.jpg,7909930.3.jpg,Shoes,Flats,Sanuk
images\ut-zap50k\Sandals\Flat\Finn Comfort\7305950.342661.jpg,7305950.342661.jpg,Sandals,Flat,Finn Comfort
images\ut-zap50k\Shoes\Sneakers and Athletic Shoes\Converse\7174805.396.jpg,7174805.396.jpg,Shoes,Sneakers and Athletic Shoes,Converse
images\ut-zap50k\Shoes\Sneakers and Athletic Shoes\Nike\7925403.337487.jpg,7925403.337487.jpg,Shoes,Sneakers and Athletic Shoes,Nike
images\ut-zap50k\Sandals\Flat\Klogs USA\7919190.200622.jpg,7919190.200622.jpg,Sandals,Flat,Klogs USA
images\ut-zap50k\Shoes\Sneakers and Athletic Shoes\PUMA\7883889.125876.jpg,7883889.125876.jpg,Shoes,Sneakers and Athletic Shoes,PUMA
images\ut-zap50k\Shoes\Heels\Biviel\7780763.285115.jpg,7780763.285115.jpg,Shoes,Heels,Biviel
images\ut-zap50k\Shoes\Sneakers and Athletic Shoes\Reebok\7975663.373699.jpg,7975663.373699.jpg,Shoes,Sneakers and Athletic Shoes,Reebok
images\ut-zap50k\Shoes\Sneakers and Athletic Shoes\Puma Kids\7990451.369911.jpg,7990451.369911.jpg,Shoes,Sneakers and Athletic Shoes,Puma Kids
images\ut-zap50k\Shoes\Heels\Franco Sarto\8028431.89.jpg,8028431.89.jpg,Shoes,Heels,Franco Sarto
images\ut-zap50k\Boots\Ankle\Haflinger\7842712.20.jpg,7842712.20.jpg,Boots,Ankle,Haflinger
images\ut-zap50k\Shoes\Oxfords\Cole Haan\7869447.395238.jpg,7869447.395238.jpg,Shoes,Oxfords,Cole Haan
images\ut-zap50k\Shoes\Heels\Nina\7787777.3039.jpg,7787777.3039.jpg,Shoes,Heels,Nina
images\ut-zap50k\Sandals\Flat\KORS Michael Kors\7971562.353133.jpg,7971562.353133.jpg,Sandals,Flat,KORS Michael Kors
images\ut-zap50k\Shoes\Loafers\Santoni\8146911.325.jpg,8146911.325.jpg,Shoes,Loafers,Santoni
images\ut-zap50k\Shoes\Sneakers and Athletic Shoes\Geox Kids\8016010.18409.jpg,8016010.18409.jpg,Shoes,Sneakers and Athletic Shoes,Geox Kids
images\ut-zap50k\Shoes\Oxfords\Wolky\8024880.3008.jpg,8024880.3008.jpg,Shoes,Oxfords,Wolky
images\ut-zap50k\Shoes\Sneakers and Athletic Shoes\Supra\7662625.5236.jpg,7662625.5236.jpg,Shoes,Sneakers and Athletic Shoes,Supra
images\ut-zap50k\Boots\Mid-Calf\UGG\7839351.320126.jpg,7839351.320126.jpg,Boots,Mid-Calf,UGG
images\ut-zap50k\Shoes\Loafers\Marc Jacobs\7999413.410.jpg,7999413.410.jpg,Shoes,Loafers,Marc Jacobs
images\ut-zap50k\Shoes\Sneakers and Athletic Shoes\Nike\7925504.11683.jpg,7925504.11683.jpg,Shoes,Sneakers and Athletic Shoes,Nike
images\ut-zap50k\Boots\Mid-Calf\Sorel Kids\7963138.3.jpg,7963138.3.jpg,Boots,Mid-Calf,Sorel Kids
images\ut-zap50k\Boots\Mid-Calf\Palladium\117987.315771.jpg,117987.315771.jpg,Boots,Mid-Calf,Palladium
images\ut-zap50k\Sandals\Flat\Nine West\8113229.1711.jpg,8113229.1711.jpg,Sandals,Flat,Nine West
images\ut-zap50k\Shoes\Sneakers and Athletic Shoes\Lacoste\8050098.12913.jpg,8050098.12913.jpg,Shoes,Sneakers and Athletic Shoes,Lacoste
images\ut-zap50k\Sandals\Flat\Fergie\8099645.3.jpg,8099645.3.jpg,Sandals,Flat,Fergie
images\ut-zap50k\Boots\Knee High\Alexander McQueen\8004719.3.jpg,8004719.3.jpg,Boots,Knee High,Alexander McQueen
images\ut-zap50k\Shoes\Sneakers and Athletic Shoes\Reebok Lifestyle\8030292.389274.jpg,8030292.389274.jpg,Shoes,Sneakers and Athletic Shoes,Reebok Lifestyle
images\ut-zap50k\Boots\Mid-Calf\Frye\7792157.225241.jpg,7792157.225241.jpg,Boots,Mid-Calf,Frye
images\ut-zap50k\Boots\Mid-Calf\Christin Michaels\8043239.372960.jpg,8043239.372960.jpg,Boots,Mid-Calf,Christin Michaels
images\ut-zap50k\Shoes\Sneakers and Athletic Shoes\PUMA\7903849.105825.jpg,7903849.105825.jpg,Shoes,Sneakers and Athletic Shoes,PUMA
images\ut-zap50k\Shoes\Sneakers and Athletic Shoes\Ryka\7990354.388879.jpg,7990354.388879.jpg,Shoes,Sneakers and Athletic Shoes,Ryka
images\ut-zap50k\Boots\Knee High\La Canadienne\7180467.106.jpg,7180467.106.jpg,Boots,Knee High,La Canadienne
images\ut-zap50k\Boots\Mid-Calf\Sorel\8121776.3.jpg,8121776.3.jpg,Boots,Mid-Calf,Sorel
images\ut-zap50k\Boots\Ankle\Lowa\7972252.353664.jpg,7972252.353664.jpg,Boots,Ankle,Lowa
images\ut-zap50k\Boots\Mid-Calf\La Canadienne\7996739.363051.jpg,7996739.363051.jpg,Boots,Mid-Calf,La Canadienne
images\ut-zap50k\Shoes\Heels\LAUREN Ralph Lauren\7406098.195443.jpg,7406098.195443.jpg,Shoes,Heels,LAUREN Ralph Lauren
images\ut-zap50k\Sandals\Flat\VOLATILE\7956692.632.jpg,7956692.632.jpg,Sandals,Flat,VOLATILE
images\ut-zap50k\Shoes\Sneakers and Athletic Shoes\ASICS\7984100.1066.jpg,7984100.1066.jpg,Shoes,Sneakers and Athletic Shoes,ASICS
images\ut-zap50k\Shoes\Sneakers and Athletic Shoes\adidas Originals Kids\7428446.29602.jpg,7428446.29602.jpg,Shoes,Sneakers and Athletic Shoes,adidas Originals Kids
images\ut-zap50k\Shoes\Sneakers and Athletic Shoes\Gola\7641552.32993.jpg,7641552.32993.jpg,Shoes,Sneakers and Athletic Shoes,Gola
images\ut-zap50k\Shoes\Sneakers and Athletic Shoes\Bloch\7966722.2247.jpg,7966722.2247.jpg,Shoes,Sneakers and Athletic Shoes,Bloch
images\ut-zap50k\Boots\Knee High\Annie\8016194.249356.jpg,8016194.249356.jpg,Boots,Knee High,Annie
images\ut-zap50k\Boots\Mid-Calf\Bogs\7987424.4002.jpg,7987424.4002.jpg,Boots,Mid-Calf,Bogs
images\ut-zap50k\Shoes\Loafers\Elephantito\7900299.9.jpg,7900299.9.jpg,Shoes,Loafers,Elephantito
images\ut-zap50k\Boots\Knee High\Frye\7594577.377138.jpg,7594577.377138.jpg,Boots,Knee High,Frye
images\ut-zap50k\Shoes\Sneakers and Athletic Shoes\Vans Kids\7851163.356653.jpg,7851163.356653.jpg,Shoes,Sneakers and Athletic Shoes,Vans Kids
images\ut-zap50k\Boots\Mid-Calf\Ariat\7673524.339563.jpg,7673524.339563.jpg,Boots,Mid-Calf,Ariat
images\ut-zap50k\Shoes\Flats\MICHAEL Michael Kors\7830139.370005.jpg,7830139.370005.jpg,Shoes,Flats,MICHAEL Michael Kors
images\ut-zap50k\Boots\Mid-Calf\Primigi Kids\8031647.574.jpg,8031647.574.jpg,Boots,Mid-Calf,Primigi Kids
images\ut-zap50k\Boots\Mid-Calf\VOLATILE\8030341.20.jpg,8030341.20.jpg,Boots,Mid-Calf,VOLATILE
images\ut-zap50k\Shoes\Sneakers and Athletic Shoes\adidas Originals Kids\8074203.390286.jpg,8074203.390286.jpg,Shoes,Sneakers and Athletic Shoes,adidas Originals Kids
images\ut-zap50k\Sandals\Flat\David Tate\7331251.92.jpg,7331251.92.jpg,Sandals,Flat,David Tate
images\ut-zap50k\Boots\Mid-Calf\Stonz\8105427.400626.jpg,8105427.400626.jpg,Boots,Mid-Calf,Stonz
images\ut-zap50k\Sandals\Flat\Roxy\8047730.3.jpg,8047730.3.jpg,Sandals,Flat,Roxy
images\ut-zap50k\Shoes\Loafers\Steve Madden\8005988.665.jpg,8005988.665.jpg,Shoes,Loafers,Steve Madden
images\ut-zap50k\Boots\Knee High\ara\7887561.216.jpg,7887561.216.jpg,Boots,Knee High,ara
images\ut-zap50k\Shoes\Heels\BCBGeneration\8080517.2501.jpg,8080517.2501.jpg,Shoes,Heels,BCBGeneration
images\ut-zap50k\Sandals\Flat\adidas Originals Kids\7879552.320934.jpg,7879552.320934.jpg,Sandals,Flat,adidas Originals Kids
images\ut-zap50k\Shoes\Oxfords\Rockport\7996724.3.jpg,7996724.3.jpg,Shoes,Oxfords,Rockport
images\ut-zap50k\Boots\Ankle\Caterpillar\7681417.8755.jpg,7681417.8755.jpg,Boots,Ankle,Caterpillar
images\ut-zap50k\Shoes\Flats\Ivanka Trump\7796311.370719.jpg,7796311.370719.jpg,Shoes,Flats,Ivanka Trump
images\ut-zap50k\Shoes\Heels\Anne Klein\8002150.89.jpg,8002150.89.jpg,Shoes,Heels,Anne Klein
images\ut-zap50k\Shoes\Clogs and Mules\Crocs\7153812.14.jpg,7153812.14.jpg,Shoes,Clogs and Mules,Crocs
images\ut-zap50k\Shoes\Sneakers and Athletic Shoes\Emerica\7734529.68009.jpg,7734529.68009.jpg,Shoes,Sneakers and Athletic Shoes,Emerica
images\ut-zap50k\Boots\Ankle\Cole Haan\7993516.361834.jpg,7993516.361834.jpg,Boots,Ankle,Cole Haan
images\ut-zap50k\Shoes\Sneakers and Athletic Shoes\Crocs\7960367.180513.jpg,7960367.180513.jpg,Shoes,Sneakers and Athletic Shoes,Crocs
images\ut-zap50k\Shoes\Sneakers and Athletic Shoes\PUMA\8058615.382739.jpg,8058615.382739.jpg,Shoes,Sneakers and Athletic Shoes,PUMA
images\ut-zap50k\Shoes\Flats\Tsubo\7983586.18807.jpg,7983586.18807.jpg,Shoes,Flats,Tsubo
images\ut-zap50k\Shoes\Flats\Merrell\7987143.3.jpg,7987143.3.jpg,Shoes,Flats,Merrell
images\ut-zap50k\Sandals\Flat\Anne Klein\7910951.552.jpg,7910951.552.jpg,Sandals,Flat,Anne Klein
images\ut-zap50k\Shoes\Clogs and Mules\Napa Flex\8025433.9.jpg,8025433.9.jpg,Shoes,Clogs and Mules,Napa Flex
images\ut-zap50k\Shoes\Sneakers and Athletic Shoes\Under Armour\8046492.183092.jpg,8046492.183092.jpg,Shoes,Sneakers and Athletic Shoes,Under Armour
images\ut-zap50k\Shoes\Heels\Madden Girl\8120038.9450.jpg,8120038.9450.jpg,Shoes,Heels,Madden Girl
images\ut-zap50k\Shoes\Sneakers and Athletic Shoes\Osiris\8030031.375834.jpg,8030031.375834.jpg,Shoes,Sneakers and Athletic Shoes,Osiris
images\ut-zap50k\Shoes\Heels\Cole Haan\7879695.331525.jpg,7879695.331525.jpg,Shoes,Heels,Cole Haan
images\ut-zap50k\Shoes\Heels\El Naturalista\7775351.56826.jpg,7775351.56826.jpg,Shoes,Heels,El Naturalista
images\ut-zap50k\Boots\Ankle\Pikolinos\8017291.368878.jpg,8017291.368878.jpg,Boots,Ankle,Pikolinos
images\ut-zap50k\Shoes\Heels\Naughty Monkey\8014925.20.jpg,8014925.20.jpg,Shoes,Heels,Naughty Monkey
images\ut-zap50k\Shoes\Flats\Elephantito\7840507.411.jpg,7840507.411.jpg,Shoes,Flats,Elephantito
images\ut-zap50k\Shoes\Sneakers and Athletic Shoes\Nike\8018767.369334.jpg,8018767.369334.jpg,Shoes,Sneakers and Athletic Shoes,Nike
images\ut-zap50k\Boots\Ankle\Umi Kids\7809025.362149.jpg,7809025.362149.jpg,Boots,Ankle,Umi Kids
images\ut-zap50k\Sandals\Flat\Keen\7209689.262767.jpg,7209689.262767.jpg,Sandals,Flat,Keen
images\ut-zap50k\Sandals\Flat\Vaneli\8070761.388565.jpg,8070761.388565.jpg,Sandals,Flat,Vaneli
images\ut-zap50k\Shoes\Sneakers and Athletic Shoes\Montrail\7729370.335109.jpg,7729370.335109.jpg,Shoes,Sneakers and Athletic Shoes,Montrail
images\ut-zap50k\Shoes\Heels\ECCO\7973721.3.jpg,7973721.3.jpg,Shoes,Heels,ECCO
images\ut-zap50k\Shoes\Oxfords\Not Rated\8072689.767.jpg,8072689.767.jpg,Shoes,Oxfords,Not Rated
images\ut-zap50k\Shoes\Clogs and Mules\Sanita\7935004.6.jpg,7935004.6.jpg,Shoes,Clogs and Mules,Sanita
images\ut-zap50k\Shoes\Sneakers and Athletic Shoes\Nike\7874228.367314.jpg,7874228.367314.jpg,Shoes,Sneakers and Athletic Shoes,Nike
images\ut-zap50k\Shoes\Loafers\Frye\7659315.3008.jpg,7659315.3008.jpg,Shoes,Loafers,Frye
images\ut-zap50k\Shoes\Clogs and Mules\Alegria\7814544.887.jpg,7814544.887.jpg,Shoes,Clogs and Mules,Alegria
images\ut-zap50k\Shoes\Oxfords\Steve Madden\8075932.211014.jpg,8075932.211014.jpg,Shoes,Oxfords,Steve Madden
images\ut-zap50k\Shoes\Sneakers and Athletic Shoes\OluKai\7546036.3.jpg,7546036.3.jpg,Shoes,Sneakers and Athletic Shoes,OluKai
images\ut-zap50k\Shoes\Sneakers and Athletic Shoes\Lakai\7740329.231.jpg,7740329.231.jpg,Shoes,Sneakers and Athletic Shoes,Lakai
images\ut-zap50k\Shoes\Sneakers and Athletic Shoes\Camper\8084239.8742.jpg,8084239.8742.jpg,Shoes,Sneakers and Athletic Shoes,Camper
images\ut-zap50k\Shoes\Loafers\Stuart Weitzman\7976615.355792.jpg,7976615.355792.jpg,Shoes,Loafers,Stuart Weitzman
images\ut-zap50k\Shoes\Flats\ara\7407516.283958.jpg,7407516.283958.jpg,Shoes,Flats,ara
images\ut-zap50k\Boots\Mid-Calf\Pikolinos\8017062.368819.jpg,8017062.368819.jpg,Boots,Mid-Calf,Pikolinos
images\ut-zap50k\Shoes\Flats\Munro American\8030809.1200.jpg,8030809.1200.jpg,Shoes,Flats,Munro American
images\ut-zap50k\Shoes\Oxfords\Stuart Weitzman\8031290.210435.jpg,8031290.210435.jpg,Shoes,Oxfords,Stuart Weitzman
images\ut-zap50k\Shoes\Sneakers and Athletic Shoes\Puma Kids\7785906.215438.jpg,7785906.215438.jpg,Shoes,Sneakers and Athletic Shoes,Puma Kids
images\ut-zap50k\Shoes\Heels\GUESS\8109528.89.jpg,8109528.89.jpg,Shoes,Heels,GUESS
images\ut-zap50k\Boots\Mid-Calf\Born\7818638.361190.jpg,7818638.361190.jpg,Boots,Mid-Calf,Born
images\ut-zap50k\Boots\Ankle\Lugz\125632.334582.jpg,125632.334582.jpg,Boots,Ankle,Lugz
images\ut-zap50k\Shoes\Heels\Cole Haan\8000881.291214.jpg,8000881.291214.jpg,Shoes,Heels,Cole Haan
images\ut-zap50k\Shoes\Sneakers and Athletic Shoes\SKECHERS KIDS\8053087.380447.jpg,8053087.380447.jpg,Shoes,Sneakers and Athletic Shoes,SKECHERS KIDS
images\ut-zap50k\Shoes\Sneakers and Athletic Shoes\Puma Kids\7587775.362922.jpg,7587775.362922.jpg,Shoes,Sneakers and Athletic Shoes,Puma Kids
images\ut-zap50k\Sandals\Flat\Diane Von Furstenberg\7560373.351677.jpg,7560373.351677.jpg,Sandals,Flat,Diane Von Furstenberg
images\ut-zap50k\Sandals\Flat\Keen\7128865.261636.jpg,7128865.261636.jpg,Sandals,Flat,Keen
images\ut-zap50k\Shoes\Clogs and Mules\Sanita\8090341.767.jpg,8090341.767.jpg,Shoes,Clogs and Mules,Sanita
images\ut-zap50k\Sandals\Flat\Diane Von Furstenberg\8068518.321959.jpg,8068518.321959.jpg,Sandals,Flat,Diane Von Furstenberg
images\ut-zap50k\Shoes\Heels\CARLOS by Carlos Santana\8063833.202.jpg,8063833.202.jpg,Shoes,Heels,CARLOS by Carlos Santana
images\ut-zap50k\Sandals\Flat\Cushe\7751276.72.jpg,7751276.72.jpg,Sandals,Flat,Cushe
images\ut-zap50k\Shoes\Sneakers and Athletic Shoes\adidas Kids\7883715.354086.jpg,7883715.354086.jpg,Shoes,Sneakers and Athletic Shoes,adidas Kids
images\ut-zap50k\Shoes\Sneakers and Athletic Shoes\Keen\7892339.356050.jpg,7892339.356050.jpg,Shoes,Sneakers and Athletic Shoes,Keen
images\ut-zap50k\Shoes\Flats\Clarks\7993173.3093.jpg,7993173.3093.jpg,Shoes,Flats,Clarks
images\ut-zap50k\Sandals\Flat\Frye\7910998.209977.jpg,7910998.209977.jpg,Sandals,Flat,Frye
images\ut-zap50k\Shoes\Clogs and Mules\Dansko\7988366.359952.jpg,7988366.359952.jpg,Shoes,Clogs and Mules,Dansko
images\ut-zap50k\Shoes\Oxfords\Mezlan\8030790.3.jpg,8030790.3.jpg,Shoes,Oxfords,Mezlan
images\ut-zap50k\Shoes\Sneakers and Athletic Shoes\Zigi\8098459.2957.jpg,8098459.2957.jpg,Shoes,Sneakers and Athletic Shoes,Zigi
images\ut-zap50k\Boots\Mid-Calf\Diane Von Furstenberg\8013765.367632.jpg,8013765.367632.jpg,Boots,Mid-Calf,Diane Von Furstenberg
images\ut-zap50k\Shoes\Heels\Nine West\8113598.79779.jpg,8113598.79779.jpg,Shoes,Heels,Nine West
images\ut-zap50k\Shoes\Sneakers and Athletic Shoes\Brooks\7965891.350986.jpg,7965891.350986.jpg,Shoes,Sneakers and Athletic Shoes,Brooks
images\ut-zap50k\Shoes\Sneakers and Athletic Shoes\Camper\7997624.3.jpg,7997624.3.jpg,Shoes,Sneakers and Athletic Shoes,Camper
images\ut-zap50k\Shoes\Loafers\Propet\8019428.3.jpg,8019428.3.jpg,Shoes,Loafers,Propet
images\ut-zap50k\Sandals\Flat\Cobian\7747405.19.jpg,7747405.19.jpg,Sandals,Flat,Cobian
images\ut-zap50k\Boots\Mid-Calf\Hunter\7976460.11421.jpg,7976460.11421.jpg,Boots,Mid-Calf,Hunter
images\ut-zap50k\Boots\Knee High\Frye\8003558.253858.jpg,8003558.253858.jpg,Boots,Knee High,Frye
images\ut-zap50k\Boots\Knee High\UGG\8042007.12680.jpg,8042007.12680.jpg,Boots,Knee High,UGG
images\ut-zap50k\Shoes\Boat Shoes\Bottega Veneta\7904490.331043.jpg,7904490.331043.jpg,Shoes,Boat Shoes,Bottega Veneta
images\ut-zap50k\Shoes\Loafers\Sanuk\8058003.15914.jpg,8058003.15914.jpg,Shoes,Loafers,Sanuk
images\ut-zap50k\Sandals\Flat\Onex\7219384.632.jpg,7219384.632.jpg,Sandals,Flat,Onex
images\ut-zap50k\Slippers\Slipper Flats\Haflinger\7841878.9.jpg,7841878.9.jpg,Slippers,Slipper Flats,Haflinger
images\ut-zap50k\Shoes\Sneakers and Athletic Shoes\Native Kids Shoes\7927936.338860.jpg,7927936.338860.jpg,Shoes,Sneakers and Athletic Shoes,Native Kids Shoes
images\ut-zap50k\Shoes\Flats\Ros Hommerson\8044417.95675.jpg,8044417.95675.jpg,Shoes,Flats,Ros Hommerson
images\ut-zap50k\Shoes\Sneakers and Athletic Shoes\Nike Golf\7919112.334655.jpg,7919112.334655.jpg,Shoes,Sneakers and Athletic Shoes,Nike Golf
images\ut-zap50k\Boots\Ankle\New Balance\7940653.3.jpg,7940653.3.jpg,Boots,Ankle,New Balance
images\ut-zap50k\Shoes\Flats\Gabriella Rocha\7862265.103.jpg,7862265.103.jpg,Shoes,Flats,Gabriella Rocha
images\ut-zap50k\Shoes\Heels\Soft Style\7828638.138422.jpg,7828638.138422.jpg,Shoes,Heels,Soft Style
images\ut-zap50k\Shoes\Sneakers and Athletic Shoes\Bloch\7472285.3.jpg,7472285.3.jpg,Shoes,Sneakers and Athletic Shoes,Bloch
images\ut-zap50k\Shoes\Flats\FootMates\7415279.91695.jpg,7415279.91695.jpg,Shoes,Flats,FootMates
images\ut-zap50k\Shoes\Sneakers and Athletic Shoes\Caterpillar\8053106.380460.jpg,8053106.380460.jpg,Shoes,Sneakers and Athletic Shoes,Caterpillar
images\ut-zap50k\Boots\Mid-Calf\ALDO\8049006.1430.jpg,8049006.1430.jpg,Boots,Mid-Calf,ALDO
images\ut-zap50k\Sandals\Flat\Via Spiga\7972565.3.jpg,7972565.3.jpg,Sandals,Flat,Via Spiga
images\ut-zap50k\Shoes\Sneakers and Athletic Shoes\Superga\7924194.83799.jpg,7924194.83799.jpg,Shoes,Sneakers and Athletic Shoes,Superga
images\ut-zap50k\Shoes\Heels\Salvatore Ferragamo\7688148.300460.jpg,7688148.300460.jpg,Shoes,Heels,Salvatore Ferragamo
images\ut-zap50k\Shoes\Loafers\Splendid\8022563.621.jpg,8022563.621.jpg,Shoes,Loafers,Splendid
images\ut-zap50k\Shoes\Sneakers and Athletic Shoes\etnies\7655316.369429.jpg,7655316.369429.jpg,Shoes,Sneakers and Athletic Shoes,etnies
images\ut-zap50k\Shoes\Flats\BCBGeneration\7999067.3.jpg,7999067.3.jpg,Shoes,Flats,BCBGeneration
images\ut-zap50k\Sandals\Flat\Flojos\7695939.6.jpg,7695939.6.jpg,Sandals,Flat,Flojos
images\ut-zap50k\Shoes\Clogs and Mules\Alegria\8014098.399448.jpg,8014098.399448.jpg,Shoes,Clogs and Mules,Alegria
images\ut-zap50k\Sandals\Flat\Sanuk\7909514.680.jpg,7909514.680.jpg,Sandals,Flat,Sanuk
images\ut-zap50k\Shoes\Loafers\Paul Green\7952742.89.jpg,7952742.89.jpg,Shoes,Loafers,Paul Green
images\ut-zap50k\Boots\Mid-Calf\Sorel\7333154.705.jpg,7333154.705.jpg,Boots,Mid-Calf,Sorel
images\ut-zap50k\Boots\Ankle\Bikkembergs\8025543.72.jpg,8025543.72.jpg,Boots,Ankle,Bikkembergs
images\ut-zap50k\Boots\Mid-Calf\Mountrek\8008031.529.jpg,8008031.529.jpg,Boots,Mid-Calf,Mountrek
images\ut-zap50k\Shoes\Sneakers and Athletic Shoes\New Balance Kids\8069711.30129.jpg,8069711.30129.jpg,Shoes,Sneakers and Athletic Shoes,New Balance Kids
images\ut-zap50k\Shoes\Sneakers and Athletic Shoes\Nike\7971753.353377.jpg,7971753.353377.jpg,Shoes,Sneakers and Athletic Shoes,Nike
images\ut-zap50k\Shoes\Sneakers and Athletic Shoes\Lakai\7465227.4546.jpg,7465227.4546.jpg,Shoes,Sneakers and Athletic Shoes,Lakai
images\ut-zap50k\Shoes\Flats\Cole Haan\7907680.110696.jpg,7907680.110696.jpg,Shoes,Flats,Cole Haan
images\ut-zap50k\Shoes\Heels\Stuart Weitzman Bridal & Evening Collection\7999204.5360.jpg,7999204.5360.jpg,Shoes,Heels,Stuart Weitzman Bridal & Evening Collection
images\ut-zap50k\Shoes\Heels\LOVE Moschino\8010754.36338.jpg,8010754.36338.jpg,Shoes,Heels,LOVE Moschino
images\ut-zap50k\Sandals\Flat\Teva\7373969.224900.jpg,7373969.224900.jpg,Sandals,Flat,Teva
images\ut-zap50k\Shoes\Heels\Soft Style\7219129.18956.jpg,7219129.18956.jpg,Shoes,Heels,Soft Style
images\ut-zap50k\Boots\Ankle\Timberland PRO\7553988.6.jpg,7553988.6.jpg,Boots,Ankle,Timberland PRO
images\ut-zap50k\Shoes\Sneakers and Athletic Shoes\Patagonia\7495425.213915.jpg,7495425.213915.jpg,Shoes,Sneakers and Athletic Shoes,Patagonia
images\ut-zap50k\Shoes\Sneakers and Athletic Shoes\TIC TAC TOES\7315025.3.jpg,7315025.3.jpg,Shoes,Sneakers and Athletic Shoes,TIC TAC TOES
images\ut-zap50k\Boots\Mid-Calf\Kamik Kids\7998332.3.jpg,7998332.3.jpg,Boots,Mid-Calf,Kamik Kids
images\ut-zap50k\Sandals\Flat\Havaianas\7683442.18914.jpg,7683442.18914.jpg,Sandals,Flat,Havaianas
images\ut-zap50k\Shoes\Flats\French Sole\7289565.89.jpg,7289565.89.jpg,Shoes,Flats,French Sole
images\ut-zap50k\Sandals\Flat\DV by Dolce Vita\8084069.385.jpg,8084069.385.jpg,Sandals,Flat,DV by Dolce Vita
images\ut-zap50k\Shoes\Sneakers and Athletic Shoes\Bloch\7660050.183092.jpg,7660050.183092.jpg,Shoes,Sneakers and Athletic Shoes,Bloch
images\ut-zap50k\Shoes\Sneakers and Athletic Shoes\ASICS\7881709.91151.jpg,7881709.91151.jpg,Shoes,Sneakers and Athletic Shoes,ASICS
images\ut-zap50k\Shoes\Sneakers and Athletic Shoes\Nike Kids\7926825.338215.jpg,7926825.338215.jpg,Shoes,Sneakers and Athletic Shoes,Nike Kids
images\ut-zap50k\Boots\Ankle\Kamik\7998405.3.jpg,7998405.3.jpg,Boots,Ankle,Kamik
images\ut-zap50k\Shoes\Heels\Jessica Simpson Kids\7495277.728.jpg,7495277.728.jpg,Shoes,Heels,Jessica Simpson Kids
images\ut-zap50k\Shoes\Boat Shoes\Salvatore Ferragamo\7967107.351482.jpg,7967107.351482.jpg,Shoes,Boat Shoes,Salvatore Ferragamo
images\ut-zap50k\Sandals\Flat\L.A.M.B\8042698.123360.jpg,8042698.123360.jpg,Sandals,Flat,L.A.M.B
images\ut-zap50k\Shoes\Clogs and Mules\Dansko\7988345.3.jpg,7988345.3.jpg,Shoes,Clogs and Mules,Dansko
images\ut-zap50k\Shoes\Sneakers and Athletic Shoes\Primigi Kids\8020448.401.jpg,8020448.401.jpg,Shoes,Sneakers and Athletic Shoes,Primigi Kids
images\ut-zap50k\Boots\Mid-Calf\Le Chameau\7866294.396.jpg,7866294.396.jpg,Boots,Mid-Calf,Le Chameau
images\ut-zap50k\Sandals\Flat\Keen\7630111.390873.jpg,7630111.390873.jpg,Sandals,Flat,Keen
images\ut-zap50k\Shoes\Heels\Irregular Choice\8103053.960.jpg,8103053.960.jpg,Shoes,Heels,Irregular Choice
images\ut-zap50k\Boots\Mid-Calf\Old Friend\7466657.621.jpg,7466657.621.jpg,Boots,Mid-Calf,Old Friend
images\ut-zap50k\Shoes\Heels\Earthies\8018544.4854.jpg,8018544.4854.jpg,Shoes,Heels,Earthies
images\ut-zap50k\Shoes\Flats\Circa Joan & David\8131778.57935.jpg,8131778.57935.jpg,Shoes,Flats,Circa Joan & David
images\ut-zap50k\Boots\Mid-Calf\Primigi Kids\8022050.3.jpg,8022050.3.jpg,Boots,Mid-Calf,Primigi Kids
images\ut-zap50k\Boots\Ankle\RJ Colt\7571216.1080.jpg,7571216.1080.jpg,Boots,Ankle,RJ Colt
images\ut-zap50k\Shoes\Heels\Aravon\7567381.72.jpg,7567381.72.jpg,Shoes,Heels,Aravon
images\ut-zap50k\Boots\Mid-Calf\Frye\8003586.364891.jpg,8003586.364891.jpg,Boots,Mid-Calf,Frye
images\ut-zap50k\Shoes\Heels\KORS Michael Kors\7646714.521.jpg,7646714.521.jpg,Shoes,Heels,KORS Michael Kors
images\ut-zap50k\Sandals\Flat\Grazie\8053301.3.jpg,8053301.3.jpg,Sandals,Flat,Grazie
images\ut-zap50k\Sandals\Flat\Havaianas\7933410.291262.jpg,7933410.291262.jpg,Sandals,Flat,Havaianas
images\ut-zap50k\Sandals\Flat\Nike\7679685.20502.jpg,7679685.20502.jpg,Sandals,Flat,Nike
images\ut-zap50k\Sandals\Flat\Biviel\7780762.285119.jpg,7780762.285119.jpg,Sandals,Flat,Biviel
images\ut-zap50k\Boots\Ankle\Giuseppe Zanotti\8003215.3.jpg,8003215.3.jpg,Boots,Ankle,Giuseppe Zanotti
images\ut-zap50k\Sandals\Flat\Vivanz\8013626.585.jpg,8013626.585.jpg,Sandals,Flat,Vivanz
images\ut-zap50k\Shoes\Heels\Badgley Mischka\7926632.395260.jpg,7926632.395260.jpg,Shoes,Heels,Badgley Mischka
images\ut-zap50k\Shoes\Boat Shoes\Sperry Kids\7838041.325.jpg,7838041.325.jpg,Shoes,Boat Shoes,Sperry Kids
images\ut-zap50k\Slippers\Slipper Flats\Stride Rite\7993705.559.jpg,7993705.559.jpg,Slippers,Slipper Flats,Stride Rite
images\ut-zap50k\Shoes\Heels\Stuart Weitzman\7536389.347475.jpg,7536389.347475.jpg,Shoes,Heels,Stuart Weitzman
images\ut-zap50k\Shoes\Heels\Jessica Simpson\7614480.393489.jpg,7614480.393489.jpg,Shoes,Heels,Jessica Simpson
images\ut-zap50k\Boots\Knee High\Western Chief Kids\8019103.574.jpg,8019103.574.jpg,Boots,Knee High,Western Chief Kids
images\ut-zap50k\Shoes\Sneakers and Athletic Shoes\New Balance\7802314.632.jpg,7802314.632.jpg,Shoes,Sneakers and Athletic Shoes,New Balance
images\ut-zap50k\Shoes\Flats\MICHAEL Michael Kors\7761463.7491.jpg,7761463.7491.jpg,Shoes,Flats,MICHAEL Michael Kors
images\ut-zap50k\Boots\Mid-Calf\Dingo\7832877.3.jpg,7832877.3.jpg,Boots,Mid-Calf,Dingo
images\ut-zap50k\Shoes\Heels\Calvin Klein Jeans\8021837.17889.jpg,8021837.17889.jpg,Shoes,Heels,Calvin Klein Jeans
images\ut-zap50k\Boots\Ankle\Minnetonka\7739186.984.jpg,7739186.984.jpg,Boots,Ankle,Minnetonka
images\ut-zap50k\Boots\Ankle\Cobb Hill\8073287.1868.jpg,8073287.1868.jpg,Boots,Ankle,Cobb Hill
images\ut-zap50k\Boots\Mid-Calf\Teva Kids\7984735.3.jpg,7984735.3.jpg,Boots,Mid-Calf,Teva Kids
images\ut-zap50k\Shoes\Sneakers and Athletic Shoes\adidas Originals\7652767.355625.jpg,7652767.355625.jpg,Shoes,Sneakers and Athletic Shoes,adidas Originals
images\ut-zap50k\Boots\Mid-Calf\Harley-Davidson\8045723.3.jpg,8045723.3.jpg,Boots,Mid-Calf,Harley-Davidson
images\ut-zap50k\Shoes\Boat Shoes\SKECHERS\8041649.11.jpg,8041649.11.jpg,Shoes,Boat Shoes,SKECHERS
images\ut-zap50k\Shoes\Loafers\Florsheim\104002.3.jpg,104002.3.jpg,Shoes,Loafers,Florsheim
images\ut-zap50k\Boots\Knee High\Giuseppe Zanotti\8003272.77435.jpg,8003272.77435.jpg,Boots,Knee High,Giuseppe Zanotti
images\ut-zap50k\Boots\Mid-Calf\Burberry\7980192.22688.jpg,7980192.22688.jpg,Boots,Mid-Calf,Burberry
images\ut-zap50k\Boots\Mid-Calf\Bogs Kids\7994958.535.jpg,7994958.535.jpg,Boots,Mid-Calf,Bogs Kids
images\ut-zap50k\Shoes\Oxfords\Dr. Martens\7348547.73338.jpg,7348547.73338.jpg,Shoes,Oxfords,Dr. Martens
images\ut-zap50k\Boots\Ankle\Lugz\7778465.284641.jpg,7778465.284641.jpg,Boots,Ankle,Lugz
images\ut-zap50k\Shoes\Sneakers and Athletic Shoes\Chaco\7982988.123538.jpg,7982988.123538.jpg,Shoes,Sneakers and Athletic Shoes,Chaco
images\ut-zap50k\Boots\Mid-Calf\Diba\8029185.6.jpg,8029185.6.jpg,Boots,Mid-Calf,Diba
images\ut-zap50k\Sandals\Heel\Finn Comfort\7393158.307.jpg,7393158.307.jpg,Sandals,Heel,Finn Comfort
images\ut-zap50k\Shoes\Sneakers and Athletic Shoes\Ryka\7555674.223071.jpg,7555674.223071.jpg,Shoes,Sneakers and Athletic Shoes,Ryka
images\ut-zap50k\Sandals\Flat\Merrell\7879756.359.jpg,7879756.359.jpg,Sandals,Flat,Merrell
images\ut-zap50k\Boots\Mid-Calf\Teva\7960597.3.jpg,7960597.3.jpg,Boots,Mid-Calf,Teva
images\ut-zap50k\Boots\Mid-Calf\Romantic Soles\8020670.798.jpg,8020670.798.jpg,Boots,Mid-Calf,Romantic Soles
images\ut-zap50k\Shoes\Heels\Vince Camuto\8113428.403519.jpg,8113428.403519.jpg,Shoes,Heels,Vince Camuto
images\ut-zap50k\Shoes\Sneakers and Athletic Shoes\Polo Ralph Lauren\7889079.401.jpg,7889079.401.jpg,Shoes,Sneakers and Athletic Shoes,Polo Ralph Lauren
images\ut-zap50k\Boots\Ankle\Blowfish\7974980.354483.jpg,7974980.354483.jpg,Boots,Ankle,Blowfish
images\ut-zap50k\Shoes\Oxfords\Nunn Bush\8036257.6.jpg,8036257.6.jpg,Shoes,Oxfords,Nunn Bush
images\ut-zap50k\Shoes\Sneakers and Athletic Shoes\adidas Running\7598877.354135.jpg,7598877.354135.jpg,Shoes,Sneakers and Athletic Shoes,adidas Running
images\ut-zap50k\Boots\Mid-Calf\Ariat\7992447.6.jpg,7992447.6.jpg,Boots,Mid-Calf,Ariat
images\ut-zap50k\Boots\Ankle\FitFlop\7997069.23023.jpg,7997069.23023.jpg,Boots,Ankle,FitFlop
images\ut-zap50k\Shoes\Sneakers and Athletic Shoes\New Balance\7837853.223736.jpg,7837853.223736.jpg,Shoes,Sneakers and Athletic Shoes,New Balance
images\ut-zap50k\Shoes\Sneakers and Athletic Shoes\SKECHERS Work\8061044.3.jpg,8061044.3.jpg,Shoes,Sneakers and Athletic Shoes,SKECHERS Work
images\ut-zap50k\Slippers\Slipper Flats\Volcom\8059489.181562.jpg,8059489.181562.jpg,Slippers,Slipper Flats,Volcom
images\ut-zap50k\Shoes\Flats\Vaneli\8004342.365130.jpg,8004342.365130.jpg,Shoes,Flats,Vaneli
images\ut-zap50k\Shoes\Heels\Corso Como\7925846.392674.jpg,7925846.392674.jpg,Shoes,Heels,Corso Como
images\ut-zap50k\Shoes\Flats\Naot Footwear\7829943.228483.jpg,7829943.228483.jpg,Shoes,Flats,Naot Footwear
images\ut-zap50k\Shoes\Sneakers and Athletic Shoes\PUMA\7726678.382690.jpg,7726678.382690.jpg,Shoes,Sneakers and Athletic Shoes,PUMA
images\ut-zap50k\Shoes\Flats\Loeffler Randall\7963300.349759.jpg,7963300.349759.jpg,Shoes,Flats,Loeffler Randall
images\ut-zap50k\Boots\Ankle\Crocs Kids\7814166.363044.jpg,7814166.363044.jpg,Boots,Ankle,Crocs Kids
images\ut-zap50k\Shoes\Sneakers and Athletic Shoes\Under Armour\8046483.1066.jpg,8046483.1066.jpg,Shoes,Sneakers and Athletic Shoes,Under Armour
images\ut-zap50k\Shoes\Flats\Kid Express\7847435.309860.jpg,7847435.309860.jpg,Shoes,Flats,Kid Express
images\ut-zap50k\Sandals\Flat\Enzo Angiolini\7947529.552.jpg,7947529.552.jpg,Sandals,Flat,Enzo Angiolini
images\ut-zap50k\Boots\Mid-Calf\Naturino\7987823.401.jpg,7987823.401.jpg,Boots,Mid-Calf,Naturino
images\ut-zap50k\Shoes\Boat Shoes\Frye\7599417.274103.jpg,7599417.274103.jpg,Shoes,Boat Shoes,Frye
images\ut-zap50k\Boots\Ankle\Primigi Kids\8024422.43.jpg,8024422.43.jpg,Boots,Ankle,Primigi Kids
images\ut-zap50k\Boots\Ankle\Naya\7995303.172.jpg,7995303.172.jpg,Boots,Ankle,Naya
images\ut-zap50k\Shoes\Sneakers and Athletic Shoes\DC\8077600.6166.jpg,8077600.6166.jpg,Shoes,Sneakers and Athletic Shoes,DC
images\ut-zap50k\Boots\Ankle\Frye\7970486.248970.jpg,7970486.248970.jpg,Boots,Ankle,Frye
images\ut-zap50k\Shoes\Sneakers and Athletic Shoes\Nike Kids\7978354.356627.jpg,7978354.356627.jpg,Shoes,Sneakers and Athletic Shoes,Nike Kids
images\ut-zap50k\Sandals\Flat\KORS Michael Kors\7902878.330569.jpg,7902878.330569.jpg,Sandals,Flat,KORS Michael Kors
images\ut-zap50k\Shoes\Sneakers and Athletic Shoes\Vans\7608741.374556.jpg,7608741.374556.jpg,Shoes,Sneakers and Athletic Shoes,Vans
images\ut-zap50k\Sandals\Flat\Trotters\8075375.585.jpg,8075375.585.jpg,Sandals,Flat,Trotters
images\ut-zap50k\Shoes\Heels\Gabriella Rocha\7772960.973.jpg,7772960.973.jpg,Shoes,Heels,Gabriella Rocha
images\ut-zap50k\Boots\Knee High\Miz Mooz\8031936.396.jpg,8031936.396.jpg,Boots,Knee High,Miz Mooz
images\ut-zap50k\Shoes\Boat Shoes\Sperry Top-Sider\7969625.6.jpg,7969625.6.jpg,Shoes,Boat Shoes,Sperry Top-Sider
images\ut-zap50k\Sandals\Flat\MICHAEL Michael Kors\8064642.4666.jpg,8064642.4666.jpg,Sandals,Flat,MICHAEL Michael Kors
images\ut-zap50k\Shoes\Heels\Tsubo\7561556.89.jpg,7561556.89.jpg,Shoes,Heels,Tsubo
images\ut-zap50k\Shoes\Heels\Corso Como\8041607.376623.jpg,8041607.376623.jpg,Shoes,Heels,Corso Como
images\ut-zap50k\Shoes\Sneakers and Athletic Shoes\Sanuk\7529580.423.jpg,7529580.423.jpg,Shoes,Sneakers and Athletic Shoes,Sanuk
images\ut-zap50k\Shoes\Clogs and Mules\Haflinger\7801953.20.jpg,7801953.20.jpg,Shoes,Clogs and Mules,Haflinger
images\ut-zap50k\Sandals\Flat\Nine West\7687528.220155.jpg,7687528.220155.jpg,Sandals,Flat,Nine West
images\ut-zap50k\Shoes\Heels\MICHAEL Michael Kors\8031664.189.jpg,8031664.189.jpg,Shoes,Heels,MICHAEL Michael Kors
images\ut-zap50k\Sandals\Flat\Roxy Kids\8046186.3.jpg,8046186.3.jpg,Sandals,Flat,Roxy Kids
images\ut-zap50k\Shoes\Heels\Paul Smith\7992426.767.jpg,7992426.767.jpg,Shoes,Heels,Paul Smith
images\ut-zap50k\Boots\Ankle\Anne Klein\8002112.72.jpg,8002112.72.jpg,Boots,Ankle,Anne Klein
images\ut-zap50k\Boots\Ankle\Blowfish\7974980.354485.jpg,7974980.354485.jpg,Boots,Ankle,Blowfish
images\ut-zap50k\Boots\Knee High\Blowfish\8028948.354485.jpg,8028948.354485.jpg,Boots,Knee High,Blowfish
images\ut-zap50k\Boots\Ankle\Dr. Martens\104730.35.jpg,104730.35.jpg,Boots,Ankle,Dr. Martens
images\ut-zap50k\Shoes\Loafers\ECCO\7950245.607.jpg,7950245.607.jpg,Shoes,Loafers,ECCO
images\ut-zap50k\Boots\Mid-Calf\MIA\7369788.72.jpg,7369788.72.jpg,Boots,Mid-Calf,MIA
images\ut-zap50k\Sandals\Flat\Anne Klein\7428768.552.jpg,7428768.552.jpg,Sandals,Flat,Anne Klein
images\ut-zap50k\Shoes\Sneakers and Athletic Shoes\Spira\7696314.13183.jpg,7696314.13183.jpg,Shoes,Sneakers and Athletic Shoes,Spira
images\ut-zap50k\Shoes\Oxfords\Sperry Top-Sider\7969399.401.jpg,7969399.401.jpg,Shoes,Oxfords,Sperry Top-Sider
images\ut-zap50k\Shoes\Loafers\Orthaheel\7996349.18.jpg,7996349.18.jpg,Shoes,Loafers,Orthaheel
images\ut-zap50k\Sandals\Flat\Teva\7593648.31526.jpg,7593648.31526.jpg,Sandals,Flat,Teva
images\ut-zap50k\Shoes\Heels\Annie\8014599.10370.jpg,8014599.10370.jpg,Shoes,Heels,Annie
images\ut-zap50k\Shoes\Oxfords\Clarks\7833375.72.jpg,7833375.72.jpg,Shoes,Oxfords,Clarks
images\ut-zap50k\Shoes\Heels\Anne Klein\8032767.142200.jpg,8032767.142200.jpg,Shoes,Heels,Anne Klein
images\ut-zap50k\Shoes\Loafers\Stacy Adams\8103315.231.jpg,8103315.231.jpg,Shoes,Loafers,Stacy Adams
images\ut-zap50k\Boots\Ankle\Frye\7880976.642.jpg,7880976.642.jpg,Boots,Ankle,Frye
images\ut-zap50k\Shoes\Sneakers and Athletic Shoes\Vans\7608741.200674.jpg,7608741.200674.jpg,Shoes,Sneakers and Athletic Shoes,Vans
images\ut-zap50k\Boots\Ankle\Corso Como\8045979.376628.jpg,8045979.376628.jpg,Boots,Ankle,Corso Como
images\ut-zap50k\Boots\Ankle\Frye\7970235.289963.jpg,7970235.289963.jpg,Boots,Ankle,Frye
images\ut-zap50k\Sandals\Flat\Birkenstock\7616338.275676.jpg,7616338.275676.jpg,Sandals,Flat,Birkenstock
images\ut-zap50k\Shoes\Heels\DSQUARED2\8060846.9.jpg,8060846.9.jpg,Shoes,Heels,DSQUARED2
images\ut-zap50k\Shoes\Boat Shoes\Vans\8064405.350416.jpg,8064405.350416.jpg,Shoes,Boat Shoes,Vans
images\ut-zap50k\Shoes\Heels\Nine West\7798031.594.jpg,7798031.594.jpg,Shoes,Heels,Nine West
images\ut-zap50k\Sandals\Flat\Touch Ups\7953112.934.jpg,7953112.934.jpg,Sandals,Flat,Touch Ups
images\ut-zap50k\Boots\Ankle\Lugz\8010794.236657.jpg,8010794.236657.jpg,Boots,Ankle,Lugz
images\ut-zap50k\Shoes\Loafers\Lassen\7948672.521.jpg,7948672.521.jpg,Shoes,Loafers,Lassen
images\ut-zap50k\Shoes\Loafers\Sorel\7982364.1681.jpg,7982364.1681.jpg,Shoes,Loafers,Sorel
images\ut-zap50k\Shoes\Sneakers and Athletic Shoes\Nike\7873298.386545.jpg,7873298.386545.jpg,Shoes,Sneakers and Athletic Shoes,Nike
images\ut-zap50k\Boots\Mid-Calf\Baffin\7486154.3.jpg,7486154.3.jpg,Boots,Mid-Calf,Baffin
images\ut-zap50k\Boots\Ankle\ara\8037347.375480.jpg,8037347.375480.jpg,Boots,Ankle,ara
images\ut-zap50k\Sandals\Flat\Reef\7883986.133.jpg,7883986.133.jpg,Sandals,Flat,Reef
images\ut-zap50k\Shoes\Heels\Vince Camuto\7890885.124204.jpg,7890885.124204.jpg,Shoes,Heels,Vince Camuto
images\ut-zap50k\Shoes\Flats\Corso Como\8041619.376634.jpg,8041619.376634.jpg,Shoes,Flats,Corso Como
images\ut-zap50k\Shoes\Sneakers and Athletic Shoes\pediped\7998075.9.jpg,7998075.9.jpg,Shoes,Sneakers and Athletic Shoes,pediped
images\ut-zap50k\Shoes\Loafers\Stuart Weitzman\8064136.193006.jpg,8064136.193006.jpg,Shoes,Loafers,Stuart Weitzman
images\ut-zap50k\Shoes\Sneakers and Athletic Shoes\ASICS\8051577.379785.jpg,8051577.379785.jpg,Shoes,Sneakers and Athletic Shoes,ASICS
images\ut-zap50k\Boots\Ankle\Keen\7280085.326691.jpg,7280085.326691.jpg,Boots,Ankle,Keen
images\ut-zap50k\Shoes\Sneakers and Athletic Shoes\Geox Kids\8016209.2078.jpg,8016209.2078.jpg,Shoes,Sneakers and Athletic Shoes,Geox Kids
images\ut-zap50k\Shoes\Heels\Nina\8026631.3.jpg,8026631.3.jpg,Shoes,Heels,Nina
images\ut-zap50k\Shoes\Flats\Zigi\8030120.160668.jpg,8030120.160668.jpg,Shoes,Flats,Zigi
images\ut-zap50k\Boots\Knee High\Hunter\7363796.9.jpg,7363796.9.jpg,Boots,Knee High,Hunter
images\ut-zap50k\Shoes\Loafers\BRUNO MAGLI\8009824.325.jpg,8009824.325.jpg,Shoes,Loafers,BRUNO MAGLI
images\ut-zap50k\Boots\Ankle\Sporto\7855759.3.jpg,7855759.3.jpg,Boots,Ankle,Sporto
images\ut-zap50k\Shoes\Boat Shoes\Steve Madden\8063612.4259.jpg,8063612.4259.jpg,Shoes,Boat Shoes,Steve Madden
images\ut-zap50k\Shoes\Sneakers and Athletic Shoes\Vivobarefoot\7898371.329131.jpg,7898371.329131.jpg,Shoes,Sneakers and Athletic Shoes,Vivobarefoot
images\ut-zap50k\Shoes\Sneakers and Athletic Shoes\Tsukihoshi Kids\7920033.334996.jpg,7920033.334996.jpg,Shoes,Sneakers and Athletic Shoes,Tsukihoshi Kids
images\ut-zap50k\Shoes\Loafers\Josef Seibel\7822975.83739.jpg,7822975.83739.jpg,Shoes,Loafers,Josef Seibel
images\ut-zap50k\Sandals\Flat\Vidorreta\7919394.385.jpg,7919394.385.jpg,Sandals,Flat,Vidorreta
images\ut-zap50k\Boots\Ankle\Dunham\8021817.25295.jpg,8021817.25295.jpg,Boots,Ankle,Dunham
images\ut-zap50k\Shoes\Loafers\Keen\7654814.3.jpg,7654814.3.jpg,Shoes,Loafers,Keen
images\ut-zap50k\Shoes\Sneakers and Athletic Shoes\Nike Kids\7968932.387107.jpg,7968932.387107.jpg,Shoes,Sneakers and Athletic Shoes,Nike Kids
images\ut-zap50k\Shoes\Sneakers and Athletic Shoes\New Balance\7799331.6972.jpg,7799331.6972.jpg,Shoes,Sneakers and Athletic Shoes,New Balance
images\ut-zap50k\Boots\Mid-Calf\Polo Ralph Lauren\8073091.389842.jpg,8073091.389842.jpg,Boots,Mid-Calf,Polo Ralph Lauren
images\ut-zap50k\Boots\Ankle\Romantic Soles\8020672.370089.jpg,8020672.370089.jpg,Boots,Ankle,Romantic Soles
images\ut-zap50k\Boots\Mid-Calf\EMU Australia\7967610.1679.jpg,7967610.1679.jpg,Boots,Mid-Calf,EMU Australia
images\ut-zap50k\Shoes\Oxfords\Loeffler Randall\8062596.2428.jpg,8062596.2428.jpg,Shoes,Oxfords,Loeffler Randall
images\ut-zap50k\Shoes\Oxfords\Paul Smith\7992418.574.jpg,7992418.574.jpg,Shoes,Oxfords,Paul Smith
images\ut-zap50k\Shoes\Sneakers and Athletic Shoes\Capezio\7633710.3.jpg,7633710.3.jpg,Shoes,Sneakers and Athletic Shoes,Capezio
images\ut-zap50k\Boots\Knee High\Steve Madden\8044554.19.jpg,8044554.19.jpg,Boots,Knee High,Steve Madden
images\ut-zap50k\Sandals\Flat\Naot Footwear\7951343.27997.jpg,7951343.27997.jpg,Sandals,Flat,Naot Footwear
images\ut-zap50k\Shoes\Oxfords\Cole Haan\7897800.45595.jpg,7897800.45595.jpg,Shoes,Oxfords,Cole Haan
images\ut-zap50k\Boots\Mid-Calf\UGG Kids\8125938.27064.jpg,8125938.27064.jpg,Boots,Mid-Calf,UGG Kids
images\ut-zap50k\Shoes\Oxfords\Frye\7594659.9194.jpg,7594659.9194.jpg,Shoes,Oxfords,Frye
images\ut-zap50k\Shoes\Sneakers and Athletic Shoes\Circa\7607554.350953.jpg,7607554.350953.jpg,Shoes,Sneakers and Athletic Shoes,Circa
images\ut-zap50k\Shoes\Sneakers and Athletic Shoes\Merrell\7659777.359591.jpg,7659777.359591.jpg,Shoes,Sneakers and Athletic Shoes,Merrell
images\ut-zap50k\Shoes\Flats\Lucky Brand\7787167.401315.jpg,7787167.401315.jpg,Shoes,Flats,Lucky Brand
images\ut-zap50k\Shoes\Heels\J. Renee\8062666.3.jpg,8062666.3.jpg,Shoes,Heels,J. Renee
images\ut-zap50k\Boots\Ankle\KORS Michael Kors\7971357.3455.jpg,7971357.3455.jpg,Boots,Ankle,KORS Michael Kors
images\ut-zap50k\Shoes\Boat Shoes\Keen\7892996.34214.jpg,7892996.34214.jpg,Shoes,Boat Shoes,Keen
images\ut-zap50k\Shoes\Sneakers and Athletic Shoes\Merrell\7718429.23021.jpg,7718429.23021.jpg,Shoes,Sneakers and Athletic Shoes,Merrell
images\ut-zap50k\Boots\Ankle\Blundstone\7472338.6.jpg,7472338.6.jpg,Boots,Ankle,Blundstone
images\ut-zap50k\Shoes\Sneakers and Athletic Shoes\Nike Kids\7969854.350885.jpg,7969854.350885.jpg,Shoes,Sneakers and Athletic Shoes,Nike Kids
images\ut-zap50k\Slippers\Slipper Flats\Fitzwell\7449078.1429.jpg,7449078.1429.jpg,Slippers,Slipper Flats,Fitzwell
images\ut-zap50k\Sandals\Flat\Sbicca\7990220.14.jpg,7990220.14.jpg,Sandals,Flat,Sbicca
images\ut-zap50k\Shoes\Sneakers and Athletic Shoes\PUMA\8058594.84280.jpg,8058594.84280.jpg,Shoes,Sneakers and Athletic Shoes,PUMA
images\ut-zap50k\Shoes\Flats\Jil Sander\7721959.264235.jpg,7721959.264235.jpg,Shoes,Flats,Jil Sander
images\ut-zap50k\Boots\Knee High\Frye\7970243.290984.jpg,7970243.290984.jpg,Boots,Knee High,Frye
images\ut-zap50k\Shoes\Boat Shoes\Sperry Top-Sider\7161124.216278.jpg,7161124.216278.jpg,Shoes,Boat Shoes,Sperry Top-Sider
images\ut-zap50k\Shoes\Boat Shoes\Sperry Top-Sider\7609984.364940.jpg,7609984.364940.jpg,Shoes,Boat Shoes,Sperry Top-Sider
images\ut-zap50k\Boots\Knee High\Frye\7491279.256485.jpg,7491279.256485.jpg,Boots,Knee High,Frye
images\ut-zap50k\Shoes\Sneakers and Athletic Shoes\Timberland PRO\7813186.3.jpg,7813186.3.jpg,Shoes,Sneakers and Athletic Shoes,Timberland PRO
images\ut-zap50k\Boots\Ankle\Tretorn\7792301.6.jpg,7792301.6.jpg,Boots,Ankle,Tretorn
images\ut-zap50k\Shoes\Loafers\SKECHERS\8041329.275.jpg,8041329.275.jpg,Shoes,Loafers,SKECHERS
images\ut-zap50k\Shoes\Heels\Fidji\8119697.642.jpg,8119697.642.jpg,Shoes,Heels,Fidji
images\ut-zap50k\Shoes\Loafers\Sanuk\8057875.325.jpg,8057875.325.jpg,Shoes,Loafers,Sanuk
images\ut-zap50k\Shoes\Sneakers and Athletic Shoes\Creative Recreation Kids\7815628.314458.jpg,7815628.314458.jpg,Shoes,Sneakers and Athletic Shoes,Creative Recreation Kids
images\ut-zap50k\Shoes\Sneakers and Athletic Shoes\Keen\7629839.3.jpg,7629839.3.jpg,Shoes,Sneakers and Athletic Shoes,Keen
images\ut-zap50k\Boots\Knee High\Frye\7821536.301561.jpg,7821536.301561.jpg,Boots,Knee High,Frye
images\ut-zap50k\Boots\Mid-Calf\Baffin\7999222.3.jpg,7999222.3.jpg,Boots,Mid-Calf,Baffin
images\ut-zap50k\Shoes\Oxfords\Fratelli\7993179.184651.jpg,7993179.184651.jpg,Shoes,Oxfords,Fratelli
images\ut-zap50k\Sandals\Flat\Oh! Shoes\7984853.253193.jpg,7984853.253193.jpg,Sandals,Flat,Oh! Shoes
images\ut-zap50k\Boots\Ankle\Rieker\7831287.2247.jpg,7831287.2247.jpg,Boots,Ankle,Rieker
images\ut-zap50k\Boots\Ankle\Merrell\7659326.243386.jpg,7659326.243386.jpg,Boots,Ankle,Merrell
images\ut-zap50k\Shoes\Sneakers and Athletic Shoes\Ashworth\7910131.329832.jpg,7910131.329832.jpg,Shoes,Sneakers and Athletic Shoes,Ashworth
images\ut-zap50k\Shoes\Flats\Moschino\8011507.3.jpg,8011507.3.jpg,Shoes,Flats,Moschino
images\ut-zap50k\Shoes\Sneakers and Athletic Shoes\Saucony\7788145.143.jpg,7788145.143.jpg,Shoes,Sneakers and Athletic Shoes,Saucony
images\ut-zap50k\Shoes\Sneakers and Athletic Shoes\Allrounder by Mephisto\7166071.6204.jpg,7166071.6204.jpg,Shoes,Sneakers and Athletic Shoes,Allrounder by Mephisto
images\ut-zap50k\Shoes\Flats\Drew\7390382.137109.jpg,7390382.137109.jpg,Shoes,Flats,Drew
images\ut-zap50k\Sandals\Flat\Cole Haan\7907446.146341.jpg,7907446.146341.jpg,Sandals,Flat,Cole Haan
images\ut-zap50k\Shoes\Sneakers and Athletic Shoes\SKECHERS\8053539.76069.jpg,8053539.76069.jpg,Shoes,Sneakers and Athletic Shoes,SKECHERS
images\ut-zap50k\Boots\Ankle\Stuart Weitzman\7978007.106.jpg,7978007.106.jpg,Boots,Ankle,Stuart Weitzman
images\ut-zap50k\Shoes\Loafers\Steve Madden\7922162.1522.jpg,7922162.1522.jpg,Shoes,Loafers,Steve Madden
images\ut-zap50k\Shoes\Sneakers and Athletic Shoes\ASICS\7646308.237277.jpg,7646308.237277.jpg,Shoes,Sneakers and Athletic Shoes,ASICS
images\ut-zap50k\Slippers\Slipper Flats\Haflinger Kids\8027467.603.jpg,8027467.603.jpg,Slippers,Slipper Flats,Haflinger Kids
images\ut-zap50k\Shoes\Heels\Annie\7674668.3397.jpg,7674668.3397.jpg,Shoes,Heels,Annie
images\ut-zap50k\Boots\Over the Knee\Nine West\8077090.687.jpg,8077090.687.jpg,Boots,Over the Knee,Nine West
images\ut-zap50k\Boots\Mid-Calf\Keen\7977193.44016.jpg,7977193.44016.jpg,Boots,Mid-Calf,Keen
images\ut-zap50k\Shoes\Sneakers and Athletic Shoes\Native Kids Shoes\7927792.259489.jpg,7927792.259489.jpg,Shoes,Sneakers and Athletic Shoes,Native Kids Shoes
images\ut-zap50k\Shoes\Heels\Kate Spade New York\8009794.99.jpg,8009794.99.jpg,Shoes,Heels,Kate Spade New York
images\ut-zap50k\Shoes\Loafers\Sanuk\7580453.3546.jpg,7580453.3546.jpg,Shoes,Loafers,Sanuk
images\ut-zap50k\Shoes\Clogs and Mules\Crocs\8004525.87731.jpg,8004525.87731.jpg,Shoes,Clogs and Mules,Crocs
images\ut-zap50k\Boots\Knee High\Annie\8016034.23659.jpg,8016034.23659.jpg,Boots,Knee High,Annie
images\ut-zap50k\Sandals\Flat\Reef\7884354.1415.jpg,7884354.1415.jpg,Sandals,Flat,Reef
images\ut-zap50k\Sandals\Flat\Merrell\7879790.3.jpg,7879790.3.jpg,Sandals,Flat,Merrell
images\ut-zap50k\Sandals\Flat\Clarks\7892408.72.jpg,7892408.72.jpg,Sandals,Flat,Clarks
images\ut-zap50k\Shoes\Sneakers and Athletic Shoes\Nike Golf\8055339.3.jpg,8055339.3.jpg,Shoes,Sneakers and Athletic Shoes,Nike Golf
images\ut-zap50k\Sandals\Flat\Flojos\7695926.9.jpg,7695926.9.jpg,Sandals,Flat,Flojos
images\ut-zap50k\Shoes\Clogs and Mules\SoftWalk\7820468.20716.jpg,7820468.20716.jpg,Shoes,Clogs and Mules,SoftWalk
images\ut-zap50k\Shoes\Loafers\Kenneth Cole Reaction Kids\7818288.300700.jpg,7818288.300700.jpg,Shoes,Loafers,Kenneth Cole Reaction Kids
images\ut-zap50k\Shoes\Sneakers and Athletic Shoes\Stride Rite\7814063.363878.jpg,7814063.363878.jpg,Shoes,Sneakers and Athletic Shoes,Stride Rite
images\ut-zap50k\Shoes\Sneakers and Athletic Shoes\New Balance\7977785.1413.jpg,7977785.1413.jpg,Shoes,Sneakers and Athletic Shoes,New Balance
images\ut-zap50k\Shoes\Heels\Jack Rogers\8089800.395949.jpg,8089800.395949.jpg,Shoes,Heels,Jack Rogers
images\ut-zap50k\Boots\Ankle\Orthaheel\7996376.18.jpg,7996376.18.jpg,Boots,Ankle,Orthaheel
images\ut-zap50k\Shoes\Clogs and Mules\Fly Flot\7874174.167801.jpg,7874174.167801.jpg,Shoes,Clogs and Mules,Fly Flot
images\ut-zap50k\Boots\Knee High\ECCO\7973707.4769.jpg,7973707.4769.jpg,Boots,Knee High,ECCO
images\ut-zap50k\Shoes\Loafers\Chaco\7983187.289.jpg,7983187.289.jpg,Shoes,Loafers,Chaco
images\ut-zap50k\Boots\Ankle\La Sportiva\7542790.396.jpg,7542790.396.jpg,Boots,Ankle,La Sportiva
images\ut-zap50k\Shoes\Sneakers and Athletic Shoes\SKECHERS\8048947.343.jpg,8048947.343.jpg,Shoes,Sneakers and Athletic Shoes,SKECHERS
images\ut-zap50k\Slippers\Slipper Flats\Ragg Kids\8030862.585.jpg,8030862.585.jpg,Slippers,Slipper Flats,Ragg Kids
images\ut-zap50k\Boots\Ankle\Primigi Kids\8031947.6.jpg,8031947.6.jpg,Boots,Ankle,Primigi Kids
images\ut-zap50k\Shoes\Heels\L.A.M.B\8042667.43903.jpg,8042667.43903.jpg,Shoes,Heels,L.A.M.B
images\ut-zap50k\Shoes\Heels\ALDO\8051584.189.jpg,8051584.189.jpg,Shoes,Heels,ALDO
images\ut-zap50k\Boots\Over the Knee\Gabriella Rocha\8023483.54409.jpg,8023483.54409.jpg,Boots,Over the Knee,Gabriella Rocha
images\ut-zap50k\Boots\Ankle\UGG\7201307.139.jpg,7201307.139.jpg,Boots,Ankle,UGG
images\ut-zap50k\Shoes\Sneakers and Athletic Shoes\Stride Rite\7951991.8464.jpg,7951991.8464.jpg,Shoes,Sneakers and Athletic Shoes,Stride Rite
images\ut-zap50k\Shoes\Sneakers and Athletic Shoes\Saucony\7707957.139.jpg,7707957.139.jpg,Shoes,Sneakers and Athletic Shoes,Saucony
images\ut-zap50k\Boots\Mid-Calf\Mountrek\8008029.559.jpg,8008029.559.jpg,Boots,Mid-Calf,Mountrek
images\ut-zap50k\Boots\Mid-Calf\VOLATILE\7708926.1430.jpg,7708926.1430.jpg,Boots,Mid-Calf,VOLATILE
images\ut-zap50k\Shoes\Flats\Havaianas Kids\7921093.3.jpg,7921093.3.jpg,Shoes,Flats,Havaianas Kids
images\ut-zap50k\Shoes\Flats\PUMA\7975662.183092.jpg,7975662.183092.jpg,Shoes,Flats,PUMA
images\ut-zap50k\Sandals\Flat\Keen\7490240.326724.jpg,7490240.326724.jpg,Sandals,Flat,Keen
images\ut-zap50k\Shoes\Heels\Irregular Choice\8103049.585.jpg,8103049.585.jpg,Shoes,Heels,Irregular Choice
images\ut-zap50k\Shoes\Sneakers and Athletic Shoes\K-Swiss\7902375.330441.jpg,7902375.330441.jpg,Shoes,Sneakers and Athletic Shoes,K-Swiss
images\ut-zap50k\Shoes\Flats\FootMates\7636405.68613.jpg,7636405.68613.jpg,Shoes,Flats,FootMates
images\ut-zap50k\Boots\Knee High\Sperry Top-Sider\7970229.352715.jpg,7970229.352715.jpg,Boots,Knee High,Sperry Top-Sider
images\ut-zap50k\Shoes\Sneakers and Athletic Shoes\Lacoste\8142128.413583.jpg,8142128.413583.jpg,Shoes,Sneakers and Athletic Shoes,Lacoste
images\ut-zap50k\Shoes\Sneakers and Athletic Shoes\SKECHERS\7991265.113388.jpg,7991265.113388.jpg,Shoes,Sneakers and Athletic Shoes,SKECHERS
images\ut-zap50k\Shoes\Sneakers and Athletic Shoes\Oakley\7653415.14.jpg,7653415.14.jpg,Shoes,Sneakers and Athletic Shoes,Oakley
images\ut-zap50k\Shoes\Heels\Frye\7970241.290984.jpg,7970241.290984.jpg,Shoes,Heels,Frye
images\ut-zap50k\Shoes\Oxfords\Steve Madden\8112960.72.jpg,8112960.72.jpg,Shoes,Oxfords,Steve Madden
images\ut-zap50k\Slippers\Slipper Flats\Foamtreads Kids\7679421.158.jpg,7679421.158.jpg,Slippers,Slipper Flats,Foamtreads Kids
images\ut-zap50k\Shoes\Loafers\Cole Haan Kids\7746257.72.jpg,7746257.72.jpg,Shoes,Loafers,Cole Haan Kids
images\ut-zap50k\Shoes\Flats\Anne Klein\8075961.2006.jpg,8075961.2006.jpg,Shoes,Flats,Anne Klein
images\ut-zap50k\Shoes\Oxfords\Hush Puppies Kids\7358822.103.jpg,7358822.103.jpg,Shoes,Oxfords,Hush Puppies Kids
images\ut-zap50k\Shoes\Firstwalker\Stride Rite\7999899.363917.jpg,7999899.363917.jpg,Shoes,Firstwalker,Stride Rite
images\ut-zap50k\Boots\Ankle\Timberland Kids\7424844.229.jpg,7424844.229.jpg,Boots,Ankle,Timberland Kids
images\ut-zap50k\Shoes\Loafers\Fratelli\8105483.3.jpg,8105483.3.jpg,Shoes,Loafers,Fratelli
images\ut-zap50k\Shoes\Heels\J-41\7993574.3.jpg,7993574.3.jpg,Shoes,Heels,J-41
images\ut-zap50k\Shoes\Heels\BCBGeneration\8054512.3.jpg,8054512.3.jpg,Shoes,Heels,BCBGeneration
images\ut-zap50k\Boots\Mid-Calf\Dan Post\8002199.1591.jpg,8002199.1591.jpg,Boots,Mid-Calf,Dan Post
images\ut-zap50k\Boots\Ankle\Mephisto\8019839.369660.jpg,8019839.369660.jpg,Boots,Ankle,Mephisto
images\ut-zap50k\Boots\Mid-Calf\Ariat Kids\7699545.257171.jpg,7699545.257171.jpg,Boots,Mid-Calf,Ariat Kids
images\ut-zap50k\Slippers\Slipper Flats\O'Neill\8048496.5578.jpg,8048496.5578.jpg,Slippers,Slipper Flats,O'Neill
images\ut-zap50k\Shoes\Loafers\Dansko\7809253.3774.jpg,7809253.3774.jpg,Shoes,Loafers,Dansko
images\ut-zap50k\Boots\Knee High\Frye\7970641.364848.jpg,7970641.364848.jpg,Boots,Knee High,Frye
images\ut-zap50k\Shoes\Heels\Romantic Soles\8034712.767.jpg,8034712.767.jpg,Shoes,Heels,Romantic Soles
images\ut-zap50k\Boots\Ankle\Dolce Vita\8106733.172755.jpg,8106733.172755.jpg,Boots,Ankle,Dolce Vita
images\ut-zap50k\Shoes\Oxfords\Johnston & Murphy\7608444.72.jpg,7608444.72.jpg,Shoes,Oxfords,Johnston & Murphy
images\ut-zap50k\Shoes\Sneakers and Athletic Shoes\DC\7962970.222380.jpg,7962970.222380.jpg,Shoes,Sneakers and Athletic Shoes,DC
images\ut-zap50k\Boots\Knee High\rsvp\7493157.3.jpg,7493157.3.jpg,Boots,Knee High,rsvp
images\ut-zap50k\Shoes\Sneakers and Athletic Shoes\New Balance Kids\8002609.2906.jpg,8002609.2906.jpg,Shoes,Sneakers and Athletic Shoes,New Balance Kids
images\ut-zap50k\Shoes\Clogs and Mules\Pikolinos\7934513.202582.jpg,7934513.202582.jpg,Shoes,Clogs and Mules,Pikolinos
images\ut-zap50k\Shoes\Heels\Calvin Klein\7759111.111996.jpg,7759111.111996.jpg,Shoes,Heels,Calvin Klein
images\ut-zap50k\Shoes\Sneakers and Athletic Shoes\Puma Kids\7785908.144.jpg,7785908.144.jpg,Shoes,Sneakers and Athletic Shoes,Puma Kids
images\ut-zap50k\Shoes\Flats\Haflinger\8016604.354.jpg,8016604.354.jpg,Shoes,Flats,Haflinger
images\ut-zap50k\Boots\Ankle\Chippewa\8080969.3.jpg,8080969.3.jpg,Boots,Ankle,Chippewa
images\ut-zap50k\Sandals\Flat\Fergie\8099620.1430.jpg,8099620.1430.jpg,Sandals,Flat,Fergie
images\ut-zap50k\Boots\Ankle\Frye\7683391.301571.jpg,7683391.301571.jpg,Boots,Ankle,Frye
images\ut-zap50k\Shoes\Heels\Clarks\7993064.72.jpg,7993064.72.jpg,Shoes,Heels,Clarks
images\ut-zap50k\Shoes\Sneakers and Athletic Shoes\New Balance Kids\7980015.30126.jpg,7980015.30126.jpg,Shoes,Sneakers and Athletic Shoes,New Balance Kids
images\ut-zap50k\Boots\Mid-Calf\Vivienne Westwood\8031748.711.jpg,8031748.711.jpg,Boots,Mid-Calf,Vivienne Westwood
images\ut-zap50k\Shoes\Heels\ALDO\8051584.3.jpg,8051584.3.jpg,Shoes,Heels,ALDO
images\ut-zap50k\Shoes\Heels\Steve Madden\8112951.13242.jpg,8112951.13242.jpg,Shoes,Heels,Steve Madden
images\ut-zap50k\Boots\Mid-Calf\Pampili\8030819.559.jpg,8030819.559.jpg,Boots,Mid-Calf,Pampili
images\ut-zap50k\Shoes\Oxfords\Allen-Edmonds\8037385.375486.jpg,8037385.375486.jpg,Shoes,Oxfords,Allen-Edmonds
images\ut-zap50k\Shoes\Prewalker\See Kai Run Kids\7998453.418.jpg,7998453.418.jpg,Shoes,Prewalker,See Kai Run Kids
images\ut-zap50k\Shoes\Sneakers and Athletic Shoes\Nike Action Kids\7978043.366874.jpg,7978043.366874.jpg,Shoes,Sneakers and Athletic Shoes,Nike Action Kids
images\ut-zap50k\Shoes\Boat Shoes\Sperry Top-Sider\7871378.506.jpg,7871378.506.jpg,Shoes,Boat Shoes,Sperry Top-Sider
images\ut-zap50k\Shoes\Sneakers and Athletic Shoes\PUMA\7883945.361121.jpg,7883945.361121.jpg,Shoes,Sneakers and Athletic Shoes,PUMA
images\ut-zap50k\Shoes\Clogs and Mules\Crocs Kids\7891117.325865.jpg,7891117.325865.jpg,Shoes,Clogs and Mules,Crocs Kids
images\ut-zap50k\Boots\Ankle\Steve Madden\7907270.72.jpg,7907270.72.jpg,Boots,Ankle,Steve Madden
images\ut-zap50k\Boots\Mid-Calf\Laredo\8003152.364564.jpg,8003152.364564.jpg,Boots,Mid-Calf,Laredo
images\ut-zap50k\Shoes\Heels\Stuart Weitzman for The Cool People\7902067.3.jpg,7902067.3.jpg,Shoes,Heels,Stuart Weitzman for The Cool People
images\ut-zap50k\Shoes\Flats\Merrell\7987337.6.jpg,7987337.6.jpg,Shoes,Flats,Merrell
images\ut-zap50k\Boots\Ankle\Frye\7341113.248964.jpg,7341113.248964.jpg,Boots,Ankle,Frye
images\ut-zap50k\Sandals\Flat\Sanuk\7395695.3.jpg,7395695.3.jpg,Sandals,Flat,Sanuk
images\ut-zap50k\Shoes\Boat Shoes\Cole Haan\7610639.395250.jpg,7610639.395250.jpg,Shoes,Boat Shoes,Cole Haan
images\ut-zap50k\Boots\Ankle\UGG\7201307.30983.jpg,7201307.30983.jpg,Boots,Ankle,UGG
images\ut-zap50k\Sandals\Flat\Onex\8102611.147.jpg,8102611.147.jpg,Sandals,Flat,Onex
images\ut-zap50k\Boots\Knee High\Nine West\8051299.52294.jpg,8051299.52294.jpg,Boots,Knee High,Nine West
images\ut-zap50k\Shoes\Prewalker\Ralph Lauren Layette Kids\7976353.500.jpg,7976353.500.jpg,Shoes,Prewalker,Ralph Lauren Layette Kids
images\ut-zap50k\Boots\Ankle\Vivobarefoot\7977497.325.jpg,7977497.325.jpg,Boots,Ankle,Vivobarefoot
images\ut-zap50k\Shoes\Oxfords\Stacy Adams\8103310.184651.jpg,8103310.184651.jpg,Shoes,Oxfords,Stacy Adams
images\ut-zap50k\Boots\Ankle\Big Buddha\8047089.2006.jpg,8047089.2006.jpg,Boots,Ankle,Big Buddha
images\ut-zap50k\Boots\Ankle\Timberland PRO\7246633.67145.jpg,7246633.67145.jpg,Boots,Ankle,Timberland PRO
images\ut-zap50k\Boots\Mid-Calf\Geox Kids\8016683.3.jpg,8016683.3.jpg,Boots,Mid-Calf,Geox Kids
images\ut-zap50k\Shoes\Sneakers and Athletic Shoes\Gravis\7806699.373106.jpg,7806699.373106.jpg,Shoes,Sneakers and Athletic Shoes,Gravis
images\ut-zap50k\Sandals\Flat\MICHAEL Michael Kors\8115506.3.jpg,8115506.3.jpg,Sandals,Flat,MICHAEL Michael Kors
images\ut-zap50k\Shoes\Firstwalker\Stride Rite\7999899.40295.jpg,7999899.40295.jpg,Shoes,Firstwalker,Stride Rite
images\ut-zap50k\Sandals\Flat\Naot Footwear\7615194.220505.jpg,7615194.220505.jpg,Sandals,Flat,Naot Footwear
images\ut-zap50k\Boots\Ankle\Frye\7792007.20.jpg,7792007.20.jpg,Boots,Ankle,Frye
images\ut-zap50k\Shoes\Sneakers and Athletic Shoes\Frye Kids\7926036.6.jpg,7926036.6.jpg,Shoes,Sneakers and Athletic Shoes,Frye Kids
images\ut-zap50k\Sandals\Flat\Volcom\7888907.125647.jpg,7888907.125647.jpg,Sandals,Flat,Volcom
images\ut-zap50k\Shoes\Sneakers and Athletic Shoes\New Balance\7973593.9.jpg,7973593.9.jpg,Shoes,Sneakers and Athletic Shoes,New Balance
images\ut-zap50k\Shoes\Sneakers and Athletic Shoes\DC\7868362.107873.jpg,7868362.107873.jpg,Shoes,Sneakers and Athletic Shoes,DC
images\ut-zap50k\Sandals\Flat\Salt Water Sandal by Hoy Shoes\7532567.193781.jpg,7532567.193781.jpg,Sandals,Flat,Salt Water Sandal by Hoy Shoes
images\ut-zap50k\Sandals\Flat\Frye\7911042.332571.jpg,7911042.332571.jpg,Sandals,Flat,Frye
images\ut-zap50k\Shoes\Sneakers and Athletic Shoes\Tsukihoshi Kids\7920072.334996.jpg,7920072.334996.jpg,Shoes,Sneakers and Athletic Shoes,Tsukihoshi Kids
images\ut-zap50k\Boots\Mid-Calf\Ariat\7992677.361611.jpg,7992677.361611.jpg,Boots,Mid-Calf,Ariat
images\ut-zap50k\Sandals\Flat\Onex\7219384.57111.jpg,7219384.57111.jpg,Sandals,Flat,Onex
images\ut-zap50k\Shoes\Sneakers and Athletic Shoes\Pro-Keds\7995857.9.jpg,7995857.9.jpg,Shoes,Sneakers and Athletic Shoes,Pro-Keds
images\ut-zap50k\Sandals\Flat\LAUREN Ralph Lauren\7406098.381243.jpg,7406098.381243.jpg,Sandals,Flat,LAUREN Ralph Lauren
images\ut-zap50k\Shoes\Sneakers and Athletic Shoes\New Balance Kids\7931182.10623.jpg,7931182.10623.jpg,Shoes,Sneakers and Athletic Shoes,New Balance Kids
images\ut-zap50k\Shoes\Sneakers and Athletic Shoes\Vans\7213526.385246.jpg,7213526.385246.jpg,Shoes,Sneakers and Athletic Shoes,Vans
images\ut-zap50k\Boots\Ankle\Khombu\7819577.155304.jpg,7819577.155304.jpg,Boots,Ankle,Khombu
images\ut-zap50k\Sandals\Flat\Birkenstock\7616245.208913.jpg,7616245.208913.jpg,Sandals,Flat,Birkenstock
images\ut-zap50k\Shoes\Sneakers and Athletic Shoes\Keen Kids\7716290.261573.jpg,7716290.261573.jpg,Shoes,Sneakers and Athletic Shoes,Keen Kids
images\ut-zap50k\Sandals\Flat\Helle Comfort\7653176.330090.jpg,7653176.330090.jpg,Sandals,Flat,Helle Comfort
images\ut-zap50k\Shoes\Firstwalker\Ralph Lauren Layette Kids\8025317.212080.jpg,8025317.212080.jpg,Shoes,Firstwalker,Ralph Lauren Layette Kids
images\ut-zap50k\Shoes\Sneakers and Athletic Shoes\Converse\7208972.46276.jpg,7208972.46276.jpg,Shoes,Sneakers and Athletic Shoes,Converse
images\ut-zap50k\Shoes\Clogs and Mules\Clarks\7993157.72.jpg,7993157.72.jpg,Shoes,Clogs and Mules,Clarks
images\ut-zap50k\Shoes\Sneakers and Athletic Shoes\Nike Action\7575138.384528.jpg,7575138.384528.jpg,Shoes,Sneakers and Athletic Shoes,Nike Action
images\ut-zap50k\Sandals\Flat\Jumping Jacks Kids\7902880.330572.jpg,7902880.330572.jpg,Sandals,Flat,Jumping Jacks Kids
images\ut-zap50k\Shoes\Flats\Merrell\7879570.321052.jpg,7879570.321052.jpg,Shoes,Flats,Merrell
images\ut-zap50k\Shoes\Clogs and Mules\Dansko\7894489.329586.jpg,7894489.329586.jpg,Shoes,Clogs and Mules,Dansko
images\ut-zap50k\Sandals\Flat\Volcom\7746469.29697.jpg,7746469.29697.jpg,Sandals,Flat,Volcom
images\ut-zap50k\Shoes\Sneakers and Athletic Shoes\Converse Kids\8035494.170279.jpg,8035494.170279.jpg,Shoes,Sneakers and Athletic Shoes,Converse Kids
images\ut-zap50k\Sandals\Flat\Teva\7873834.714.jpg,7873834.714.jpg,Sandals,Flat,Teva
images\ut-zap50k\Shoes\Clogs and Mules\La Plume\8020350.6.jpg,8020350.6.jpg,Shoes,Clogs and Mules,La Plume
images\ut-zap50k\Boots\Knee High\UGG Kids\7658272.18914.jpg,7658272.18914.jpg,Boots,Knee High,UGG Kids
images\ut-zap50k\Shoes\Heels\Caparros\8082657.147958.jpg,8082657.147958.jpg,Shoes,Heels,Caparros
images\ut-zap50k\Boots\Ankle\Merrell\7729261.3543.jpg,7729261.3543.jpg,Boots,Ankle,Merrell
images\ut-zap50k\Shoes\Sneakers and Athletic Shoes\adidas by Stella McCartney\7892374.326525.jpg,7892374.326525.jpg,Shoes,Sneakers and Athletic Shoes,adidas by Stella McCartney
images\ut-zap50k\Shoes\Flats\Diane Von Furstenberg\8068038.387090.jpg,8068038.387090.jpg,Shoes,Flats,Diane Von Furstenberg
images\ut-zap50k\Shoes\Loafers\Betsey Johnson\8058386.20704.jpg,8058386.20704.jpg,Shoes,Loafers,Betsey Johnson
images\ut-zap50k\Slippers\Slipper Flats\Cienta Kids Shoes\8029274.8.jpg,8029274.8.jpg,Slippers,Slipper Flats,Cienta Kids Shoes
images\ut-zap50k\Shoes\Prewalker\Puma Kids\7989531.130127.jpg,7989531.130127.jpg,Shoes,Prewalker,Puma Kids
images\ut-zap50k\Boots\Mid-Calf\Burberry\7807422.3.jpg,7807422.3.jpg,Boots,Mid-Calf,Burberry
images\ut-zap50k\Shoes\Sneakers and Athletic Shoes\Emerica\7892370.254008.jpg,7892370.254008.jpg,Shoes,Sneakers and Athletic Shoes,Emerica
images\ut-zap50k\Shoes\Sneakers and Athletic Shoes\Bloch\7549601.3.jpg,7549601.3.jpg,Shoes,Sneakers and Athletic Shoes,Bloch
images\ut-zap50k\Shoes\Flats\Paul Smith\7992431.11415.jpg,7992431.11415.jpg,Shoes,Flats,Paul Smith
images\ut-zap50k\Shoes\Heels\Naot Footwear\7990749.360886.jpg,7990749.360886.jpg,Shoes,Heels,Naot Footwear
images\ut-zap50k\Boots\Ankle\FIEL\8052010.22570.jpg,8052010.22570.jpg,Boots,Ankle,FIEL
images\ut-zap50k\Shoes\Sneakers and Athletic Shoes\DC Kids\7605808.269967.jpg,7605808.269967.jpg,Shoes,Sneakers and Athletic Shoes,DC Kids
images\ut-zap50k\Sandals\Flat\Reebok\8071481.388907.jpg,8071481.388907.jpg,Sandals,Flat,Reebok
images\ut-zap50k\Shoes\Sneakers and Athletic Shoes\Cushe\7883352.875.jpg,7883352.875.jpg,Shoes,Sneakers and Athletic Shoes,Cushe
images\ut-zap50k\Shoes\Sneakers and Athletic Shoes\Easy Spirit\7929356.191965.jpg,7929356.191965.jpg,Shoes,Sneakers and Athletic Shoes,Easy Spirit
images\ut-zap50k\Shoes\Boat Shoes\Frye Kids\7926079.1430.jpg,7926079.1430.jpg,Shoes,Boat Shoes,Frye Kids
images\ut-zap50k\Shoes\Sneakers and Athletic Shoes\adidas Running\7700637.390068.jpg,7700637.390068.jpg,Shoes,Sneakers and Athletic Shoes,adidas Running
images\ut-zap50k\Shoes\Loafers\SKECHERS\8000684.6.jpg,8000684.6.jpg,Shoes,Loafers,SKECHERS
images\ut-zap50k\Shoes\Flats\Keen\7977425.3.jpg,7977425.3.jpg,Shoes,Flats,Keen
images\ut-zap50k\Shoes\Sneakers and Athletic Shoes\Saucony Originals\7203635.147.jpg,7203635.147.jpg,Shoes,Sneakers and Athletic Shoes,Saucony Originals
images\ut-zap50k\Shoes\Sneakers and Athletic Shoes\Nike Kids\7760713.370127.jpg,7760713.370127.jpg,Shoes,Sneakers and Athletic Shoes,Nike Kids
images\ut-zap50k\Boots\Knee High\Annie\8030313.249356.jpg,8030313.249356.jpg,Boots,Knee High,Annie
images\ut-zap50k\Boots\Ankle\Nine West\8050755.1084.jpg,8050755.1084.jpg,Boots,Ankle,Nine West
images\ut-zap50k\Boots\Knee High\Clarks\7993564.72.jpg,7993564.72.jpg,Boots,Knee High,Clarks
images\ut-zap50k\Shoes\Flats\Nina Kids\7150449.89.jpg,7150449.89.jpg,Shoes,Flats,Nina Kids
images\ut-zap50k\Shoes\Heels\Think!\7925587.368315.jpg,7925587.368315.jpg,Shoes,Heels,Think!
images\ut-zap50k\Shoes\Flats\Amiana\7944485.433.jpg,7944485.433.jpg,Shoes,Flats,Amiana
images\ut-zap50k\Shoes\Crib Shoes\Vans Kids\7430842.389065.jpg,7430842.389065.jpg,Shoes,Crib Shoes,Vans Kids
images\ut-zap50k\Shoes\Heels\Type Z\7991866.4751.jpg,7991866.4751.jpg,Shoes,Heels,Type Z
images\ut-zap50k\Shoes\Heels\Trotters\7993917.89.jpg,7993917.89.jpg,Shoes,Heels,Trotters
images\ut-zap50k\Shoes\Sneakers and Athletic Shoes\Globe\7474335.109475.jpg,7474335.109475.jpg,Shoes,Sneakers and Athletic Shoes,Globe
images\ut-zap50k\Boots\Ankle\BOSS Black\8107425.3.jpg,8107425.3.jpg,Boots,Ankle,BOSS Black
images\ut-zap50k\Boots\Knee High\MICHAEL Michael Kors\8031269.3165.jpg,8031269.3165.jpg,Boots,Knee High,MICHAEL Michael Kors
images\ut-zap50k\Shoes\Sneakers and Athletic Shoes\Nike Action Kids\7758935.248988.jpg,7758935.248988.jpg,Shoes,Sneakers and Athletic Shoes,Nike Action Kids
images\ut-zap50k\Boots\Knee High\Frye\7970494.248970.jpg,7970494.248970.jpg,Boots,Knee High,Frye
images\ut-zap50k\Shoes\Heels\Nine West\7777410.1745.jpg,7777410.1745.jpg,Shoes,Heels,Nine West
images\ut-zap50k\Shoes\Sneakers and Athletic Shoes\New Balance Kids\8023736.9.jpg,8023736.9.jpg,Shoes,Sneakers and Athletic Shoes,New Balance Kids
images\ut-zap50k\Shoes\Sneakers and Athletic Shoes\Saucony\7970493.10647.jpg,7970493.10647.jpg,Shoes,Sneakers and Athletic Shoes,Saucony
images\ut-zap50k\Sandals\Flat\Onex\7925398.1839.jpg,7925398.1839.jpg,Sandals,Flat,Onex
images\ut-zap50k\Shoes\Flats\Clarks\7203203.2206.jpg,7203203.2206.jpg,Shoes,Flats,Clarks
images\ut-zap50k\Sandals\Flat\Naot Footwear\7749005.2063.jpg,7749005.2063.jpg,Sandals,Flat,Naot Footwear
images\ut-zap50k\Shoes\Sneakers and Athletic Shoes\Nike\7965534.385250.jpg,7965534.385250.jpg,Shoes,Sneakers and Athletic Shoes,Nike
images\ut-zap50k\Boots\Ankle\Nike Kids\7839574.24150.jpg,7839574.24150.jpg,Boots,Ankle,Nike Kids
images\ut-zap50k\Shoes\Oxfords\Born\7700337.157584.jpg,7700337.157584.jpg,Shoes,Oxfords,Born
images\ut-zap50k\Slippers\Slipper Flats\Daniel Green\7673094.6.jpg,7673094.6.jpg,Slippers,Slipper Flats,Daniel Green
images\ut-zap50k\Boots\Ankle\Tretorn\8079600.3.jpg,8079600.3.jpg,Boots,Ankle,Tretorn
images\ut-zap50k\Shoes\Sneakers and Athletic Shoes\adidas Kids\7604642.24150.jpg,7604642.24150.jpg,Shoes,Sneakers and Athletic Shoes,adidas Kids
images\ut-zap50k\Shoes\Heels\Annie\7593396.36863.jpg,7593396.36863.jpg,Shoes,Heels,Annie
images\ut-zap50k\Shoes\Clogs and Mules\Merrell\7813564.24552.jpg,7813564.24552.jpg,Shoes,Clogs and Mules,Merrell
images\ut-zap50k\Boots\Knee High\Vince Camuto\8026525.213341.jpg,8026525.213341.jpg,Boots,Knee High,Vince Camuto
images\ut-zap50k\Boots\Ankle\Lacoste\8014064.325.jpg,8014064.325.jpg,Boots,Ankle,Lacoste
images\ut-zap50k\Sandals\Flat\Reef Kids\7726124.147.jpg,7726124.147.jpg,Sandals,Flat,Reef Kids
images\ut-zap50k\Shoes\Flats\Pazitos\7843161.275.jpg,7843161.275.jpg,Shoes,Flats,Pazitos
images\ut-zap50k\Sandals\Flat\New Balance\7985494.6.jpg,7985494.6.jpg,Sandals,Flat,New Balance
images\ut-zap50k\Shoes\Heels\Vigotti\7687128.89.jpg,7687128.89.jpg,Shoes,Heels,Vigotti
images\ut-zap50k\Shoes\Oxfords\ECCO\7950244.3.jpg,7950244.3.jpg,Shoes,Oxfords,ECCO
images\ut-zap50k\Shoes\Oxfords\Stacy Adams\8103316.310.jpg,8103316.310.jpg,Shoes,Oxfords,Stacy Adams
images\ut-zap50k\Shoes\Clogs and Mules\Josef Seibel\8010487.83739.jpg,8010487.83739.jpg,Shoes,Clogs and Mules,Josef Seibel
images\ut-zap50k\Shoes\Heels\Nina\7819332.3528.jpg,7819332.3528.jpg,Shoes,Heels,Nina
images\ut-zap50k\Shoes\Sneakers and Athletic Shoes\PUMA\7975786.115669.jpg,7975786.115669.jpg,Shoes,Sneakers and Athletic Shoes,PUMA
images\ut-zap50k\Shoes\Loafers\Merrell Kids\7973260.359.jpg,7973260.359.jpg,Shoes,Loafers,Merrell Kids
images\ut-zap50k\Shoes\Sneakers and Athletic Shoes\SKECHERS\8164777.21859.jpg,8164777.21859.jpg,Shoes,Sneakers and Athletic Shoes,SKECHERS
images\ut-zap50k\Boots\Ankle\Minnetonka\101434.299743.jpg,101434.299743.jpg,Boots,Ankle,Minnetonka
images\ut-zap50k\Shoes\Sneakers and Athletic Shoes\New Balance\7977809.324022.jpg,7977809.324022.jpg,Shoes,Sneakers and Athletic Shoes,New Balance
images\ut-zap50k\Shoes\Sneakers and Athletic Shoes\adidas Running\7878605.320359.jpg,7878605.320359.jpg,Shoes,Sneakers and Athletic Shoes,adidas Running
images\ut-zap50k\Boots\Knee High\Le Chameau\8005633.3.jpg,8005633.3.jpg,Boots,Knee High,Le Chameau
images\ut-zap50k\Shoes\Flats\Naturalizer\8019375.369596.jpg,8019375.369596.jpg,Shoes,Flats,Naturalizer
images\ut-zap50k\Boots\Mid-Calf\Patagonia\7982992.359.jpg,7982992.359.jpg,Boots,Mid-Calf,Patagonia
images\ut-zap50k\Slippers\Slipper Flats\smartdogs\7918590.6.jpg,7918590.6.jpg,Slippers,Slipper Flats,smartdogs
images\ut-zap50k\Shoes\Oxfords\Mezlan\7935991.2247.jpg,7935991.2247.jpg,Shoes,Oxfords,Mezlan
images\ut-zap50k\Shoes\Sneakers and Athletic Shoes\Vans\7255074.359.jpg,7255074.359.jpg,Shoes,Sneakers and Athletic Shoes,Vans
images\ut-zap50k\Shoes\Sneakers and Athletic Shoes\DKNY\8124232.407039.jpg,8124232.407039.jpg,Shoes,Sneakers and Athletic Shoes,DKNY
images\ut-zap50k\Shoes\Sneakers and Athletic Shoes\Merrell\7813370.178603.jpg,7813370.178603.jpg,Shoes,Sneakers and Athletic Shoes,Merrell
images\ut-zap50k\Boots\Mid-Calf\Frye Kids\7293761.20.jpg,7293761.20.jpg,Boots,Mid-Calf,Frye Kids
images\ut-zap50k\Shoes\Sneakers and Athletic Shoes\adidas Running\7976997.356033.jpg,7976997.356033.jpg,Shoes,Sneakers and Athletic Shoes,adidas Running
images\ut-zap50k\Shoes\Firstwalker\Stride Rite\7999648.1321.jpg,7999648.1321.jpg,Shoes,Firstwalker,Stride Rite
images\ut-zap50k\Boots\Mid-Calf\Hunter\8064775.3.jpg,8064775.3.jpg,Boots,Mid-Calf,Hunter
images\ut-zap50k\Boots\Knee High\Tundra Kids Boots\7837825.363910.jpg,7837825.363910.jpg,Boots,Knee High,Tundra Kids Boots
images\ut-zap50k\Boots\Ankle\Frye\7659296.3008.jpg,7659296.3008.jpg,Boots,Ankle,Frye
images\ut-zap50k\Shoes\Sneakers and Athletic Shoes\Brooks\7966019.351108.jpg,7966019.351108.jpg,Shoes,Sneakers and Athletic Shoes,Brooks
images\ut-zap50k\Shoes\Oxfords\Rockport\7996625.3561.jpg,7996625.3561.jpg,Shoes,Oxfords,Rockport
images\ut-zap50k\Boots\Ankle\Rockport\7996682.329.jpg,7996682.329.jpg,Boots,Ankle,Rockport
images\ut-zap50k\Shoes\Sneakers and Athletic Shoes\Avia\8070170.388278.jpg,8070170.388278.jpg,Shoes,Sneakers and Athletic Shoes,Avia
images\ut-zap50k\Shoes\Flats\Frye\7794340.332567.jpg,7794340.332567.jpg,Shoes,Flats,Frye
images\ut-zap50k\Shoes\Flats\Teva\7873955.401.jpg,7873955.401.jpg,Shoes,Flats,Teva
images\ut-zap50k\Shoes\Oxfords\GBX\8051694.401.jpg,8051694.401.jpg,Shoes,Oxfords,GBX
images\ut-zap50k\Sandals\Flat\Pikolinos\7937915.212757.jpg,7937915.212757.jpg,Sandals,Flat,Pikolinos
images\ut-zap50k\Boots\Ankle\Timberland Kids\8112012.402694.jpg,8112012.402694.jpg,Boots,Ankle,Timberland Kids
images\ut-zap50k\Shoes\Sneakers and Athletic Shoes\Converse\8105404.352012.jpg,8105404.352012.jpg,Shoes,Sneakers and Athletic Shoes,Converse
images\ut-zap50k\Shoes\Sneakers and Athletic Shoes\Nike Kids\8086573.356561.jpg,8086573.356561.jpg,Shoes,Sneakers and Athletic Shoes,Nike Kids
images\ut-zap50k\Sandals\Flat\FitFlop\8060972.383641.jpg,8060972.383641.jpg,Sandals,Flat,FitFlop
images\ut-zap50k\Shoes\Loafers\Steve Madden\7352958.3.jpg,7352958.3.jpg,Shoes,Loafers,Steve Madden
images\ut-zap50k\Shoes\Oxfords\Frye\7972106.9448.jpg,7972106.9448.jpg,Shoes,Oxfords,Frye
images\ut-zap50k\Boots\Ankle\Palladium\7867367.362589.jpg,7867367.362589.jpg,Boots,Ankle,Palladium
images\ut-zap50k\Boots\Mid-Calf\Blowfish\7975078.354486.jpg,7975078.354486.jpg,Boots,Mid-Calf,Blowfish
images\ut-zap50k\Shoes\Heels\ECCO\7950318.1912.jpg,7950318.1912.jpg,Shoes,Heels,ECCO
images\ut-zap50k\Boots\Mid-Calf\Bogs Kids\7976667.102432.jpg,7976667.102432.jpg,Boots,Mid-Calf,Bogs Kids
images\ut-zap50k\Boots\Mid-Calf\Hunter Kids\7653756.9.jpg,7653756.9.jpg,Boots,Mid-Calf,Hunter Kids
images\ut-zap50k\Boots\Knee High\UGG\8042007.298287.jpg,8042007.298287.jpg,Boots,Knee High,UGG
images\ut-zap50k\Shoes\Heels\Fergie\8028766.464.jpg,8028766.464.jpg,Shoes,Heels,Fergie
images\ut-zap50k\Shoes\Oxfords\Josef Seibel\7508319.186375.jpg,7508319.186375.jpg,Shoes,Oxfords,Josef Seibel
images\ut-zap50k\Shoes\Heels\BC Footwear\8070478.574.jpg,8070478.574.jpg,Shoes,Heels,BC Footwear
images\ut-zap50k\Boots\Knee High\Le Chameau\8005633.574.jpg,8005633.574.jpg,Boots,Knee High,Le Chameau
images\ut-zap50k\Sandals\Flat\Lilly Pulitzer\8018583.369227.jpg,8018583.369227.jpg,Sandals,Flat,Lilly Pulitzer
images\ut-zap50k\Shoes\Oxfords\Aravon\7567392.72.jpg,7567392.72.jpg,Shoes,Oxfords,Aravon
images\ut-zap50k\Shoes\Flats\Lucky Brand\8108513.552.jpg,8108513.552.jpg,Shoes,Flats,Lucky Brand
images\ut-zap50k\Shoes\Heels\Badgley Mischka\8087680.7724.jpg,8087680.7724.jpg,Shoes,Heels,Badgley Mischka
images\ut-zap50k\Shoes\Loafers\Merrell\7659523.236233.jpg,7659523.236233.jpg,Shoes,Loafers,Merrell
images\ut-zap50k\Sandals\Flat\Stuart Weitzman Kids\8086047.14.jpg,8086047.14.jpg,Sandals,Flat,Stuart Weitzman Kids
images\ut-zap50k\Boots\Mid-Calf\Frye\7720129.289864.jpg,7720129.289864.jpg,Boots,Mid-Calf,Frye
images\ut-zap50k\Boots\Ankle\Pour La Victoire\7990877.1942.jpg,7990877.1942.jpg,Boots,Ankle,Pour La Victoire
images\ut-zap50k\Shoes\Sneakers and Athletic Shoes\Saucony\7243787.183092.jpg,7243787.183092.jpg,Shoes,Sneakers and Athletic Shoes,Saucony
images\ut-zap50k\Boots\Mid-Calf\Stetson\7970792.6.jpg,7970792.6.jpg,Boots,Mid-Calf,Stetson
images\ut-zap50k\Boots\Ankle\Bass\8030285.665.jpg,8030285.665.jpg,Boots,Ankle,Bass
images\ut-zap50k\Shoes\Flats\Primigi Kids\8022965.9.jpg,8022965.9.jpg,Shoes,Flats,Primigi Kids
images\ut-zap50k\Sandals\Flat\Stride Rite\8080791.24052.jpg,8080791.24052.jpg,Sandals,Flat,Stride Rite
images\ut-zap50k\Sandals\Flat\Coloriffics\7530026.934.jpg,7530026.934.jpg,Sandals,Flat,Coloriffics
images\ut-zap50k\Shoes\Sneakers and Athletic Shoes\Brooks\7718634.315289.jpg,7718634.315289.jpg,Shoes,Sneakers and Athletic Shoes,Brooks
images\ut-zap50k\Shoes\Heels\Naot Footwear\7829954.303922.jpg,7829954.303922.jpg,Shoes,Heels,Naot Footwear
images\ut-zap50k\Boots\Knee High\Blowfish\8029043.354485.jpg,8029043.354485.jpg,Boots,Knee High,Blowfish
images\ut-zap50k\Boots\Knee High\Timberland\8008248.325.jpg,8008248.325.jpg,Boots,Knee High,Timberland
images\ut-zap50k\Shoes\Heels\Wolky\8024872.7650.jpg,8024872.7650.jpg,Shoes,Heels,Wolky
images\ut-zap50k\Sandals\Flat\Merrell\7879797.419.jpg,7879797.419.jpg,Sandals,Flat,Merrell
images\ut-zap50k\Shoes\Heels\ECCO\7814790.904.jpg,7814790.904.jpg,Shoes,Heels,ECCO
images\ut-zap50k\Boots\Ankle\DV by Dolce Vita\8047164.20.jpg,8047164.20.jpg,Boots,Ankle,DV by Dolce Vita
images\ut-zap50k\Shoes\Flats\MICHAEL Michael Kors\7480209.1141.jpg,7480209.1141.jpg,Shoes,Flats,MICHAEL Michael Kors
images\ut-zap50k\Shoes\Flats\Kate Spade New York\8046705.309860.jpg,8046705.309860.jpg,Shoes,Flats,Kate Spade New York
images\ut-zap50k\Shoes\Sneakers and Athletic Shoes\Primigi Kids\8031660.9.jpg,8031660.9.jpg,Shoes,Sneakers and Athletic Shoes,Primigi Kids
images\ut-zap50k\Shoes\Heels\Badgley Mischka\8010464.10940.jpg,8010464.10940.jpg,Shoes,Heels,Badgley Mischka
images\ut-zap50k\Shoes\Heels\Truth or Dare By Madonna\8122737.473.jpg,8122737.473.jpg,Shoes,Heels,Truth or Dare By Madonna
images\ut-zap50k\Shoes\Sneakers and Athletic Shoes\SKECHERS\7882817.574.jpg,7882817.574.jpg,Shoes,Sneakers and Athletic Shoes,SKECHERS
images\ut-zap50k\Boots\Ankle\Timberland Kids\8112015.402696.jpg,8112015.402696.jpg,Boots,Ankle,Timberland Kids
images\ut-zap50k\Sandals\Flat\Orthaheel\7835591.11.jpg,7835591.11.jpg,Sandals,Flat,Orthaheel
images\ut-zap50k\Shoes\Boat Shoes\Polo Ralph Lauren\8072669.389950.jpg,8072669.389950.jpg,Shoes,Boat Shoes,Polo Ralph Lauren
images\ut-zap50k\Shoes\Oxfords\MOZO\7768854.3.jpg,7768854.3.jpg,Shoes,Oxfords,MOZO
images\ut-zap50k\Shoes\Oxfords\Cole Haan\7822351.3.jpg,7822351.3.jpg,Shoes,Oxfords,Cole Haan
images\ut-zap50k\Shoes\Heels\Bandolino\7851110.1744.jpg,7851110.1744.jpg,Shoes,Heels,Bandolino
images\ut-zap50k\Boots\Ankle\Gabriella Rocha\8021431.6.jpg,8021431.6.jpg,Boots,Ankle,Gabriella Rocha
images\ut-zap50k\Shoes\Sneakers and Athletic Shoes\Patagonia\7631896.232986.jpg,7631896.232986.jpg,Shoes,Sneakers and Athletic Shoes,Patagonia
images\ut-zap50k\Shoes\Clogs and Mules\Merrell\7813564.3.jpg,7813564.3.jpg,Shoes,Clogs and Mules,Merrell
images\ut-zap50k\Shoes\Sneakers and Athletic Shoes\Converse Kids\8002029.1165.jpg,8002029.1165.jpg,Shoes,Sneakers and Athletic Shoes,Converse Kids
images\ut-zap50k\Sandals\Flat\Vince Camuto\8113275.3.jpg,8113275.3.jpg,Sandals,Flat,Vince Camuto
images\ut-zap50k\Shoes\Flats\LifeStride\7987246.1911.jpg,7987246.1911.jpg,Shoes,Flats,LifeStride
images\ut-zap50k\Shoes\Flats\MICHAEL Michael Kors\7761463.585.jpg,7761463.585.jpg,Shoes,Flats,MICHAEL Michael Kors
images\ut-zap50k\Sandals\Flat\taos Footwear\8132542.585.jpg,8132542.585.jpg,Sandals,Flat,taos Footwear
images\ut-zap50k\Sandals\Flat\Naot Footwear\7895793.328165.jpg,7895793.328165.jpg,Sandals,Flat,Naot Footwear
images\ut-zap50k\Shoes\Sneakers and Athletic Shoes\Nike Golf\7919211.151.jpg,7919211.151.jpg,Shoes,Sneakers and Athletic Shoes,Nike Golf
images\ut-zap50k\Shoes\Flats\Bloch\8005902.3893.jpg,8005902.3893.jpg,Shoes,Flats,Bloch
images\ut-zap50k\Shoes\Loafers\Born\7908599.359043.jpg,7908599.359043.jpg,Shoes,Loafers,Born
images\ut-zap50k\Shoes\Sneakers and Athletic Shoes\UGG\7963373.3.jpg,7963373.3.jpg,Shoes,Sneakers and Athletic Shoes,UGG
images\ut-zap50k\Shoes\Heels\J. Renee\8062666.11.jpg,8062666.11.jpg,Shoes,Heels,J. Renee
images\ut-zap50k\Boots\Knee High\David Tate\7444111.287606.jpg,7444111.287606.jpg,Boots,Knee High,David Tate
images\ut-zap50k\Shoes\Sneakers and Athletic Shoes\Geox Kids\8016413.506.jpg,8016413.506.jpg,Shoes,Sneakers and Athletic Shoes,Geox Kids
images\ut-zap50k\Shoes\Clogs and Mules\Alegria\7814575.72.jpg,7814575.72.jpg,Shoes,Clogs and Mules,Alegria
images\ut-zap50k\Shoes\Heels\Stuart Weitzman\8037752.5190.jpg,8037752.5190.jpg,Shoes,Heels,Stuart Weitzman
images\ut-zap50k\Shoes\Sneakers and Athletic Shoes\Kid Express\7523346.41549.jpg,7523346.41549.jpg,Shoes,Sneakers and Athletic Shoes,Kid Express
images\ut-zap50k\Sandals\Flat\OluKai\7508748.273362.jpg,7508748.273362.jpg,Sandals,Flat,OluKai
images\ut-zap50k\Shoes\Sneakers and Athletic Shoes\SKECHERS Work\7336743.6.jpg,7336743.6.jpg,Shoes,Sneakers and Athletic Shoes,SKECHERS Work
images\ut-zap50k\Shoes\Sneakers and Athletic Shoes\Chaco\7983234.411.jpg,7983234.411.jpg,Shoes,Sneakers and Athletic Shoes,Chaco
images\ut-zap50k\Shoes\Loafers\Geox\8004405.3.jpg,8004405.3.jpg,Shoes,Loafers,Geox
images\ut-zap50k\Shoes\Heels\Type Z\7838125.101719.jpg,7838125.101719.jpg,Shoes,Heels,Type Z
images\ut-zap50k\Boots\Knee High\VOLATILE\8030303.11.jpg,8030303.11.jpg,Boots,Knee High,VOLATILE
images\ut-zap50k\Boots\Mid-Calf\La Canadienne\7996583.106.jpg,7996583.106.jpg,Boots,Mid-Calf,La Canadienne
images\ut-zap50k\Boots\Mid-Calf\Keen\7977417.106019.jpg,7977417.106019.jpg,Boots,Mid-Calf,Keen
images\ut-zap50k\Shoes\Sneakers and Athletic Shoes\ASICS\7885689.381431.jpg,7885689.381431.jpg,Shoes,Sneakers and Athletic Shoes,ASICS
images\ut-zap50k\Shoes\Sneakers and Athletic Shoes\Emerica\7555264.393042.jpg,7555264.393042.jpg,Shoes,Sneakers and Athletic Shoes,Emerica
images\ut-zap50k\Shoes\Sneakers and Athletic Shoes\SKECHERS\8129993.408679.jpg,8129993.408679.jpg,Shoes,Sneakers and Athletic Shoes,SKECHERS
images\ut-zap50k\Boots\Ankle\Vintage Shoe Company\8030759.405052.jpg,8030759.405052.jpg,Boots,Ankle,Vintage Shoe Company
images\ut-zap50k\Boots\Ankle\MIA\8075835.106.jpg,8075835.106.jpg,Boots,Ankle,MIA
images\ut-zap50k\Boots\Knee High\Tommy Hilfiger\8041898.238.jpg,8041898.238.jpg,Boots,Knee High,Tommy Hilfiger
images\ut-zap50k\Sandals\Flat\Teva\7873843.714.jpg,7873843.714.jpg,Sandals,Flat,Teva
images\ut-zap50k\Shoes\Prewalker\Pazitos\7530623.30544.jpg,7530623.30544.jpg,Shoes,Prewalker,Pazitos
images\ut-zap50k\Shoes\Boat Shoes\Tommy Hilfiger\8122077.406330.jpg,8122077.406330.jpg,Shoes,Boat Shoes,Tommy Hilfiger
images\ut-zap50k\Shoes\Sneakers and Athletic Shoes\Vans Kids\7163184.294397.jpg,7163184.294397.jpg,Shoes,Sneakers and Athletic Shoes,Vans Kids
images\ut-zap50k\Shoes\Heels\Jessica Simpson\8082349.296836.jpg,8082349.296836.jpg,Shoes,Heels,Jessica Simpson
images\ut-zap50k\Shoes\Heels\Bella-Vita\8016175.14295.jpg,8016175.14295.jpg,Shoes,Heels,Bella-Vita
images\ut-zap50k\Slippers\Slipper Flats\smartdogs\7582821.18275.jpg,7582821.18275.jpg,Slippers,Slipper Flats,smartdogs
images\ut-zap50k\Shoes\Sneakers and Athletic Shoes\Vans Kids\8036449.375114.jpg,8036449.375114.jpg,Shoes,Sneakers and Athletic Shoes,Vans Kids
images\ut-zap50k\Shoes\Sneakers and Athletic Shoes\SKECHERS KIDS\8068360.16090.jpg,8068360.16090.jpg,Shoes,Sneakers and Athletic Shoes,SKECHERS KIDS
images\ut-zap50k\Boots\Ankle\Roper\8019986.6.jpg,8019986.6.jpg,Boots,Ankle,Roper
images\ut-zap50k\Shoes\Sneakers and Athletic Shoes\New Balance Kids\7980007.6583.jpg,7980007.6583.jpg,Shoes,Sneakers and Athletic Shoes,New Balance Kids
images\ut-zap50k\Boots\Ankle\Sperry Top-Sider\7969026.768.jpg,7969026.768.jpg,Boots,Ankle,Sperry Top-Sider
images\ut-zap50k\Boots\Ankle\Timberland Kids\8050186.432.jpg,8050186.432.jpg,Boots,Ankle,Timberland Kids
images\ut-zap50k\Shoes\Boat Shoes\Sperry Top-Sider\8052694.3546.jpg,8052694.3546.jpg,Shoes,Boat Shoes,Sperry Top-Sider
images\ut-zap50k\Shoes\Oxfords\Pikolinos\7700836.202581.jpg,7700836.202581.jpg,Shoes,Oxfords,Pikolinos
images\ut-zap50k\Boots\Ankle\Dr. Martens\8004440.365194.jpg,8004440.365194.jpg,Boots,Ankle,Dr. Martens
images\ut-zap50k\Boots\Mid-Calf\Khombu Kids\8036166.1328.jpg,8036166.1328.jpg,Boots,Mid-Calf,Khombu Kids
images\ut-zap50k\Shoes\Sneakers and Athletic Shoes\Under Armour Kids\8044056.1066.jpg,8044056.1066.jpg,Shoes,Sneakers and Athletic Shoes,Under Armour Kids
images\ut-zap50k\Shoes\Flats\Dolce Vita\7997794.81387.jpg,7997794.81387.jpg,Shoes,Flats,Dolce Vita
images\ut-zap50k\Shoes\Oxfords\Lucky Brand\8108503.10414.jpg,8108503.10414.jpg,Shoes,Oxfords,Lucky Brand
images\ut-zap50k\Sandals\Flat\Sesto Meucci\7904642.388720.jpg,7904642.388720.jpg,Sandals,Flat,Sesto Meucci
images\ut-zap50k\Shoes\Heels\Fitzwell\7828910.89.jpg,7828910.89.jpg,Shoes,Heels,Fitzwell
images\ut-zap50k\Shoes\Loafers\Romika\8009378.3.jpg,8009378.3.jpg,Shoes,Loafers,Romika
images\ut-zap50k\Shoes\Heels\Walking Cradles\7950573.191468.jpg,7950573.191468.jpg,Shoes,Heels,Walking Cradles
images\ut-zap50k\Shoes\Clogs and Mules\Sanita\7838465.35629.jpg,7838465.35629.jpg,Shoes,Clogs and Mules,Sanita
images\ut-zap50k\Sandals\Flat\Nine West\8113346.3449.jpg,8113346.3449.jpg,Sandals,Flat,Nine West
images\ut-zap50k\Boots\Knee High\Enzo Angiolini\7940687.188324.jpg,7940687.188324.jpg,Boots,Knee High,Enzo Angiolini
images\ut-zap50k\Shoes\Heels\Romantic Soles\8020646.8871.jpg,8020646.8871.jpg,Shoes,Heels,Romantic Soles
images\ut-zap50k\Shoes\Heels\Romika\8009369.3.jpg,8009369.3.jpg,Shoes,Heels,Romika
images\ut-zap50k\Sandals\Flat\Juicy Couture\8129394.408509.jpg,8129394.408509.jpg,Sandals,Flat,Juicy Couture
images\ut-zap50k\Sandals\Flat\Crocs Kids\7891455.18581.jpg,7891455.18581.jpg,Sandals,Flat,Crocs Kids
images\ut-zap50k\Shoes\Clogs and Mules\Sanita\7838358.307614.jpg,7838358.307614.jpg,Shoes,Clogs and Mules,Sanita
images\ut-zap50k\Shoes\Sneakers and Athletic Shoes\Macbeth\7399238.6654.jpg,7399238.6654.jpg,Shoes,Sneakers and Athletic Shoes,Macbeth
images\ut-zap50k\Boots\Ankle\Martino\8071382.359.jpg,8071382.359.jpg,Boots,Ankle,Martino
images\ut-zap50k\Boots\Ankle\Vintage Shoe Company\7831146.304455.jpg,7831146.304455.jpg,Boots,Ankle,Vintage Shoe Company
images\ut-zap50k\Shoes\Heels\Enzo Angiolini\8036460.16464.jpg,8036460.16464.jpg,Shoes,Heels,Enzo Angiolini
images\ut-zap50k\Shoes\Sneakers and Athletic Shoes\UGG\7843283.204627.jpg,7843283.204627.jpg,Shoes,Sneakers and Athletic Shoes,UGG
images\ut-zap50k\Shoes\Heels\Stuart Weitzman\7999515.355814.jpg,7999515.355814.jpg,Shoes,Heels,Stuart Weitzman
images\ut-zap50k\Shoes\Heels\Cole Haan\8000900.9665.jpg,8000900.9665.jpg,Shoes,Heels,Cole Haan
images\ut-zap50k\Shoes\Flats\Madden Girl\8060929.250771.jpg,8060929.250771.jpg,Shoes,Flats,Madden Girl
images\ut-zap50k\Shoes\Sneakers and Athletic Shoes\Bloch\8126155.767.jpg,8126155.767.jpg,Shoes,Sneakers and Athletic Shoes,Bloch
images\ut-zap50k\Sandals\Flat\Vivanz\7561786.169461.jpg,7561786.169461.jpg,Sandals,Flat,Vivanz
images\ut-zap50k\Shoes\Oxfords\Bass\7505665.372722.jpg,7505665.372722.jpg,Shoes,Oxfords,Bass
images\ut-zap50k\Boots\Ankle\Romika\8009400.253736.jpg,8009400.253736.jpg,Boots,Ankle,Romika
images\ut-zap50k\Shoes\Sneakers and Athletic Shoes\Pearl Izumi\7893835.131261.jpg,7893835.131261.jpg,Shoes,Sneakers and Athletic Shoes,Pearl Izumi
images\ut-zap50k\Slippers\Slipper Flats\Sorel\7654716.292781.jpg,7654716.292781.jpg,Slippers,Slipper Flats,Sorel
images\ut-zap50k\Sandals\Flat\SoftWalk\7600799.112.jpg,7600799.112.jpg,Sandals,Flat,SoftWalk
images\ut-zap50k\Boots\Mid-Calf\Dirty Laundry\7958800.17348.jpg,7958800.17348.jpg,Boots,Mid-Calf,Dirty Laundry
images\ut-zap50k\Boots\Mid-Calf\Carhartt\8045219.377648.jpg,8045219.377648.jpg,Boots,Mid-Calf,Carhartt
images\ut-zap50k\Boots\Ankle\Livie & Luca\8046628.3.jpg,8046628.3.jpg,Boots,Ankle,Livie & Luca
images\ut-zap50k\Shoes\Flats\Morgan&Milo Kids\7945515.632.jpg,7945515.632.jpg,Shoes,Flats,Morgan&Milo Kids
images\ut-zap50k\Shoes\Heels\ALDO\8096669.574.jpg,8096669.574.jpg,Shoes,Heels,ALDO
images\ut-zap50k\Shoes\Sneakers and Athletic Shoes\PUMA\7815290.325765.jpg,7815290.325765.jpg,Shoes,Sneakers and Athletic Shoes,PUMA
images\ut-zap50k\Shoes\Sneakers and Athletic Shoes\Supra\7422567.3597.jpg,7422567.3597.jpg,Shoes,Sneakers and Athletic Shoes,Supra
images\ut-zap50k\Shoes\Heels\J. Renee\7754739.3.jpg,7754739.3.jpg,Shoes,Heels,J. Renee
images\ut-zap50k\Shoes\Oxfords\Elephantito\8009110.9.jpg,8009110.9.jpg,Shoes,Oxfords,Elephantito
images\ut-zap50k\Shoes\Heels\Vince Camuto\8026532.360962.jpg,8026532.360962.jpg,Shoes,Heels,Vince Camuto
images\ut-zap50k\Boots\Mid-Calf\AIGLE Kids\8101811.911.jpg,8101811.911.jpg,Boots,Mid-Calf,AIGLE Kids
images\ut-zap50k\Shoes\Oxfords\Sebago\8045560.768.jpg,8045560.768.jpg,Shoes,Oxfords,Sebago
images\ut-zap50k\Sandals\Flat\DKNYC\7882873.3.jpg,7882873.3.jpg,Sandals,Flat,DKNYC
images\ut-zap50k\Sandals\Flat\Sbicca\7990441.6.jpg,7990441.6.jpg,Sandals,Flat,Sbicca
images\ut-zap50k\Boots\Knee High\Gabor\8015538.368167.jpg,8015538.368167.jpg,Boots,Knee High,Gabor
images\ut-zap50k\Boots\Ankle\Caterpillar\7171132.18.jpg,7171132.18.jpg,Boots,Ankle,Caterpillar
images\ut-zap50k\Shoes\Heels\La Canadienne\7996696.106.jpg,7996696.106.jpg,Shoes,Heels,La Canadienne
images\ut-zap50k\Shoes\Loafers\Chinese Laundry\8091533.43216.jpg,8091533.43216.jpg,Shoes,Loafers,Chinese Laundry
images\ut-zap50k\Sandals\Flat\Birkenstock\7501940.153473.jpg,7501940.153473.jpg,Sandals,Flat,Birkenstock
images\ut-zap50k\Boots\Ankle\Merrell\7813563.8802.jpg,7813563.8802.jpg,Boots,Ankle,Merrell
images\ut-zap50k\Boots\Ankle\RJ Colt\7931327.301606.jpg,7931327.301606.jpg,Boots,Ankle,RJ Colt
images\ut-zap50k\Sandals\Flat\Born\8070905.391598.jpg,8070905.391598.jpg,Sandals,Flat,Born
images\ut-zap50k\Shoes\Clogs and Mules\Keen\7654952.92874.jpg,7654952.92874.jpg,Shoes,Clogs and Mules,Keen
images\ut-zap50k\Shoes\Sneakers and Athletic Shoes\Reebok Lifestyle\7271189.751.jpg,7271189.751.jpg,Shoes,Sneakers and Athletic Shoes,Reebok Lifestyle
images\ut-zap50k\Boots\Ankle\Patagonia\7983256.359.jpg,7983256.359.jpg,Boots,Ankle,Patagonia
images\ut-zap50k\Shoes\Heels\Nine West\8113201.308941.jpg,8113201.308941.jpg,Shoes,Heels,Nine West
images\ut-zap50k\Shoes\Sneakers and Athletic Shoes\Rieker\8006715.72.jpg,8006715.72.jpg,Shoes,Sneakers and Athletic Shoes,Rieker
images\ut-zap50k\Shoes\Sneakers and Athletic Shoes\Nike Kids\8071418.388981.jpg,8071418.388981.jpg,Shoes,Sneakers and Athletic Shoes,Nike Kids
images\ut-zap50k\Boots\Ankle\LOVE Moschino\8010730.3.jpg,8010730.3.jpg,Boots,Ankle,LOVE Moschino
images\ut-zap50k\Sandals\Flat\Roxy Kids\8095031.418.jpg,8095031.418.jpg,Sandals,Flat,Roxy Kids
images\ut-zap50k\Sandals\Flat\Birkenstock\7218018.159188.jpg,7218018.159188.jpg,Sandals,Flat,Birkenstock
images\ut-zap50k\Shoes\Sneakers and Athletic Shoes\SKECHERS\7891712.66761.jpg,7891712.66761.jpg,Shoes,Sneakers and Athletic Shoes,SKECHERS
images\ut-zap50k\Sandals\Flat\Reef\7606677.33710.jpg,7606677.33710.jpg,Sandals,Flat,Reef
images\ut-zap50k\Boots\Knee High\Aquatalia by Marvin K\8011845.366794.jpg,8011845.366794.jpg,Boots,Knee High,Aquatalia by Marvin K
images\ut-zap50k\Shoes\Sneakers and Athletic Shoes\Creative Recreation\7813361.298786.jpg,7813361.298786.jpg,Shoes,Sneakers and Athletic Shoes,Creative Recreation
images\ut-zap50k\Sandals\Flat\Merrell\7879650.1334.jpg,7879650.1334.jpg,Sandals,Flat,Merrell
images\ut-zap50k\Shoes\Sneakers and Athletic Shoes\adidas Running\7977203.390194.jpg,7977203.390194.jpg,Shoes,Sneakers and Athletic Shoes,adidas Running
images\ut-zap50k\Shoes\Sneakers and Athletic Shoes\etnies\8064984.15289.jpg,8064984.15289.jpg,Shoes,Sneakers and Athletic Shoes,etnies
images\ut-zap50k\Shoes\Sneakers and Athletic Shoes\Brooks\7965716.350968.jpg,7965716.350968.jpg,Shoes,Sneakers and Athletic Shoes,Brooks
images\ut-zap50k\Slippers\Slipper Flats\Foamtreads\8012203.3.jpg,8012203.3.jpg,Slippers,Slipper Flats,Foamtreads
images\ut-zap50k\Shoes\Flats\LAUREN Ralph Lauren\7956800.347763.jpg,7956800.347763.jpg,Shoes,Flats,LAUREN Ralph Lauren
images\ut-zap50k\Shoes\Sneakers and Athletic Shoes\Nike Kids\7969887.350885.jpg,7969887.350885.jpg,Shoes,Sneakers and Athletic Shoes,Nike Kids
images\ut-zap50k\Boots\Mid-Calf\Timberland Kids\7987091.3.jpg,7987091.3.jpg,Boots,Mid-Calf,Timberland Kids
images\ut-zap50k\Shoes\Oxfords\Florsheim Kids\8043027.6.jpg,8043027.6.jpg,Shoes,Oxfords,Florsheim Kids
images\ut-zap50k\Shoes\Sneakers and Athletic Shoes\DVS Shoe Company\7270445.670.jpg,7270445.670.jpg,Shoes,Sneakers and Athletic Shoes,DVS Shoe Company
images\ut-zap50k\Boots\Ankle\Gabor\8015460.368175.jpg,8015460.368175.jpg,Boots,Ankle,Gabor
images\ut-zap50k\Shoes\Sneakers and Athletic Shoes\PUMA\7723889.16039.jpg,7723889.16039.jpg,Shoes,Sneakers and Athletic Shoes,PUMA
images\ut-zap50k\Slippers\Slipper Flats\Haflinger Kids\8027374.2494.jpg,8027374.2494.jpg,Slippers,Slipper Flats,Haflinger Kids
images\ut-zap50k\Shoes\Prewalker\Robeez\7998570.9.jpg,7998570.9.jpg,Shoes,Prewalker,Robeez
images\ut-zap50k\Sandals\Flat\Gentle Souls\7309606.3.jpg,7309606.3.jpg,Sandals,Flat,Gentle Souls
images\ut-zap50k\Shoes\Clogs and Mules\Dansko\122638.297307.jpg,122638.297307.jpg,Shoes,Clogs and Mules,Dansko
images\ut-zap50k\Shoes\Heels\Stuart Weitzman Bridal & Evening Collection\7999331.12950.jpg,7999331.12950.jpg,Shoes,Heels,Stuart Weitzman Bridal & Evening Collection
images\ut-zap50k\Shoes\Sneakers and Athletic Shoes\Dansko\8081316.4418.jpg,8081316.4418.jpg,Shoes,Sneakers and Athletic Shoes,Dansko
images\ut-zap50k\Boots\Mid-Calf\UGG Kids\8032917.70457.jpg,8032917.70457.jpg,Boots,Mid-Calf,UGG Kids
images\ut-zap50k\Boots\Knee High\Rieker\8007045.254090.jpg,8007045.254090.jpg,Boots,Knee High,Rieker
images\ut-zap50k\Boots\Mid-Calf\Primigi Kids\8022050.9.jpg,8022050.9.jpg,Boots,Mid-Calf,Primigi Kids
images\ut-zap50k\Boots\Knee High\La Canadienne\7677742.106.jpg,7677742.106.jpg,Boots,Knee High,La Canadienne
images\ut-zap50k\Sandals\Flat\Birkenstock\109053.208913.jpg,109053.208913.jpg,Sandals,Flat,Birkenstock
images\ut-zap50k\Slippers\Slipper Flats\smartdogs\7918593.17.jpg,7918593.17.jpg,Slippers,Slipper Flats,smartdogs
images\ut-zap50k\Slippers\Slipper Flats\Foamtreads Kids\7294302.9.jpg,7294302.9.jpg,Slippers,Slipper Flats,Foamtreads Kids
images\ut-zap50k\Sandals\Flat\Nike\7541842.191698.jpg,7541842.191698.jpg,Sandals,Flat,Nike
images\ut-zap50k\Shoes\Flats\Kid Express\8028056.72.jpg,8028056.72.jpg,Shoes,Flats,Kid Express
images\ut-zap50k\Slippers\Slipper Flats\Old Friend\7181360.585.jpg,7181360.585.jpg,Slippers,Slipper Flats,Old Friend
images\ut-zap50k\Slippers\Slipper Flats\Stride Rite\7993722.9.jpg,7993722.9.jpg,Slippers,Slipper Flats,Stride Rite
images\ut-zap50k\Sandals\Flat\Naot Footwear\7749209.185879.jpg,7749209.185879.jpg,Sandals,Flat,Naot Footwear
images\ut-zap50k\Boots\Ankle\Magnum\8086789.3.jpg,8086789.3.jpg,Boots,Ankle,Magnum
images\ut-zap50k\Shoes\Loafers\Mephisto\7836613.306965.jpg,7836613.306965.jpg,Shoes,Loafers,Mephisto
images\ut-zap50k\Sandals\Flat\OluKai\7608133.150930.jpg,7608133.150930.jpg,Sandals,Flat,OluKai
images\ut-zap50k\Shoes\Loafers\Shoe Be Doo\7145466.492.jpg,7145466.492.jpg,Shoes,Loafers,Shoe Be Doo
images\ut-zap50k\Slippers\Slipper Flats\UGG\7192074.18.jpg,7192074.18.jpg,Slippers,Slipper Flats,UGG
images\ut-zap50k\Sandals\Flat\Eric Michael\7814240.20.jpg,7814240.20.jpg,Sandals,Flat,Eric Michael
images\ut-zap50k\Boots\Ankle\ECCO\7973391.299993.jpg,7973391.299993.jpg,Boots,Ankle,ECCO
images\ut-zap50k\Boots\Ankle\adidas\8030969.3.jpg,8030969.3.jpg,Boots,Ankle,adidas
images\ut-zap50k\Shoes\Flats\Romantic Soles\7586470.5360.jpg,7586470.5360.jpg,Shoes,Flats,Romantic Soles
images\ut-zap50k\Shoes\Sneakers and Athletic Shoes\Saucony Kids\7992534.259090.jpg,7992534.259090.jpg,Shoes,Sneakers and Athletic Shoes,Saucony Kids
images\ut-zap50k\Shoes\Sneakers and Athletic Shoes\Mountrek\8008063.6.jpg,8008063.6.jpg,Shoes,Sneakers and Athletic Shoes,Mountrek
images\ut-zap50k\Shoes\Sneakers and Athletic Shoes\Lacoste Kids\8074577.744.jpg,8074577.744.jpg,Shoes,Sneakers and Athletic Shoes,Lacoste Kids
images\ut-zap50k\Sandals\Flat\Merrell\7879796.106605.jpg,7879796.106605.jpg,Sandals,Flat,Merrell
images\ut-zap50k\Shoes\Sneakers and Athletic Shoes\Primigi Kids\8020409.401.jpg,8020409.401.jpg,Shoes,Sneakers and Athletic Shoes,Primigi Kids
images\ut-zap50k\Shoes\Sneakers and Athletic Shoes\Sperry Top-Sider\7969108.276376.jpg,7969108.276376.jpg,Shoes,Sneakers and Athletic Shoes,Sperry Top-Sider
images\ut-zap50k\Boots\Mid-Calf\Romantic Soles\8034536.3561.jpg,8034536.3561.jpg,Boots,Mid-Calf,Romantic Soles
images\ut-zap50k\Sandals\Flat\Naot Footwear\110907.4072.jpg,110907.4072.jpg,Sandals,Flat,Naot Footwear
images\ut-zap50k\Shoes\Loafers\Anne Klein\8107634.72.jpg,8107634.72.jpg,Shoes,Loafers,Anne Klein
images\ut-zap50k\Shoes\Heels\Pedro Garcia\8030926.19760.jpg,8030926.19760.jpg,Shoes,Heels,Pedro Garcia
images\ut-zap50k\Shoes\Loafers\Frye\7550048.325.jpg,7550048.325.jpg,Shoes,Loafers,Frye
images\ut-zap50k\Shoes\Flats\Dr. Scholl's\8034273.374430.jpg,8034273.374430.jpg,Shoes,Flats,Dr. Scholl's
images\ut-zap50k\Shoes\Sneakers and Athletic Shoes\Geox Kids\8016209.139.jpg,8016209.139.jpg,Shoes,Sneakers and Athletic Shoes,Geox Kids
images\ut-zap50k\Shoes\Heels\Stuart Weitzman Bridal & Evening Collection\7978049.99.jpg,7978049.99.jpg,Shoes,Heels,Stuart Weitzman Bridal & Evening Collection
images\ut-zap50k\Shoes\Flats\Isola\8016876.2743.jpg,8016876.2743.jpg,Shoes,Flats,Isola
images\ut-zap50k\Shoes\Clogs and Mules\Fly Flot\7874177.158.jpg,7874177.158.jpg,Shoes,Clogs and Mules,Fly Flot
images\ut-zap50k\Sandals\Flat\Wolky\123372.63401.jpg,123372.63401.jpg,Sandals,Flat,Wolky
images\ut-zap50k\Shoes\Oxfords\Propet\104712.835.jpg,104712.835.jpg,Shoes,Oxfords,Propet
images\ut-zap50k\Boots\Ankle\Easy Spirit\8042732.4854.jpg,8042732.4854.jpg,Boots,Ankle,Easy Spirit
images\ut-zap50k\Shoes\Oxfords\Cole Haan\7908125.410865.jpg,7908125.410865.jpg,Shoes,Oxfords,Cole Haan
images\ut-zap50k\Shoes\Heels\Badgley Mischka\8026784.68.jpg,8026784.68.jpg,Shoes,Heels,Badgley Mischka
images\ut-zap50k\Boots\Ankle\Camper\7847858.72.jpg,7847858.72.jpg,Boots,Ankle,Camper
images\ut-zap50k\Shoes\Sneakers and Athletic Shoes\Globe\7738677.377158.jpg,7738677.377158.jpg,Shoes,Sneakers and Athletic Shoes,Globe
images\ut-zap50k\Boots\Knee High\Frye\7970665.253858.jpg,7970665.253858.jpg,Boots,Knee High,Frye
images\ut-zap50k\Boots\Knee High\Franco Sarto\8045191.60.jpg,8045191.60.jpg,Boots,Knee High,Franco Sarto
images\ut-zap50k\Boots\Ankle\UGG Kids\7862829.7516.jpg,7862829.7516.jpg,Boots,Ankle,UGG Kids
images\ut-zap50k\Shoes\Sneakers and Athletic Shoes\adidas Running\7598912.356173.jpg,7598912.356173.jpg,Shoes,Sneakers and Athletic Shoes,adidas Running
images\ut-zap50k\Shoes\Sneakers and Athletic Shoes\Lacoste\8050124.3320.jpg,8050124.3320.jpg,Shoes,Sneakers and Athletic Shoes,Lacoste
images\ut-zap50k\Shoes\Flats\Haflinger\7842708.18.jpg,7842708.18.jpg,Shoes,Flats,Haflinger
images\ut-zap50k\Shoes\Heels\Vigotti\7687128.72.jpg,7687128.72.jpg,Shoes,Heels,Vigotti
images\ut-zap50k\Sandals\Flat\SKECHERS\7900927.19.jpg,7900927.19.jpg,Sandals,Flat,SKECHERS
images\ut-zap50k\Shoes\Boat Shoes\Sperry Top-Sider\7172793.33570.jpg,7172793.33570.jpg,Shoes,Boat Shoes,Sperry Top-Sider
images\ut-zap50k\Boots\Mid-Calf\UGG Kids\7658305.158964.jpg,7658305.158964.jpg,Boots,Mid-Calf,UGG Kids
images\ut-zap50k\Slippers\Slipper Flats\Juicy Couture\7884256.323545.jpg,7884256.323545.jpg,Slippers,Slipper Flats,Juicy Couture
images\ut-zap50k\Boots\Ankle\Frye\7579914.55388.jpg,7579914.55388.jpg,Boots,Ankle,Frye
images\ut-zap50k\Shoes\Sneakers and Athletic Shoes\Salomon\7735316.330239.jpg,7735316.330239.jpg,Shoes,Sneakers and Athletic Shoes,Salomon
images\ut-zap50k\Shoes\Sneakers and Athletic Shoes\Habitat\8034700.16197.jpg,8034700.16197.jpg,Shoes,Sneakers and Athletic Shoes,Habitat
images\ut-zap50k\Sandals\Flat\DV by Dolce Vita\7943201.425495.jpg,7943201.425495.jpg,Sandals,Flat,DV by Dolce Vita
images\ut-zap50k\Shoes\Flats\Seychelles\8109257.3.jpg,8109257.3.jpg,Shoes,Flats,Seychelles
images\ut-zap50k\Boots\Knee High\Calvin Klein\8018665.369272.jpg,8018665.369272.jpg,Boots,Knee High,Calvin Klein
images\ut-zap50k\Shoes\Heels\Jessica Simpson\7614480.552.jpg,7614480.552.jpg,Shoes,Heels,Jessica Simpson
images\ut-zap50k\Sandals\Flat\Worishofer\7979186.356849.jpg,7979186.356849.jpg,Sandals,Flat,Worishofer
images\ut-zap50k\Shoes\Sneakers and Athletic Shoes\Lacoste\8082870.4854.jpg,8082870.4854.jpg,Shoes,Sneakers and Athletic Shoes,Lacoste
images\ut-zap50k\Sandals\Flat\Naot Footwear\7614940.95658.jpg,7614940.95658.jpg,Sandals,Flat,Naot Footwear
images\ut-zap50k\Shoes\Sneakers and Athletic Shoes\ASICS\8055423.381374.jpg,8055423.381374.jpg,Shoes,Sneakers and Athletic Shoes,ASICS
images\ut-zap50k\Shoes\Oxfords\ECCO\7973449.98901.jpg,7973449.98901.jpg,Shoes,Oxfords,ECCO
images\ut-zap50k\Shoes\Sneakers and Athletic Shoes\Vans Kids\7977519.375069.jpg,7977519.375069.jpg,Shoes,Sneakers and Athletic Shoes,Vans Kids
images\ut-zap50k\Boots\Ankle\Dingo\8129770.1430.jpg,8129770.1430.jpg,Boots,Ankle,Dingo
images\ut-zap50k\Sandals\Flat\Yellow Box\8022377.3.jpg,8022377.3.jpg,Sandals,Flat,Yellow Box
images\ut-zap50k\Shoes\Boat Shoes\Sperry Top-Sider\7158233.19738.jpg,7158233.19738.jpg,Shoes,Boat Shoes,Sperry Top-Sider
images\ut-zap50k\Shoes\Loafers\Josef Seibel\7676445.206129.jpg,7676445.206129.jpg,Shoes,Loafers,Josef Seibel
images\ut-zap50k\Shoes\Sneakers and Athletic Shoes\Brooks\7414346.3.jpg,7414346.3.jpg,Shoes,Sneakers and Athletic Shoes,Brooks
images\ut-zap50k\Shoes\Sneakers and Athletic Shoes\etnies\8064992.7778.jpg,8064992.7778.jpg,Shoes,Sneakers and Athletic Shoes,etnies
images\ut-zap50k\Boots\Ankle\Carhartt\8045226.40363.jpg,8045226.40363.jpg,Boots,Ankle,Carhartt
images\ut-zap50k\Shoes\Loafers\Polo Ralph Lauren\7635174.963.jpg,7635174.963.jpg,Shoes,Loafers,Polo Ralph Lauren
images\ut-zap50k\Sandals\Flat\VOLATILE\7956487.3.jpg,7956487.3.jpg,Sandals,Flat,VOLATILE
images\ut-zap50k\Boots\Knee High\Kenneth Cole Reaction Kids\7820533.325.jpg,7820533.325.jpg,Boots,Knee High,Kenneth Cole Reaction Kids
images\ut-zap50k\Shoes\Sneakers and Athletic Shoes\adidas Running\7879441.250663.jpg,7879441.250663.jpg,Shoes,Sneakers and Athletic Shoes,adidas Running
images\ut-zap50k\Shoes\Heels\David Tate\7334683.210139.jpg,7334683.210139.jpg,Shoes,Heels,David Tate
images\ut-zap50k\Slippers\Slipper Flats\smartdogs\7918590.9.jpg,7918590.9.jpg,Slippers,Slipper Flats,smartdogs
images\ut-zap50k\Boots\Mid-Calf\EMU Australia Kids\7599193.18.jpg,7599193.18.jpg,Boots,Mid-Calf,EMU Australia Kids
images\ut-zap50k\Shoes\Sneakers and Athletic Shoes\Palladium Kids\7981984.357713.jpg,7981984.357713.jpg,Shoes,Sneakers and Athletic Shoes,Palladium Kids
images\ut-zap50k\Boots\Ankle\The North Face Kids\7793111.341363.jpg,7793111.341363.jpg,Boots,Ankle,The North Face Kids
images\ut-zap50k\Boots\Ankle\Juicy Couture\8008586.366030.jpg,8008586.366030.jpg,Boots,Ankle,Juicy Couture
images\ut-zap50k\Shoes\Flats\Elephantito\7764118.632.jpg,7764118.632.jpg,Shoes,Flats,Elephantito
images\ut-zap50k\Shoes\Sneakers and Athletic Shoes\Five Ten\7630645.17.jpg,7630645.17.jpg,Shoes,Sneakers and Athletic Shoes,Five Ten
images\ut-zap50k\Shoes\Heels\Aravon\8003188.3.jpg,8003188.3.jpg,Shoes,Heels,Aravon
images\ut-zap50k\Shoes\Sneakers and Athletic Shoes\Puma Kids\8020147.404919.jpg,8020147.404919.jpg,Shoes,Sneakers and Athletic Shoes,Puma Kids
images\ut-zap50k\Sandals\Flat\Volcom\7746541.552.jpg,7746541.552.jpg,Sandals,Flat,Volcom
images\ut-zap50k\Shoes\Oxfords\Merrell\7986962.18.jpg,7986962.18.jpg,Shoes,Oxfords,Merrell
images\ut-zap50k\Sandals\Flat\Yellow Box\7963458.3.jpg,7963458.3.jpg,Sandals,Flat,Yellow Box
images\ut-zap50k\Shoes\Flats\Blowfish\7724239.252237.jpg,7724239.252237.jpg,Shoes,Flats,Blowfish
images\ut-zap50k\Boots\Ankle\Arcopedico\8029291.3.jpg,8029291.3.jpg,Boots,Ankle,Arcopedico
images\ut-zap50k\Sandals\Flat\Quiksilver Kids\7913369.20.jpg,7913369.20.jpg,Sandals,Flat,Quiksilver Kids
images\ut-zap50k\Shoes\Heels\Jessica Simpson\8005183.365347.jpg,8005183.365347.jpg,Shoes,Heels,Jessica Simpson
images\ut-zap50k\Shoes\Flats\Anne Klein\8090659.396330.jpg,8090659.396330.jpg,Shoes,Flats,Anne Klein
images\ut-zap50k\Boots\Ankle\Tommy Hilfiger\8122110.3.jpg,8122110.3.jpg,Boots,Ankle,Tommy Hilfiger
images\ut-zap50k\Boots\Ankle\Robeez\7501348.9.jpg,7501348.9.jpg,Boots,Ankle,Robeez
images\ut-zap50k\Shoes\Sneakers and Athletic Shoes\Nike Kids\8071384.385283.jpg,8071384.385283.jpg,Shoes,Sneakers and Athletic Shoes,Nike Kids
images\ut-zap50k\Boots\Ankle\Columbia\7956878.156578.jpg,7956878.156578.jpg,Boots,Ankle,Columbia
images\ut-zap50k\Boots\Ankle\Mezlan\8030803.106.jpg,8030803.106.jpg,Boots,Ankle,Mezlan
images\ut-zap50k\Shoes\Sneakers and Athletic Shoes\GBX\8029331.6.jpg,8029331.6.jpg,Shoes,Sneakers and Athletic Shoes,GBX
images\ut-zap50k\Sandals\Flat\Eastland\7623362.3.jpg,7623362.3.jpg,Sandals,Flat,Eastland
images\ut-zap50k\Boots\Ankle\SoftWalk\7820458.4689.jpg,7820458.4689.jpg,Boots,Ankle,SoftWalk
images\ut-zap50k\Shoes\Heels\Nina\7615490.287627.jpg,7615490.287627.jpg,Shoes,Heels,Nina
images\ut-zap50k\Shoes\Sneakers and Athletic Shoes\Cole Haan\7897832.500.jpg,7897832.500.jpg,Shoes,Sneakers and Athletic Shoes,Cole Haan
images\ut-zap50k\Shoes\Sneakers and Athletic Shoes\Levi's&#174; Kids\7943152.3.jpg,7943152.3.jpg,Shoes,Sneakers and Athletic Shoes,Levi's&#174; Kids
images\ut-zap50k\Shoes\Flats\Stride Rite\7999907.6.jpg,7999907.6.jpg,Shoes,Flats,Stride Rite
images\ut-zap50k\Shoes\Oxfords\Fratelli\7761098.279403.jpg,7761098.279403.jpg,Shoes,Oxfords,Fratelli
images\ut-zap50k\Shoes\Sneakers and Athletic Shoes\Finn Comfort\7218885.15.jpg,7218885.15.jpg,Shoes,Sneakers and Athletic Shoes,Finn Comfort
images\ut-zap50k\Shoes\Heels\McQ\8081757.15590.jpg,8081757.15590.jpg,Shoes,Heels,McQ
images\ut-zap50k\Boots\Mid-Calf\La Canadienne\7996887.17329.jpg,7996887.17329.jpg,Boots,Mid-Calf,La Canadienne
images\ut-zap50k\Boots\Mid-Calf\Old West Kids Boots\7840482.368688.jpg,7840482.368688.jpg,Boots,Mid-Calf,Old West Kids Boots
images\ut-zap50k\Boots\Mid-Calf\Geox Kids\8016497.5328.jpg,8016497.5328.jpg,Boots,Mid-Calf,Geox Kids
images\ut-zap50k\Shoes\Flats\Donald J Pliner\8065811.19.jpg,8065811.19.jpg,Shoes,Flats,Donald J Pliner
images\ut-zap50k\Shoes\Heels\Geox\8004663.365206.jpg,8004663.365206.jpg,Shoes,Heels,Geox
images\ut-zap50k\Shoes\Sneakers and Athletic Shoes\adidas Originals Kids\7842747.57489.jpg,7842747.57489.jpg,Shoes,Sneakers and Athletic Shoes,adidas Originals Kids
images\ut-zap50k\Boots\Mid-Calf\Type Z\7355543.56808.jpg,7355543.56808.jpg,Boots,Mid-Calf,Type Z
images\ut-zap50k\Shoes\Loafers\Lacoste\8073353.3.jpg,8073353.3.jpg,Shoes,Loafers,Lacoste
images\ut-zap50k\Shoes\Clogs and Mules\Alegria\8108132.3404.jpg,8108132.3404.jpg,Shoes,Clogs and Mules,Alegria
images\ut-zap50k\Sandals\Flat\Born\8070905.4082.jpg,8070905.4082.jpg,Sandals,Flat,Born
images\ut-zap50k\Shoes\Oxfords\Dr. Martens\8004409.365187.jpg,8004409.365187.jpg,Shoes,Oxfords,Dr. Martens
images\ut-zap50k\Shoes\Heels\Pour La Victoire\8023141.370887.jpg,8023141.370887.jpg,Shoes,Heels,Pour La Victoire
images\ut-zap50k\Sandals\Flat\smartdogs\7918595.3.jpg,7918595.3.jpg,Sandals,Flat,smartdogs
images\ut-zap50k\Shoes\Heels\Trotters\7881111.3.jpg,7881111.3.jpg,Shoes,Heels,Trotters
images\ut-zap50k\Shoes\Flats\Sam Edelman\7874781.20704.jpg,7874781.20704.jpg,Shoes,Flats,Sam Edelman
images\ut-zap50k\Shoes\Sneakers and Athletic Shoes\SKECHERS\8040043.401.jpg,8040043.401.jpg,Shoes,Sneakers and Athletic Shoes,SKECHERS
images\ut-zap50k\Boots\Ankle\Bedstu\8051453.6.jpg,8051453.6.jpg,Boots,Ankle,Bedstu
images\ut-zap50k\Boots\Mid-Calf\Earthies\8018474.3.jpg,8018474.3.jpg,Boots,Mid-Calf,Earthies
images\ut-zap50k\Boots\Knee High\Luichiny\7896186.3.jpg,7896186.3.jpg,Boots,Knee High,Luichiny
images\ut-zap50k\Shoes\Heels\Vince Camuto\8071920.389384.jpg,8071920.389384.jpg,Shoes,Heels,Vince Camuto
images\ut-zap50k\Shoes\Sneakers and Athletic Shoes\Josef Seibel\7755924.67762.jpg,7755924.67762.jpg,Shoes,Sneakers and Athletic Shoes,Josef Seibel
images\ut-zap50k\Boots\Mid-Calf\Ragg Kids\7847791.574.jpg,7847791.574.jpg,Boots,Mid-Calf,Ragg Kids
images\ut-zap50k\Shoes\Heels\ALDO\8096693.3.jpg,8096693.3.jpg,Shoes,Heels,ALDO
images\ut-zap50k\Shoes\Oxfords\Sperry Top-Sider\7969240.28.jpg,7969240.28.jpg,Shoes,Oxfords,Sperry Top-Sider
images\ut-zap50k\Boots\Ankle\Justin Kids\7893877.346999.jpg,7893877.346999.jpg,Boots,Ankle,Justin Kids
images\ut-zap50k\Shoes\Sneakers and Athletic Shoes\etnies\7606184.409.jpg,7606184.409.jpg,Shoes,Sneakers and Athletic Shoes,etnies
images\ut-zap50k\Shoes\Sneakers and Athletic Shoes\Gravis\8029748.3.jpg,8029748.3.jpg,Shoes,Sneakers and Athletic Shoes,Gravis
images\ut-zap50k\Shoes\Loafers\Frye\8003514.364866.jpg,8003514.364866.jpg,Shoes,Loafers,Frye
images\ut-zap50k\Shoes\Sneakers and Athletic Shoes\PUMA\7903849.330824.jpg,7903849.330824.jpg,Shoes,Sneakers and Athletic Shoes,PUMA
images\ut-zap50k\Shoes\Heels\Vince Camuto\8071865.389360.jpg,8071865.389360.jpg,Shoes,Heels,Vince Camuto
images\ut-zap50k\Boots\Ankle\Jil Sander\7849736.6.jpg,7849736.6.jpg,Boots,Ankle,Jil Sander
images\ut-zap50k\Boots\Mid-Calf\Tundra Kids Boots\7999732.363891.jpg,7999732.363891.jpg,Boots,Mid-Calf,Tundra Kids Boots
images\ut-zap50k\Shoes\Sneakers and Athletic Shoes\PUMA\7903850.281963.jpg,7903850.281963.jpg,Shoes,Sneakers and Athletic Shoes,PUMA
images\ut-zap50k\Boots\Ankle\RJ Colt\7931340.340059.jpg,7931340.340059.jpg,Boots,Ankle,RJ Colt
images\ut-zap50k\Shoes\Flats\Blowfish\8070993.142501.jpg,8070993.142501.jpg,Shoes,Flats,Blowfish
images\ut-zap50k\Shoes\Heels\Dr. Scholl's\7358042.345866.jpg,7358042.345866.jpg,Shoes,Heels,Dr. Scholl's
images\ut-zap50k\Shoes\Heels\rsvp\7827126.89.jpg,7827126.89.jpg,Shoes,Heels,rsvp
images\ut-zap50k\Shoes\Sneakers and Athletic Shoes\Montrail\7920244.335104.jpg,7920244.335104.jpg,Shoes,Sneakers and Athletic Shoes,Montrail
images\ut-zap50k\Shoes\Sneakers and Athletic Shoes\Keen Kids\7894140.295716.jpg,7894140.295716.jpg,Shoes,Sneakers and Athletic Shoes,Keen Kids
images\ut-zap50k\Slippers\Slipper Flats\Fitzwell\7449078.21707.jpg,7449078.21707.jpg,Slippers,Slipper Flats,Fitzwell
images\ut-zap50k\Shoes\Firstwalker\pediped\7997988.1334.jpg,7997988.1334.jpg,Shoes,Firstwalker,pediped
images\ut-zap50k\Shoes\Heels\Ros Hommerson\7880241.89.jpg,7880241.89.jpg,Shoes,Heels,Ros Hommerson
images\ut-zap50k\Boots\Ankle\Venettini Kids\8039959.376216.jpg,8039959.376216.jpg,Boots,Ankle,Venettini Kids
images\ut-zap50k\Shoes\Loafers\Hush Puppies\7996795.328.jpg,7996795.328.jpg,Shoes,Loafers,Hush Puppies
images\ut-zap50k\Shoes\Sneakers and Athletic Shoes\Merrell\7987124.275.jpg,7987124.275.jpg,Shoes,Sneakers and Athletic Shoes,Merrell
images\ut-zap50k\Shoes\Sneakers and Athletic Shoes\Nike Action\7966122.366876.jpg,7966122.366876.jpg,Shoes,Sneakers and Athletic Shoes,Nike Action
images\ut-zap50k\Shoes\Sneakers and Athletic Shoes\K-Swiss Kids\7633655.3.jpg,7633655.3.jpg,Shoes,Sneakers and Athletic Shoes,K-Swiss Kids
images\ut-zap50k\Shoes\Sneakers and Athletic Shoes\SKECHERS\8081444.6933.jpg,8081444.6933.jpg,Shoes,Sneakers and Athletic Shoes,SKECHERS
images\ut-zap50k\Shoes\Flats\Roxy\7811292.378481.jpg,7811292.378481.jpg,Shoes,Flats,Roxy
images\ut-zap50k\Shoes\Clogs and Mules\Alegria\7814541.123725.jpg,7814541.123725.jpg,Shoes,Clogs and Mules,Alegria
images\ut-zap50k\Sandals\Flat\taos Footwear\8132515.547.jpg,8132515.547.jpg,Sandals,Flat,taos Footwear
images\ut-zap50k\Sandals\Flat\Spring Step\7979873.3.jpg,7979873.3.jpg,Sandals,Flat,Spring Step
images\ut-zap50k\Sandals\Flat\Josef Seibel\7324148.41011.jpg,7324148.41011.jpg,Sandals,Flat,Josef Seibel
images\ut-zap50k\Shoes\Flats\Kate Spade New York\7540530.89.jpg,7540530.89.jpg,Shoes,Flats,Kate Spade New York
images\ut-zap50k\Shoes\Sneakers and Athletic Shoes\Merrell Kids\7973617.66485.jpg,7973617.66485.jpg,Shoes,Sneakers and Athletic Shoes,Merrell Kids
images\ut-zap50k\Shoes\Sneakers and Athletic Shoes\adidas Originals\7599376.12309.jpg,7599376.12309.jpg,Shoes,Sneakers and Athletic Shoes,adidas Originals
images\ut-zap50k\Shoes\Sneakers and Athletic Shoes\Keen\7718524.262907.jpg,7718524.262907.jpg,Shoes,Sneakers and Athletic Shoes,Keen
images\ut-zap50k\Shoes\Heels\Paris Hilton\8117295.13761.jpg,8117295.13761.jpg,Shoes,Heels,Paris Hilton
images\ut-zap50k\Sandals\Flat\Splendid\8120310.5151.jpg,8120310.5151.jpg,Sandals,Flat,Splendid
images\ut-zap50k\Shoes\Sneakers and Athletic Shoes\Lacoste\8014047.325.jpg,8014047.325.jpg,Shoes,Sneakers and Athletic Shoes,Lacoste
images\ut-zap50k\Boots\Mid-Calf\Harley-Davidson\8045729.3.jpg,8045729.3.jpg,Boots,Mid-Calf,Harley-Davidson
images\ut-zap50k\Boots\Mid-Calf\Hunter Kids\8009566.216897.jpg,8009566.216897.jpg,Boots,Mid-Calf,Hunter Kids
images\ut-zap50k\Shoes\Heels\Gabriella Rocha\7586333.59585.jpg,7586333.59585.jpg,Shoes,Heels,Gabriella Rocha
images\ut-zap50k\Shoes\Flats\Arcopedico\7583077.464.jpg,7583077.464.jpg,Shoes,Flats,Arcopedico
images\ut-zap50k\Slippers\Slipper Flats\Orthaheel\7784869.29147.jpg,7784869.29147.jpg,Slippers,Slipper Flats,Orthaheel
images\ut-zap50k\Shoes\Loafers\Tommy Hilfiger\8092688.72.jpg,8092688.72.jpg,Shoes,Loafers,Tommy Hilfiger
images\ut-zap50k\Shoes\Flats\Bloch\7607431.2280.jpg,7607431.2280.jpg,Shoes,Flats,Bloch
images\ut-zap50k\Shoes\Sneakers and Athletic Shoes\inov-8\7726063.6887.jpg,7726063.6887.jpg,Shoes,Sneakers and Athletic Shoes,inov-8
images\ut-zap50k\Boots\Ankle\MICHAEL Michael Kors\8031297.3.jpg,8031297.3.jpg,Boots,Ankle,MICHAEL Michael Kors
images\ut-zap50k\Sandals\Flat\Think!\7925657.129381.jpg,7925657.129381.jpg,Sandals,Flat,Think!
images\ut-zap50k\Shoes\Oxfords\Pikolinos\8017322.3.jpg,8017322.3.jpg,Shoes,Oxfords,Pikolinos
images\ut-zap50k\Boots\Mid-Calf\Ariat\7550492.361543.jpg,7550492.361543.jpg,Boots,Mid-Calf,Ariat
images\ut-zap50k\Sandals\Flat\LAUREN Ralph Lauren\8125572.325.jpg,8125572.325.jpg,Sandals,Flat,LAUREN Ralph Lauren
images\ut-zap50k\Shoes\Sneakers and Athletic Shoes\Rocket Dog\8127055.535.jpg,8127055.535.jpg,Shoes,Sneakers and Athletic Shoes,Rocket Dog
images\ut-zap50k\Boots\Ankle\Cesare Paciotti\8024733.147.jpg,8024733.147.jpg,Boots,Ankle,Cesare Paciotti
images\ut-zap50k\Shoes\Heels\Walking Cradles\8035493.345008.jpg,8035493.345008.jpg,Shoes,Heels,Walking Cradles
images\ut-zap50k\Shoes\Sneakers and Athletic Shoes\Rocket Dog\8127050.393610.jpg,8127050.393610.jpg,Shoes,Sneakers and Athletic Shoes,Rocket Dog
images\ut-zap50k\Shoes\Sneakers and Athletic Shoes\Nike Kids\7978781.389083.jpg,7978781.389083.jpg,Shoes,Sneakers and Athletic Shoes,Nike Kids
images\ut-zap50k\Shoes\Loafers\Giorgio Brutini\8039282.6.jpg,8039282.6.jpg,Shoes,Loafers,Giorgio Brutini
images\ut-zap50k\Shoes\Heels\Bandolino\8072702.408.jpg,8072702.408.jpg,Shoes,Heels,Bandolino
images\ut-zap50k\Shoes\Loafers\Geox\7920824.3.jpg,7920824.3.jpg,Shoes,Loafers,Geox
images\ut-zap50k\Sandals\Flat\Chaco Kids\7875618.319084.jpg,7875618.319084.jpg,Sandals,Flat,Chaco Kids
images\ut-zap50k\Shoes\Sneakers and Athletic Shoes\DC Kids\7549376.42286.jpg,7549376.42286.jpg,Shoes,Sneakers and Athletic Shoes,DC Kids
images\ut-zap50k\Shoes\Sneakers and Athletic Shoes\Reebok Kids\7996978.363124.jpg,7996978.363124.jpg,Shoes,Sneakers and Athletic Shoes,Reebok Kids
images\ut-zap50k\Shoes\Flats\SKECHERS\8081639.3.jpg,8081639.3.jpg,Shoes,Flats,SKECHERS
images\ut-zap50k\Shoes\Loafers\Mezlan\8042747.6.jpg,8042747.6.jpg,Shoes,Loafers,Mezlan
images\ut-zap50k\Shoes\Flats\Nine West\8051097.114676.jpg,8051097.114676.jpg,Shoes,Flats,Nine West
images\ut-zap50k\Shoes\Heels\Badgley Mischka\7926632.214164.jpg,7926632.214164.jpg,Shoes,Heels,Badgley Mischka
images\ut-zap50k\Sandals\Flat\Anne Klein\7910951.3.jpg,7910951.3.jpg,Sandals,Flat,Anne Klein
images\ut-zap50k\Shoes\Sneakers and Athletic Shoes\Five Ten\7630641.535.jpg,7630641.535.jpg,Shoes,Sneakers and Athletic Shoes,Five Ten
images\ut-zap50k\Shoes\Heels\rsvp\8013954.82.jpg,8013954.82.jpg,Shoes,Heels,rsvp
images\ut-zap50k\Shoes\Loafers\Allen-Edmonds\7355902.119091.jpg,7355902.119091.jpg,Shoes,Loafers,Allen-Edmonds
images\ut-zap50k\Shoes\Oxfords\Sperry Top-Sider\7969413.379811.jpg,7969413.379811.jpg,Shoes,Oxfords,Sperry Top-Sider
images\ut-zap50k\Boots\Ankle\Lucky Brand\8048156.648.jpg,8048156.648.jpg,Boots,Ankle,Lucky Brand
images\ut-zap50k\Boots\Mid-Calf\Sorel Kids\7963138.864.jpg,7963138.864.jpg,Boots,Mid-Calf,Sorel Kids
images\ut-zap50k\Sandals\Flat\Coloriffics\7945454.632.jpg,7945454.632.jpg,Sandals,Flat,Coloriffics
images\ut-zap50k\Boots\Mid-Calf\Frye\8008957.366108.jpg,8008957.366108.jpg,Boots,Mid-Calf,Frye
images\ut-zap50k\Boots\Mid-Calf\Primigi Kids\8022484.6.jpg,8022484.6.jpg,Boots,Mid-Calf,Primigi Kids
images\ut-zap50k\Shoes\Sneakers and Athletic Shoes\Superga Kids\7422705.274975.jpg,7422705.274975.jpg,Shoes,Sneakers and Athletic Shoes,Superga Kids
images\ut-zap50k\Shoes\Clogs and Mules\Eastland\7377909.3.jpg,7377909.3.jpg,Shoes,Clogs and Mules,Eastland
images\ut-zap50k\Shoes\Sneakers and Athletic Shoes\Mountrek\7924148.409.jpg,7924148.409.jpg,Shoes,Sneakers and Athletic Shoes,Mountrek
images\ut-zap50k\Shoes\Sneakers and Athletic Shoes\Nike Kids\7760778.370365.jpg,7760778.370365.jpg,Shoes,Sneakers and Athletic Shoes,Nike Kids
images\ut-zap50k\Shoes\Heels\Born\7818790.328.jpg,7818790.328.jpg,Shoes,Heels,Born
images\ut-zap50k\Slippers\Slipper Flats\Foamtreads Kids\7439615.3395.jpg,7439615.3395.jpg,Slippers,Slipper Flats,Foamtreads Kids
images\ut-zap50k\Shoes\Flats\Diane Von Furstenberg\7827609.351673.jpg,7827609.351673.jpg,Shoes,Flats,Diane Von Furstenberg
images\ut-zap50k\Shoes\Heels\Jessica Simpson\8064959.63200.jpg,8064959.63200.jpg,Shoes,Heels,Jessica Simpson
images\ut-zap50k\Boots\Mid-Calf\Roper\8019988.369811.jpg,8019988.369811.jpg,Boots,Mid-Calf,Roper
images\ut-zap50k\Shoes\Heels\Vince Camuto\8026544.371870.jpg,8026544.371870.jpg,Shoes,Heels,Vince Camuto
images\ut-zap50k\Shoes\Heels\Ivanka Trump\8128093.89.jpg,8128093.89.jpg,Shoes,Heels,Ivanka Trump
images\ut-zap50k\Shoes\Flats\Umi Kids\7808649.205560.jpg,7808649.205560.jpg,Shoes,Flats,Umi Kids
images\ut-zap50k\Shoes\Heels\Kate Spade New York\7919398.334802.jpg,7919398.334802.jpg,Shoes,Heels,Kate Spade New York
images\ut-zap50k\Boots\Knee High\Frye\7594577.377124.jpg,7594577.377124.jpg,Boots,Knee High,Frye
images\ut-zap50k\Boots\Mid-Calf\Frye Kids\7990674.3.jpg,7990674.3.jpg,Boots,Mid-Calf,Frye Kids
images\ut-zap50k\Shoes\Sneakers and Athletic Shoes\Nike Kids\7879212.356771.jpg,7879212.356771.jpg,Shoes,Sneakers and Athletic Shoes,Nike Kids
images\ut-zap50k\Shoes\Heels\Badgley Mischka\8087676.933.jpg,8087676.933.jpg,Shoes,Heels,Badgley Mischka
images\ut-zap50k\Boots\Mid-Calf\Keen Utility\7821270.325.jpg,7821270.325.jpg,Boots,Mid-Calf,Keen Utility
images\ut-zap50k\Boots\Ankle\Dr. Martens\8004425.1647.jpg,8004425.1647.jpg,Boots,Ankle,Dr. Martens
images\ut-zap50k\Shoes\Sneakers and Athletic Shoes\Tsukihoshi Kids\7508775.749.jpg,7508775.749.jpg,Shoes,Sneakers and Athletic Shoes,Tsukihoshi Kids
images\ut-zap50k\Shoes\Boat Shoes\Steve Madden\8063612.1489.jpg,8063612.1489.jpg,Shoes,Boat Shoes,Steve Madden
images\ut-zap50k\Shoes\Sneakers and Athletic Shoes\Saucony\7969476.84346.jpg,7969476.84346.jpg,Shoes,Sneakers and Athletic Shoes,Saucony
images\ut-zap50k\Shoes\Flats\Elephantito\7764113.14.jpg,7764113.14.jpg,Shoes,Flats,Elephantito
images\ut-zap50k\Shoes\Heels\ECCO\8036767.375177.jpg,8036767.375177.jpg,Shoes,Heels,ECCO
images\ut-zap50k\Shoes\Loafers\To Boot New York\7953923.184651.jpg,7953923.184651.jpg,Shoes,Loafers,To Boot New York
images\ut-zap50k\Boots\Ankle\Polo Ralph Lauren\8073074.389899.jpg,8073074.389899.jpg,Boots,Ankle,Polo Ralph Lauren
images\ut-zap50k\Boots\Ankle\Dr. Martens\8004373.12375.jpg,8004373.12375.jpg,Boots,Ankle,Dr. Martens
images\ut-zap50k\Boots\Mid-Calf\Tundra Boots\7856306.3.jpg,7856306.3.jpg,Boots,Mid-Calf,Tundra Boots
images\ut-zap50k\Sandals\Flat\Brighton\7766179.1691.jpg,7766179.1691.jpg,Sandals,Flat,Brighton
images\ut-zap50k\Boots\Mid-Calf\Big Buddha\7922620.1760.jpg,7922620.1760.jpg,Boots,Mid-Calf,Big Buddha
images\ut-zap50k\Shoes\Oxfords\Patagonia\7463130.714.jpg,7463130.714.jpg,Shoes,Oxfords,Patagonia
images\ut-zap50k\Shoes\Heels\Gentle Souls\7927135.11.jpg,7927135.11.jpg,Shoes,Heels,Gentle Souls
images\ut-zap50k\Shoes\Heels\Truth or Dare By Madonna\8104724.400397.jpg,8104724.400397.jpg,Shoes,Heels,Truth or Dare By Madonna
images\ut-zap50k\Shoes\Loafers\Polo Ralph Lauren\7635173.20.jpg,7635173.20.jpg,Shoes,Loafers,Polo Ralph Lauren
images\ut-zap50k\Shoes\Flats\Circa Joan & David\8131778.409742.jpg,8131778.409742.jpg,Shoes,Flats,Circa Joan & David
images\ut-zap50k\Shoes\Heels\Sigerson Morrison\8089679.521.jpg,8089679.521.jpg,Shoes,Heels,Sigerson Morrison
images\ut-zap50k\Shoes\Sneakers and Athletic Shoes\New Balance\8025331.401.jpg,8025331.401.jpg,Shoes,Sneakers and Athletic Shoes,New Balance
images\ut-zap50k\Sandals\Flat\VOLATILE\8139437.3.jpg,8139437.3.jpg,Sandals,Flat,VOLATILE
images\ut-zap50k\Shoes\Sneakers and Athletic Shoes\Travis Mathew\8169712.2557.jpg,8169712.2557.jpg,Shoes,Sneakers and Athletic Shoes,Travis Mathew
images\ut-zap50k\Boots\Mid-Calf\Frye\7821513.248970.jpg,7821513.248970.jpg,Boots,Mid-Calf,Frye
images\ut-zap50k\Sandals\Flat\Roxy\8089594.3.jpg,8089594.3.jpg,Sandals,Flat,Roxy
images\ut-zap50k\Shoes\Sneakers and Athletic Shoes\Saucony Originals\7166191.2295.jpg,7166191.2295.jpg,Shoes,Sneakers and Athletic Shoes,Saucony Originals
images\ut-zap50k\Shoes\Sneakers and Athletic Shoes\adidas Originals\7878806.372109.jpg,7878806.372109.jpg,Shoes,Sneakers and Athletic Shoes,adidas Originals
images\ut-zap50k\Boots\Ankle\Naturalizer\8020124.8473.jpg,8020124.8473.jpg,Boots,Ankle,Naturalizer
images\ut-zap50k\Shoes\Clogs and Mules\Klogs USA\8025665.104.jpg,8025665.104.jpg,Shoes,Clogs and Mules,Klogs USA
images\ut-zap50k\Boots\Ankle\Geox\8004394.307.jpg,8004394.307.jpg,Boots,Ankle,Geox
images\ut-zap50k\Shoes\Sneakers and Athletic Shoes\Vans Kids\7382127.348949.jpg,7382127.348949.jpg,Shoes,Sneakers and Athletic Shoes,Vans Kids
images\ut-zap50k\Shoes\Flats\taos Footwear\8132565.1679.jpg,8132565.1679.jpg,Shoes,Flats,taos Footwear
images\ut-zap50k\Shoes\Loafers\To Boot New York\7776351.20.jpg,7776351.20.jpg,Shoes,Loafers,To Boot New York
images\ut-zap50k\Boots\Ankle\Donald J Pliner\7684043.4969.jpg,7684043.4969.jpg,Boots,Ankle,Donald J Pliner
images\ut-zap50k\Shoes\Sneakers and Athletic Shoes\Easy Spirit\8042483.106.jpg,8042483.106.jpg,Shoes,Sneakers and Athletic Shoes,Easy Spirit
images\ut-zap50k\Shoes\Flats\Kenneth Cole Reaction\7650437.72.jpg,7650437.72.jpg,Shoes,Flats,Kenneth Cole Reaction
images\ut-zap50k\Boots\Knee High\UGG Kids\8032670.401.jpg,8032670.401.jpg,Boots,Knee High,UGG Kids
images\ut-zap50k\Shoes\Sneakers and Athletic Shoes\Nike Kids\8020738.349987.jpg,8020738.349987.jpg,Shoes,Sneakers and Athletic Shoes,Nike Kids
images\ut-zap50k\Boots\Mid-Calf\Tundra Kids Boots\7291069.143.jpg,7291069.143.jpg,Boots,Mid-Calf,Tundra Kids Boots
images\ut-zap50k\Shoes\Heels\Bella-Vita\7614602.269284.jpg,7614602.269284.jpg,Shoes,Heels,Bella-Vita
images\ut-zap50k\Shoes\Oxfords\Nunn Bush\7680007.72.jpg,7680007.72.jpg,Shoes,Oxfords,Nunn Bush
images\ut-zap50k\Shoes\Loafers\Aquatalia by Marvin K\8011621.127738.jpg,8011621.127738.jpg,Shoes,Loafers,Aquatalia by Marvin K
images\ut-zap50k\Boots\Knee High\KORS Michael Kors Kids\7986006.3.jpg,7986006.3.jpg,Boots,Knee High,KORS Michael Kors Kids
images\ut-zap50k\Shoes\Sneakers and Athletic Shoes\PUMA\7903843.151.jpg,7903843.151.jpg,Shoes,Sneakers and Athletic Shoes,PUMA
images\ut-zap50k\Boots\Ankle\Keen\8000725.44016.jpg,8000725.44016.jpg,Boots,Ankle,Keen
images\ut-zap50k\Shoes\Heels\Type Z\7640370.106.jpg,7640370.106.jpg,Shoes,Heels,Type Z
images\ut-zap50k\Shoes\Sneakers and Athletic Shoes\etnies\7965740.1413.jpg,7965740.1413.jpg,Shoes,Sneakers and Athletic Shoes,etnies
images\ut-zap50k\Shoes\Clogs and Mules\Alegria\7814541.399432.jpg,7814541.399432.jpg,Shoes,Clogs and Mules,Alegria
images\ut-zap50k\Boots\Mid-Calf\Hunter Kids\7712276.3.jpg,7712276.3.jpg,Boots,Mid-Calf,Hunter Kids
images\ut-zap50k\Shoes\Boat Shoes\Timberland\7888664.18.jpg,7888664.18.jpg,Shoes,Boat Shoes,Timberland
images\ut-zap50k\Boots\Mid-Calf\Cushe\8003806.949.jpg,8003806.949.jpg,Boots,Mid-Calf,Cushe
images\ut-zap50k\Shoes\Flats\FootMates\7636405.559.jpg,7636405.559.jpg,Shoes,Flats,FootMates
images\ut-zap50k\Sandals\Flat\Not Rated\7977893.3.jpg,7977893.3.jpg,Sandals,Flat,Not Rated
images\ut-zap50k\Sandals\Flat\Gentle Souls\8022202.621.jpg,8022202.621.jpg,Sandals,Flat,Gentle Souls
images\ut-zap50k\Boots\Ankle\Diba\8024020.594.jpg,8024020.594.jpg,Boots,Ankle,Diba
images\ut-zap50k\Shoes\Flats\Naot Footwear\7308800.127066.jpg,7308800.127066.jpg,Shoes,Flats,Naot Footwear
images\ut-zap50k\Sandals\Flat\Reef\7958152.5743.jpg,7958152.5743.jpg,Sandals,Flat,Reef
images\ut-zap50k\Shoes\Sneakers and Athletic Shoes\Altra Zero Drop Footwear\8124969.18276.jpg,8124969.18276.jpg,Shoes,Sneakers and Athletic Shoes,Altra Zero Drop Footwear
images\ut-zap50k\Shoes\Heels\Romantic Soles\8034712.632.jpg,8034712.632.jpg,Shoes,Heels,Romantic Soles
images\ut-zap50k\Boots\Ankle\Fred Perry\8028691.336.jpg,8028691.336.jpg,Boots,Ankle,Fred Perry
images\ut-zap50k\Sandals\Flat\Onex\7762093.1839.jpg,7762093.1839.jpg,Sandals,Flat,Onex
images\ut-zap50k\Boots\Mid-Calf\Umi Kids\7993952.3.jpg,7993952.3.jpg,Boots,Mid-Calf,Umi Kids
images\ut-zap50k\Shoes\Sneakers and Athletic Shoes\inov-8\7973085.16740.jpg,7973085.16740.jpg,Shoes,Sneakers and Athletic Shoes,inov-8
images\ut-zap50k\Shoes\Sneakers and Athletic Shoes\New Balance\7802289.6.jpg,7802289.6.jpg,Shoes,Sneakers and Athletic Shoes,New Balance
images\ut-zap50k\Shoes\Oxfords\Stuart Weitzman\7999147.39286.jpg,7999147.39286.jpg,Shoes,Oxfords,Stuart Weitzman
images\ut-zap50k\Boots\Knee High\Justin\7879330.320848.jpg,7879330.320848.jpg,Boots,Knee High,Justin
images\ut-zap50k\Boots\Knee High\Not Rated\8072840.3.jpg,8072840.3.jpg,Boots,Knee High,Not Rated
images\ut-zap50k\Shoes\Heels\Penny Loves Kenny\8079440.3.jpg,8079440.3.jpg,Shoes,Heels,Penny Loves Kenny
images\ut-zap50k\Shoes\Sneakers and Athletic Shoes\Reebok Kids\7979454.356934.jpg,7979454.356934.jpg,Shoes,Sneakers and Athletic Shoes,Reebok Kids
images\ut-zap50k\Boots\Knee High\Diane Von Furstenberg\7967842.48888.jpg,7967842.48888.jpg,Boots,Knee High,Diane Von Furstenberg
images\ut-zap50k\Boots\Mid-Calf\Nine West\8076512.52294.jpg,8076512.52294.jpg,Boots,Mid-Calf,Nine West
images\ut-zap50k\Shoes\Sneakers and Athletic Shoes\Axion\7754736.3917.jpg,7754736.3917.jpg,Shoes,Sneakers and Athletic Shoes,Axion
images\ut-zap50k\Sandals\Flat\VOLATILE\7751963.14.jpg,7751963.14.jpg,Sandals,Flat,VOLATILE
images\ut-zap50k\Boots\Knee High\Calvin Klein\8029507.963.jpg,8029507.963.jpg,Boots,Knee High,Calvin Klein
images\ut-zap50k\Boots\Ankle\Ariat Kids\7699556.3.jpg,7699556.3.jpg,Boots,Ankle,Ariat Kids
images\ut-zap50k\Boots\Knee High\David Tate\7570135.3.jpg,7570135.3.jpg,Boots,Knee High,David Tate
images\ut-zap50k\Shoes\Flats\Eric Michael\8029940.603.jpg,8029940.603.jpg,Shoes,Flats,Eric Michael
images\ut-zap50k\Boots\Ankle\Think!\8007521.43752.jpg,8007521.43752.jpg,Boots,Ankle,Think!
images\ut-zap50k\Shoes\Heels\Jessica Simpson\7858511.368036.jpg,7858511.368036.jpg,Shoes,Heels,Jessica Simpson
images\ut-zap50k\Shoes\Flats\Rockport\7996744.7542.jpg,7996744.7542.jpg,Shoes,Flats,Rockport
images\ut-zap50k\Shoes\Sneakers and Athletic Shoes\Mizuno\8069557.387949.jpg,8069557.387949.jpg,Shoes,Sneakers and Athletic Shoes,Mizuno
images\ut-zap50k\Slippers\Slipper Flats\L.B. Evans\7353733.72.jpg,7353733.72.jpg,Slippers,Slipper Flats,L.B. Evans
images\ut-zap50k\Shoes\Loafers\Cole Haan\7345216.7.jpg,7345216.7.jpg,Shoes,Loafers,Cole Haan
images\ut-zap50k\Shoes\Oxfords\Bedstu\7806704.69220.jpg,7806704.69220.jpg,Shoes,Oxfords,Bedstu
images\ut-zap50k\Sandals\Flat\Indigo by Clarks\7892487.281.jpg,7892487.281.jpg,Sandals,Flat,Indigo by Clarks
images\ut-zap50k\Boots\Ankle\Sperry Top-Sider\7969019.73063.jpg,7969019.73063.jpg,Boots,Ankle,Sperry Top-Sider
images\ut-zap50k\Sandals\Flat\KORS Michael Kors\7971394.5650.jpg,7971394.5650.jpg,Sandals,Flat,KORS Michael Kors
images\ut-zap50k\Sandals\Flat\Teva\7593644.23023.jpg,7593644.23023.jpg,Sandals,Flat,Teva
images\ut-zap50k\Boots\Mid-Calf\Christin Michaels\8020294.152743.jpg,8020294.152743.jpg,Boots,Mid-Calf,Christin Michaels
images\ut-zap50k\Boots\Ankle\Clarks\7994143.2213.jpg,7994143.2213.jpg,Boots,Ankle,Clarks
images\ut-zap50k\Boots\Mid-Calf\Bates Riding Collection\8035433.3.jpg,8035433.3.jpg,Boots,Mid-Calf,Bates Riding Collection
images\ut-zap50k\Shoes\Oxfords\ara\8037409.82.jpg,8037409.82.jpg,Shoes,Oxfords,ara
images\ut-zap50k\Shoes\Firstwalker\See Kai Run Kids\7998537.3.jpg,7998537.3.jpg,Shoes,Firstwalker,See Kai Run Kids
images\ut-zap50k\Shoes\Heels\Taryn Rose\8017325.368893.jpg,8017325.368893.jpg,Shoes,Heels,Taryn Rose
images\ut-zap50k\Shoes\Flats\Burberry\7980134.18.jpg,7980134.18.jpg,Shoes,Flats,Burberry
images\ut-zap50k\Shoes\Clogs and Mules\Merrell\7813565.24552.jpg,7813565.24552.jpg,Shoes,Clogs and Mules,Merrell
images\ut-zap50k\Boots\Ankle\Bedstu\7861564.1676.jpg,7861564.1676.jpg,Boots,Ankle,Bedstu
images\ut-zap50k\Boots\Mid-Calf\Flojos Kids\8024023.3.jpg,8024023.3.jpg,Boots,Mid-Calf,Flojos Kids
images\ut-zap50k\Boots\Ankle\Crocs\7989504.183092.jpg,7989504.183092.jpg,Boots,Ankle,Crocs
images\ut-zap50k\Shoes\Sneakers and Athletic Shoes\PUMA\7391917.367877.jpg,7391917.367877.jpg,Shoes,Sneakers and Athletic Shoes,PUMA
images\ut-zap50k\Shoes\Heels\Naturalizer\7748822.935.jpg,7748822.935.jpg,Shoes,Heels,Naturalizer
images\ut-zap50k\Shoes\Sneakers and Athletic Shoes\adidas Kids\8070125.388240.jpg,8070125.388240.jpg,Shoes,Sneakers and Athletic Shoes,adidas Kids
images\ut-zap50k\Sandals\Flat\adidas Kids\7883967.390475.jpg,7883967.390475.jpg,Sandals,Flat,adidas Kids
images\ut-zap50k\Shoes\Sneakers and Athletic Shoes\Mizuno\7892031.368509.jpg,7892031.368509.jpg,Shoes,Sneakers and Athletic Shoes,Mizuno
images\ut-zap50k\Shoes\Heels\ALDO\8096711.6.jpg,8096711.6.jpg,Shoes,Heels,ALDO
images\ut-zap50k\Shoes\Flats\Merrell Kids\7973159.106052.jpg,7973159.106052.jpg,Shoes,Flats,Merrell Kids
images\ut-zap50k\Shoes\Sneakers and Athletic Shoes\Jumping Jacks Kids\7902829.330536.jpg,7902829.330536.jpg,Shoes,Sneakers and Athletic Shoes,Jumping Jacks Kids
images\ut-zap50k\Shoes\Sneakers and Athletic Shoes\New Balance Kids\7844476.3.jpg,7844476.3.jpg,Shoes,Sneakers and Athletic Shoes,New Balance Kids
images\ut-zap50k\Boots\Ankle\Not Rated\8014991.11.jpg,8014991.11.jpg,Boots,Ankle,Not Rated
images\ut-zap50k\Shoes\Sneakers and Athletic Shoes\Onitsuka Tiger by Asics\7165606.349018.jpg,7165606.349018.jpg,Shoes,Sneakers and Athletic Shoes,Onitsuka Tiger by Asics
images\ut-zap50k\Shoes\Heels\Nine West\7782847.17.jpg,7782847.17.jpg,Shoes,Heels,Nine West
images\ut-zap50k\Shoes\Heels\Cole Haan\7613539.104049.jpg,7613539.104049.jpg,Shoes,Heels,Cole Haan
images\ut-zap50k\Shoes\Heels\Miz Mooz\7978165.3.jpg,7978165.3.jpg,Shoes,Heels,Miz Mooz
images\ut-zap50k\Shoes\Clogs and Mules\Crocs Kids\7988523.325866.jpg,7988523.325866.jpg,Shoes,Clogs and Mules,Crocs Kids
images\ut-zap50k\Shoes\Sneakers and Athletic Shoes\Vans\7503678.183092.jpg,7503678.183092.jpg,Shoes,Sneakers and Athletic Shoes,Vans
images\ut-zap50k\Sandals\Flat\adidas Originals Kids\7879552.14872.jpg,7879552.14872.jpg,Sandals,Flat,adidas Originals Kids
images\ut-zap50k\Shoes\Heels\Nine West\7782847.137485.jpg,7782847.137485.jpg,Shoes,Heels,Nine West
images\ut-zap50k\Shoes\Boat Shoes\Sperry Top-Sider\7212450.364921.jpg,7212450.364921.jpg,Shoes,Boat Shoes,Sperry Top-Sider
images\ut-zap50k\Shoes\Sneakers and Athletic Shoes\Levi's&#174; Kids\7943149.6.jpg,7943149.6.jpg,Shoes,Sneakers and Athletic Shoes,Levi's&#174; Kids
images\ut-zap50k\Shoes\Flats\Stuart Weitzman for The Cool People\7902307.345145.jpg,7902307.345145.jpg,Shoes,Flats,Stuart Weitzman for The Cool People
images\ut-zap50k\Boots\Ankle\Magnum\7247183.3.jpg,7247183.3.jpg,Boots,Ankle,Magnum
images\ut-zap50k\Boots\Ankle\DVS Shoe Company\8045530.377741.jpg,8045530.377741.jpg,Boots,Ankle,DVS Shoe Company
images\ut-zap50k\Shoes\Clogs and Mules\Birki's\7793526.864.jpg,7793526.864.jpg,Shoes,Clogs and Mules,Birki's
images\ut-zap50k\Shoes\Heels\ECCO\7950318.345607.jpg,7950318.345607.jpg,Shoes,Heels,ECCO
images\ut-zap50k\Shoes\Sneakers and Athletic Shoes\DKNY\8021691.3600.jpg,8021691.3600.jpg,Shoes,Sneakers and Athletic Shoes,DKNY
images\ut-zap50k\Shoes\Heels\Badgley Mischka\8087671.395254.jpg,8087671.395254.jpg,Shoes,Heels,Badgley Mischka
images\ut-zap50k\Shoes\Sneakers and Athletic Shoes\Bikkembergs\7841548.309256.jpg,7841548.309256.jpg,Shoes,Sneakers and Athletic Shoes,Bikkembergs
images\ut-zap50k\Boots\Ankle\Ipath\7987743.359781.jpg,7987743.359781.jpg,Boots,Ankle,Ipath
images\ut-zap50k\Shoes\Sneakers and Athletic Shoes\New Balance Classics\7610635.61515.jpg,7610635.61515.jpg,Shoes,Sneakers and Athletic Shoes,New Balance Classics
images\ut-zap50k\Shoes\Sneakers and Athletic Shoes\adidas Golf\8093445.67433.jpg,8093445.67433.jpg,Shoes,Sneakers and Athletic Shoes,adidas Golf
images\ut-zap50k\Boots\Knee High\DV by Dolce Vita\8047203.3.jpg,8047203.3.jpg,Boots,Knee High,DV by Dolce Vita
images\ut-zap50k\Boots\Ankle\Ariat\7528096.31801.jpg,7528096.31801.jpg,Boots,Ankle,Ariat
images\ut-zap50k\Shoes\Sneakers and Athletic Shoes\Reebok\7975524.355131.jpg,7975524.355131.jpg,Shoes,Sneakers and Athletic Shoes,Reebok
images\ut-zap50k\Boots\Ankle\Rockport\7996643.3.jpg,7996643.3.jpg,Boots,Ankle,Rockport
images\ut-zap50k\Shoes\Oxfords\Robert Wayne\8067774.3.jpg,8067774.3.jpg,Shoes,Oxfords,Robert Wayne
images\ut-zap50k\Sandals\Flat\Keen Kids\7293814.326704.jpg,7293814.326704.jpg,Sandals,Flat,Keen Kids
images\ut-zap50k\Shoes\Sneakers and Athletic Shoes\Sanuk\8057834.275.jpg,8057834.275.jpg,Shoes,Sneakers and Athletic Shoes,Sanuk
images\ut-zap50k\Sandals\Flat\Sergio Rossi\7837224.363102.jpg,7837224.363102.jpg,Sandals,Flat,Sergio Rossi
images\ut-zap50k\Shoes\Sneakers and Athletic Shoes\Puma Kids\7892160.349584.jpg,7892160.349584.jpg,Shoes,Sneakers and Athletic Shoes,Puma Kids
images\ut-zap50k\Shoes\Heels\Jambu\7993444.1375.jpg,7993444.1375.jpg,Shoes,Heels,Jambu
images\ut-zap50k\Sandals\Flat\Tommy Bahama\7664230.423.jpg,7664230.423.jpg,Sandals,Flat,Tommy Bahama
images\ut-zap50k\Shoes\Flats\Primigi Kids\8022501.11.jpg,8022501.11.jpg,Shoes,Flats,Primigi Kids
images\ut-zap50k\Shoes\Clogs and Mules\La Plume\7374605.44.jpg,7374605.44.jpg,Shoes,Clogs and Mules,La Plume
images\ut-zap50k\Shoes\Oxfords\FootMates\8030540.401.jpg,8030540.401.jpg,Shoes,Oxfords,FootMates
images\ut-zap50k\Shoes\Flats\Geox Kids\8018815.3.jpg,8018815.3.jpg,Shoes,Flats,Geox Kids
images\ut-zap50k\Boots\Mid-Calf\The North Face\7999464.363817.jpg,7999464.363817.jpg,Boots,Mid-Calf,The North Face
images\ut-zap50k\Shoes\Sneakers and Athletic Shoes\SKECHERS\7959883.18452.jpg,7959883.18452.jpg,Shoes,Sneakers and Athletic Shoes,SKECHERS
images\ut-zap50k\Shoes\Sneakers and Athletic Shoes\SKECHERS\8053569.113388.jpg,8053569.113388.jpg,Shoes,Sneakers and Athletic Shoes,SKECHERS
images\ut-zap50k\Boots\Knee High\A Line\8028182.10715.jpg,8028182.10715.jpg,Boots,Knee High,A Line
images\ut-zap50k\Boots\Knee High\Jessica Simpson Kids\8007754.82200.jpg,8007754.82200.jpg,Boots,Knee High,Jessica Simpson Kids
images\ut-zap50k\Shoes\Flats\Sam Edelman\7874781.72.jpg,7874781.72.jpg,Shoes,Flats,Sam Edelman
images\ut-zap50k\Shoes\Flats\Designer's Touch Kids\7160412.15.jpg,7160412.15.jpg,Shoes,Flats,Designer's Touch Kids
images\ut-zap50k\Shoes\Sneakers and Athletic Shoes\adidas Originals Kids\7723119.37723.jpg,7723119.37723.jpg,Shoes,Sneakers and Athletic Shoes,adidas Originals Kids
images\ut-zap50k\Boots\Ankle\Quiksilver\8090443.396243.jpg,8090443.396243.jpg,Boots,Ankle,Quiksilver
images\ut-zap50k\Boots\Mid-Calf\Old West Kids Boots\8016748.368678.jpg,8016748.368678.jpg,Boots,Mid-Calf,Old West Kids Boots
images\ut-zap50k\Shoes\Sneakers and Athletic Shoes\Teva\7960583.6.jpg,7960583.6.jpg,Shoes,Sneakers and Athletic Shoes,Teva
images\ut-zap50k\Shoes\Clogs and Mules\Alegria\7814544.72.jpg,7814544.72.jpg,Shoes,Clogs and Mules,Alegria
images\ut-zap50k\Boots\Mid-Calf\Frye\7821507.290393.jpg,7821507.290393.jpg,Boots,Mid-Calf,Frye
images\ut-zap50k\Shoes\Flats\Reef\7884659.1892.jpg,7884659.1892.jpg,Shoes,Flats,Reef
images\ut-zap50k\Shoes\Flats\Bloch Kids\7827311.427.jpg,7827311.427.jpg,Shoes,Flats,Bloch Kids
images\ut-zap50k\Slippers\Slipper Flats\EMU Australia\7549505.1679.jpg,7549505.1679.jpg,Slippers,Slipper Flats,EMU Australia
images\ut-zap50k\Boots\Ankle\Frye\7821575.301603.jpg,7821575.301603.jpg,Boots,Ankle,Frye
images\ut-zap50k\Shoes\Sneakers and Athletic Shoes\Wilson\7713549.755.jpg,7713549.755.jpg,Shoes,Sneakers and Athletic Shoes,Wilson
images\ut-zap50k\Shoes\Sneakers and Athletic Shoes\Vans\7226566.384996.jpg,7226566.384996.jpg,Shoes,Sneakers and Athletic Shoes,Vans
images\ut-zap50k\Shoes\Loafers\NO SOX\8038231.1122.jpg,8038231.1122.jpg,Shoes,Loafers,NO SOX
images\ut-zap50k\Boots\Ankle\The North Face Kids\7969147.352386.jpg,7969147.352386.jpg,Boots,Ankle,The North Face Kids
images\ut-zap50k\Boots\Ankle\Frye\7720128.69259.jpg,7720128.69259.jpg,Boots,Ankle,Frye
images\ut-zap50k\Shoes\Sneakers and Athletic Shoes\DC\8078084.10623.jpg,8078084.10623.jpg,Shoes,Sneakers and Athletic Shoes,DC
images\ut-zap50k\Shoes\Sneakers and Athletic Shoes\Merrell\7879697.321146.jpg,7879697.321146.jpg,Shoes,Sneakers and Athletic Shoes,Merrell
images\ut-zap50k\Sandals\Flat\Onex\7762065.9274.jpg,7762065.9274.jpg,Sandals,Flat,Onex
images\ut-zap50k\Shoes\Sneakers and Athletic Shoes\SKECHERS\8076021.742.jpg,8076021.742.jpg,Shoes,Sneakers and Athletic Shoes,SKECHERS
images\ut-zap50k\Shoes\Heels\Soft Style\7660939.89.jpg,7660939.89.jpg,Shoes,Heels,Soft Style
images\ut-zap50k\Shoes\Heels\Gentle Souls\8012757.72.jpg,8012757.72.jpg,Shoes,Heels,Gentle Souls
images\ut-zap50k\Shoes\Sneakers and Athletic Shoes\Teva\7783743.1676.jpg,7783743.1676.jpg,Shoes,Sneakers and Athletic Shoes,Teva
images\ut-zap50k\Shoes\Clogs and Mules\Dansko Kids\7658776.35724.jpg,7658776.35724.jpg,Shoes,Clogs and Mules,Dansko Kids
images\ut-zap50k\Shoes\Sneakers and Athletic Shoes\New Balance\8025508.20.jpg,8025508.20.jpg,Shoes,Sneakers and Athletic Shoes,New Balance
images\ut-zap50k\Shoes\Loafers\Donald J Pliner\7772301.3.jpg,7772301.3.jpg,Shoes,Loafers,Donald J Pliner
images\ut-zap50k\Boots\Knee High\Stuart Weitzman\7999504.81034.jpg,7999504.81034.jpg,Boots,Knee High,Stuart Weitzman
images\ut-zap50k\Sandals\Flat\Birkenstock\8023264.82233.jpg,8023264.82233.jpg,Sandals,Flat,Birkenstock
images\ut-zap50k\Sandals\Flat\Naot Footwear\7381720.95658.jpg,7381720.95658.jpg,Sandals,Flat,Naot Footwear
images\ut-zap50k\Boots\Mid-Calf\Volatile Kids\7697342.3.jpg,7697342.3.jpg,Boots,Mid-Calf,Volatile Kids
images\ut-zap50k\Shoes\Heels\Coloriffics\7888800.632.jpg,7888800.632.jpg,Shoes,Heels,Coloriffics
images\ut-zap50k\Boots\Mid-Calf\Harley-Davidson\8068954.3.jpg,8068954.3.jpg,Boots,Mid-Calf,Harley-Davidson
images\ut-zap50k\Shoes\Flats\Bloch Kids\7709282.3.jpg,7709282.3.jpg,Shoes,Flats,Bloch Kids
images\ut-zap50k\Boots\Mid-Calf\Naturalizer\8019353.369590.jpg,8019353.369590.jpg,Boots,Mid-Calf,Naturalizer
images\ut-zap50k\Shoes\Flats\Chooka\7979036.9.jpg,7979036.9.jpg,Shoes,Flats,Chooka
images\ut-zap50k\Boots\Mid-Calf\EMU Australia\7967710.9.jpg,7967710.9.jpg,Boots,Mid-Calf,EMU Australia
images\ut-zap50k\Shoes\Sneakers and Athletic Shoes\New Balance\8060618.144.jpg,8060618.144.jpg,Shoes,Sneakers and Athletic Shoes,New Balance
images\ut-zap50k\Shoes\Heels\Nine West\7777410.402436.jpg,7777410.402436.jpg,Shoes,Heels,Nine West
images\ut-zap50k\Shoes\Heels\Nine West\8113124.99154.jpg,8113124.99154.jpg,Shoes,Heels,Nine West
images\ut-zap50k\Boots\Mid-Calf\Primigi Kids\8024425.43.jpg,8024425.43.jpg,Boots,Mid-Calf,Primigi Kids
images\ut-zap50k\Shoes\Sneakers and Athletic Shoes\Salomon\7982226.396483.jpg,7982226.396483.jpg,Shoes,Sneakers and Athletic Shoes,Salomon
images\ut-zap50k\Boots\Knee High\VOLATILE\7708932.3.jpg,7708932.3.jpg,Boots,Knee High,VOLATILE
images\ut-zap50k\Boots\Ankle\Frye\7970935.353019.jpg,7970935.353019.jpg,Boots,Ankle,Frye
images\ut-zap50k\Shoes\Heels\Anne Klein\8002150.97201.jpg,8002150.97201.jpg,Shoes,Heels,Anne Klein
images\ut-zap50k\Boots\Mid-Calf\Palladium\7867359.315781.jpg,7867359.315781.jpg,Boots,Mid-Calf,Palladium
images\ut-zap50k\Boots\Mid-Calf\Frye\7336989.665.jpg,7336989.665.jpg,Boots,Mid-Calf,Frye
images\ut-zap50k\Shoes\Sneakers and Athletic Shoes\inov-8\7797183.16179.jpg,7797183.16179.jpg,Shoes,Sneakers and Athletic Shoes,inov-8
images\ut-zap50k\Boots\Knee High\Type Z\8023886.3.jpg,8023886.3.jpg,Boots,Knee High,Type Z
images\ut-zap50k\Shoes\Sneakers and Athletic Shoes\Nike Golf\7919112.334656.jpg,7919112.334656.jpg,Shoes,Sneakers and Athletic Shoes,Nike Golf
images\ut-zap50k\Shoes\Heels\Cole Haan\8000947.8044.jpg,8000947.8044.jpg,Shoes,Heels,Cole Haan
images\ut-zap50k\Shoes\Sneakers and Athletic Shoes\New Balance Kids\7980505.20660.jpg,7980505.20660.jpg,Shoes,Sneakers and Athletic Shoes,New Balance Kids
images\ut-zap50k\Shoes\Oxfords\Kid Express\7284429.494.jpg,7284429.494.jpg,Shoes,Oxfords,Kid Express
images\ut-zap50k\Shoes\Sneakers and Athletic Shoes\New Balance Kids\7931259.158.jpg,7931259.158.jpg,Shoes,Sneakers and Athletic Shoes,New Balance Kids
images\ut-zap50k\Shoes\Sneakers and Athletic Shoes\SKECHERS\7555066.325.jpg,7555066.325.jpg,Shoes,Sneakers and Athletic Shoes,SKECHERS
images\ut-zap50k\Boots\Ankle\Dr. Martens\118955.249563.jpg,118955.249563.jpg,Boots,Ankle,Dr. Martens
images\ut-zap50k\Shoes\Sneakers and Athletic Shoes\OluKai\8084221.273289.jpg,8084221.273289.jpg,Shoes,Sneakers and Athletic Shoes,OluKai
images\ut-zap50k\Sandals\Flat\Isola\8111382.402552.jpg,8111382.402552.jpg,Sandals,Flat,Isola
images\ut-zap50k\Shoes\Flats\Bloch\8005926.402195.jpg,8005926.402195.jpg,Shoes,Flats,Bloch
images\ut-zap50k\Shoes\Flats\Naot Footwear\7189716.360899.jpg,7189716.360899.jpg,Shoes,Flats,Naot Footwear
images\ut-zap50k\Boots\Mid-Calf\Harley-Davidson\7902184.3.jpg,7902184.3.jpg,Boots,Mid-Calf,Harley-Davidson
images\ut-zap50k\Shoes\Sneakers and Athletic Shoes\Nike Kids\7978221.69638.jpg,7978221.69638.jpg,Shoes,Sneakers and Athletic Shoes,Nike Kids
images\ut-zap50k\Shoes\Flats\Anne Klein\8076016.391201.jpg,8076016.391201.jpg,Shoes,Flats,Anne Klein
images\ut-zap50k\Shoes\Flats\Pampili\8030634.231804.jpg,8030634.231804.jpg,Shoes,Flats,Pampili
images\ut-zap50k\Shoes\Sneakers and Athletic Shoes\SKECHERS\8040048.139.jpg,8040048.139.jpg,Shoes,Sneakers and Athletic Shoes,SKECHERS
images\ut-zap50k\Boots\Mid-Calf\UGG\8041912.35830.jpg,8041912.35830.jpg,Boots,Mid-Calf,UGG
images\ut-zap50k\Sandals\Flat\Onex\8038171.426668.jpg,8038171.426668.jpg,Sandals,Flat,Onex
images\ut-zap50k\Boots\Ankle\Dr. Martens\118955.201685.jpg,118955.201685.jpg,Boots,Ankle,Dr. Martens
images\ut-zap50k\Boots\Knee High\Camper Kids\7988182.3.jpg,7988182.3.jpg,Boots,Knee High,Camper Kids
images\ut-zap50k\Shoes\Sneakers and Athletic Shoes\Sanuk\7567505.18.jpg,7567505.18.jpg,Shoes,Sneakers and Athletic Shoes,Sanuk
images\ut-zap50k\Sandals\Flat\Spring Step\7980005.72.jpg,7980005.72.jpg,Sandals,Flat,Spring Step
images\ut-zap50k\Shoes\Sneakers and Athletic Shoes\Reebok Kids\7979650.356990.jpg,7979650.356990.jpg,Shoes,Sneakers and Athletic Shoes,Reebok Kids
images\ut-zap50k\Shoes\Loafers\Stacy Adams\8103302.6.jpg,8103302.6.jpg,Shoes,Loafers,Stacy Adams
images\ut-zap50k\Shoes\Sneakers and Athletic Shoes\NO SOX\8038255.3.jpg,8038255.3.jpg,Shoes,Sneakers and Athletic Shoes,NO SOX
images\ut-zap50k\Shoes\Sneakers and Athletic Shoes\SKECHERS\8076036.3.jpg,8076036.3.jpg,Shoes,Sneakers and Athletic Shoes,SKECHERS
images\ut-zap50k\Shoes\Heels\David Tate\7436527.14.jpg,7436527.14.jpg,Shoes,Heels,David Tate
images\ut-zap50k\Shoes\Clogs and Mules\Ariat\7435964.413.jpg,7435964.413.jpg,Shoes,Clogs and Mules,Ariat
images\ut-zap50k\Boots\Mid-Calf\Rocket Dog\7579977.171852.jpg,7579977.171852.jpg,Boots,Mid-Calf,Rocket Dog
images\ut-zap50k\Shoes\Heels\Rockport\8088129.97365.jpg,8088129.97365.jpg,Shoes,Heels,Rockport
images\ut-zap50k\Slippers\Slipper Flats\Justin\8084906.401.jpg,8084906.401.jpg,Slippers,Slipper Flats,Justin
images\ut-zap50k\Sandals\Flat\Annie\7308872.10369.jpg,7308872.10369.jpg,Sandals,Flat,Annie
images\ut-zap50k\Shoes\Sneakers and Athletic Shoes\Nike Kids\7925315.370137.jpg,7925315.370137.jpg,Shoes,Sneakers and Athletic Shoes,Nike Kids
images\ut-zap50k\Shoes\Sneakers and Athletic Shoes\Superga\8027707.6266.jpg,8027707.6266.jpg,Shoes,Sneakers and Athletic Shoes,Superga
images\ut-zap50k\Shoes\Flats\Annie\8014746.86125.jpg,8014746.86125.jpg,Shoes,Flats,Annie
images\ut-zap50k\Sandals\Flat\Unlisted\7661825.99.jpg,7661825.99.jpg,Sandals,Flat,Unlisted
images\ut-zap50k\Boots\Knee High\Frye\7970322.248957.jpg,7970322.248957.jpg,Boots,Knee High,Frye
images\ut-zap50k\Sandals\Flat\Cobian\7747406.3.jpg,7747406.3.jpg,Sandals,Flat,Cobian
images\ut-zap50k\Boots\Ankle\Caterpillar\107456.20.jpg,107456.20.jpg,Boots,Ankle,Caterpillar
images\ut-zap50k\Boots\Ankle\Hi-Tec Kids\7809067.297233.jpg,7809067.297233.jpg,Boots,Ankle,Hi-Tec Kids
images\ut-zap50k\Shoes\Firstwalker\Livie & Luca\8046539.12077.jpg,8046539.12077.jpg,Shoes,Firstwalker,Livie & Luca
images\ut-zap50k\Sandals\Flat\Birkenstock\7502010.226972.jpg,7502010.226972.jpg,Sandals,Flat,Birkenstock
images\ut-zap50k\Shoes\Sneakers and Athletic Shoes\Reebok Kids\7996978.373825.jpg,7996978.373825.jpg,Shoes,Sneakers and Athletic Shoes,Reebok Kids
images\ut-zap50k\Shoes\Sneakers and Athletic Shoes\Habitat\8034699.359338.jpg,8034699.359338.jpg,Shoes,Sneakers and Athletic Shoes,Habitat
images\ut-zap50k\Sandals\Flat\Wolky\7934820.340992.jpg,7934820.340992.jpg,Sandals,Flat,Wolky
images\ut-zap50k\Shoes\Sneakers and Athletic Shoes\adidas Outdoor\7983349.354291.jpg,7983349.354291.jpg,Shoes,Sneakers and Athletic Shoes,adidas Outdoor
images\ut-zap50k\Boots\Ankle\Vasque\7817865.300312.jpg,7817865.300312.jpg,Boots,Ankle,Vasque
images\ut-zap50k\Shoes\Oxfords\Allen-Edmonds\7834273.8607.jpg,7834273.8607.jpg,Shoes,Oxfords,Allen-Edmonds
images\ut-zap50k\Shoes\Loafers\Trotters\7574234.3498.jpg,7574234.3498.jpg,Shoes,Loafers,Trotters
images\ut-zap50k\Shoes\Sneakers and Athletic Shoes\adidas Running\7879310.326956.jpg,7879310.326956.jpg,Shoes,Sneakers and Athletic Shoes,adidas Running
images\ut-zap50k\Shoes\Loafers\Mephisto\7948340.332.jpg,7948340.332.jpg,Shoes,Loafers,Mephisto
images\ut-zap50k\Shoes\Oxfords\Clarks\7833375.216.jpg,7833375.216.jpg,Shoes,Oxfords,Clarks
images\ut-zap50k\Sandals\Flat\Onex\8102618.535.jpg,8102618.535.jpg,Sandals,Flat,Onex
images\ut-zap50k\Shoes\Loafers\Stacy Adams\7834129.184651.jpg,7834129.184651.jpg,Shoes,Loafers,Stacy Adams
images\ut-zap50k\Shoes\Sneakers and Athletic Shoes\Reebok Lifestyle\7271189.14.jpg,7271189.14.jpg,Shoes,Sneakers and Athletic Shoes,Reebok Lifestyle
images\ut-zap50k\Shoes\Clogs and Mules\Dansko\7988422.217605.jpg,7988422.217605.jpg,Shoes,Clogs and Mules,Dansko
images\ut-zap50k\Sandals\Flat\Worishofer\7979161.3.jpg,7979161.3.jpg,Sandals,Flat,Worishofer
images\ut-zap50k\Boots\Ankle\Sam Edelman\7843317.307257.jpg,7843317.307257.jpg,Boots,Ankle,Sam Edelman
images\ut-zap50k\Sandals\Flat\Cole Haan\7613470.89.jpg,7613470.89.jpg,Sandals,Flat,Cole Haan
images\ut-zap50k\Sandals\Flat\Sanuk\7808360.23257.jpg,7808360.23257.jpg,Sandals,Flat,Sanuk
images\ut-zap50k\Sandals\Flat\Isola\8111382.402550.jpg,8111382.402550.jpg,Sandals,Flat,Isola
images\ut-zap50k\Shoes\Sneakers and Athletic Shoes\New Balance\7977902.864.jpg,7977902.864.jpg,Shoes,Sneakers and Athletic Shoes,New Balance
images\ut-zap50k\Boots\Mid-Calf\Ariat\7992677.361612.jpg,7992677.361612.jpg,Boots,Mid-Calf,Ariat
images\ut-zap50k\Shoes\Sneakers and Athletic Shoes\New Balance\8047835.9.jpg,8047835.9.jpg,Shoes,Sneakers and Athletic Shoes,New Balance
images\ut-zap50k\Shoes\Loafers\Frye\7967465.351572.jpg,7967465.351572.jpg,Shoes,Loafers,Frye
images\ut-zap50k\Sandals\Flat\Reef\7839869.183092.jpg,7839869.183092.jpg,Sandals,Flat,Reef
images\ut-zap50k\Shoes\Heels\Steve Madden\7954243.13242.jpg,7954243.13242.jpg,Shoes,Heels,Steve Madden
images\ut-zap50k\Sandals\Flat\Reef\7557470.39688.jpg,7557470.39688.jpg,Sandals,Flat,Reef
images\ut-zap50k\Boots\Ankle\Tundra Boots\7857885.5918.jpg,7857885.5918.jpg,Boots,Ankle,Tundra Boots
images\ut-zap50k\Shoes\Sneakers and Athletic Shoes\ASICS\8024012.371130.jpg,8024012.371130.jpg,Shoes,Sneakers and Athletic Shoes,ASICS
images\ut-zap50k\Boots\Ankle\UGG Kids\8032548.9418.jpg,8032548.9418.jpg,Boots,Ankle,UGG Kids
images\ut-zap50k\Boots\Ankle\Lacoste\8013997.4854.jpg,8013997.4854.jpg,Boots,Ankle,Lacoste
images\ut-zap50k\Shoes\Flats\Venettini Kids\8059851.106.jpg,8059851.106.jpg,Shoes,Flats,Venettini Kids
images\ut-zap50k\Sandals\Flat\Roxy Kids\8095026.151.jpg,8095026.151.jpg,Sandals,Flat,Roxy Kids
images\ut-zap50k\Shoes\Prewalker\Robeez\7738186.9.jpg,7738186.9.jpg,Shoes,Prewalker,Robeez
images\ut-zap50k\Shoes\Sneakers and Athletic Shoes\Merrell\7987176.30799.jpg,7987176.30799.jpg,Shoes,Sneakers and Athletic Shoes,Merrell
images\ut-zap50k\Boots\Ankle\Primigi Kids\8030685.3.jpg,8030685.3.jpg,Boots,Ankle,Primigi Kids
images\ut-zap50k\Boots\Ankle\The North Face\7784994.286495.jpg,7784994.286495.jpg,Boots,Ankle,The North Face
images\ut-zap50k\Shoes\Oxfords\Stacy Adams\8103348.399830.jpg,8103348.399830.jpg,Shoes,Oxfords,Stacy Adams
images\ut-zap50k\Shoes\Heels\Anne Klein\8051752.89.jpg,8051752.89.jpg,Shoes,Heels,Anne Klein
images\ut-zap50k\Shoes\Sneakers and Athletic Shoes\adidas Running\7878605.356009.jpg,7878605.356009.jpg,Shoes,Sneakers and Athletic Shoes,adidas Running
images\ut-zap50k\Shoes\Loafers\Donald J Pliner\8050238.56998.jpg,8050238.56998.jpg,Shoes,Loafers,Donald J Pliner
images\ut-zap50k\Shoes\Heels\Nine West\7798031.20436.jpg,7798031.20436.jpg,Shoes,Heels,Nine West
images\ut-zap50k\Shoes\Sneakers and Athletic Shoes\K-Swiss\7973140.354032.jpg,7973140.354032.jpg,Shoes,Sneakers and Athletic Shoes,K-Swiss
images\ut-zap50k\Shoes\Flats\Think!\8007471.43742.jpg,8007471.43742.jpg,Shoes,Flats,Think!
images\ut-zap50k\Shoes\Sneakers and Athletic Shoes\New Balance Kids\7980015.147.jpg,7980015.147.jpg,Shoes,Sneakers and Athletic Shoes,New Balance Kids
images\ut-zap50k\Shoes\Oxfords\Josef Seibel\8010449.3.jpg,8010449.3.jpg,Shoes,Oxfords,Josef Seibel
images\ut-zap50k\Shoes\Sneakers and Athletic Shoes\Vans Kids\7419486.385187.jpg,7419486.385187.jpg,Shoes,Sneakers and Athletic Shoes,Vans Kids
images\ut-zap50k\Boots\Ankle\Rachel Zoe\8034376.3.jpg,8034376.3.jpg,Boots,Ankle,Rachel Zoe
images\ut-zap50k\Boots\Mid-Calf\Finn Comfort\8013402.407519.jpg,8013402.407519.jpg,Boots,Mid-Calf,Finn Comfort
images\ut-zap50k\Boots\Ankle\Columbia\7795953.22473.jpg,7795953.22473.jpg,Boots,Ankle,Columbia
images\ut-zap50k\Shoes\Heels\Nine West\8076608.9957.jpg,8076608.9957.jpg,Shoes,Heels,Nine West
images\ut-zap50k\Boots\Ankle\Ipath\7987721.359781.jpg,7987721.359781.jpg,Boots,Ankle,Ipath
images\ut-zap50k\Boots\Mid-Calf\MICHAEL Michael Kors\8031685.712.jpg,8031685.712.jpg,Boots,Mid-Calf,MICHAEL Michael Kors
images\ut-zap50k\Boots\Mid-Calf\Tundra Boots\7856251.128.jpg,7856251.128.jpg,Boots,Mid-Calf,Tundra Boots
images\ut-zap50k\Shoes\Flats\Rachel Kids\8025293.229.jpg,8025293.229.jpg,Shoes,Flats,Rachel Kids
images\ut-zap50k\Shoes\Sneakers and Athletic Shoes\Reebok Kids\7979349.373769.jpg,7979349.373769.jpg,Shoes,Sneakers and Athletic Shoes,Reebok Kids
images\ut-zap50k\Boots\Mid-Calf\Polo Ralph Lauren Kids\8009301.366180.jpg,8009301.366180.jpg,Boots,Mid-Calf,Polo Ralph Lauren Kids
images\ut-zap50k\Shoes\Sneakers and Athletic Shoes\Nike Kids\8020748.238004.jpg,8020748.238004.jpg,Shoes,Sneakers and Athletic Shoes,Nike Kids
images\ut-zap50k\Shoes\Sneakers and Athletic Shoes\Vans\7382137.374515.jpg,7382137.374515.jpg,Shoes,Sneakers and Athletic Shoes,Vans
images\ut-zap50k\Shoes\Sneakers and Athletic Shoes\Vans\7503678.348994.jpg,7503678.348994.jpg,Shoes,Sneakers and Athletic Shoes,Vans
images\ut-zap50k\Shoes\Sneakers and Athletic Shoes\Creative Recreation Kids\8036491.21196.jpg,8036491.21196.jpg,Shoes,Sneakers and Athletic Shoes,Creative Recreation Kids
images\ut-zap50k\Boots\Mid-Calf\AIGLE Kids\8101886.423.jpg,8101886.423.jpg,Boots,Mid-Calf,AIGLE Kids
images\ut-zap50k\Shoes\Heels\Nine West\8076659.761.jpg,8076659.761.jpg,Shoes,Heels,Nine West
images\ut-zap50k\Sandals\Flat\Nike\7588295.151.jpg,7588295.151.jpg,Sandals,Flat,Nike
images\ut-zap50k\Shoes\Loafers\Primigi Kids\8021134.6.jpg,8021134.6.jpg,Shoes,Loafers,Primigi Kids
images\ut-zap50k\Boots\Mid-Calf\Harley-Davidson\8009071.3.jpg,8009071.3.jpg,Boots,Mid-Calf,Harley-Davidson
images\ut-zap50k\Sandals\Flat\Papillio\7922146.368097.jpg,7922146.368097.jpg,Sandals,Flat,Papillio
images\ut-zap50k\Shoes\Sneakers and Athletic Shoes\Reebok Lifestyle\7935559.24150.jpg,7935559.24150.jpg,Shoes,Sneakers and Athletic Shoes,Reebok Lifestyle
images\ut-zap50k\Shoes\Heels\Frye\7970241.384017.jpg,7970241.384017.jpg,Shoes,Heels,Frye
images\ut-zap50k\Boots\Ankle\Frye\7794291.248970.jpg,7794291.248970.jpg,Boots,Ankle,Frye
images\ut-zap50k\Shoes\Loafers\UGG\8041886.35830.jpg,8041886.35830.jpg,Shoes,Loafers,UGG
images\ut-zap50k\Shoes\Loafers\Steve Madden\7671488.310.jpg,7671488.310.jpg,Shoes,Loafers,Steve Madden
images\ut-zap50k\Boots\Mid-Calf\Ariat\7992677.361613.jpg,7992677.361613.jpg,Boots,Mid-Calf,Ariat
images\ut-zap50k\Shoes\Loafers\Frye\7594645.20.jpg,7594645.20.jpg,Shoes,Loafers,Frye
images\ut-zap50k\Sandals\Flat\Kate Spade New York\8009895.106.jpg,8009895.106.jpg,Sandals,Flat,Kate Spade New York
images\ut-zap50k\Boots\Ankle\BC Footwear\8015071.184651.jpg,8015071.184651.jpg,Boots,Ankle,BC Footwear
images\ut-zap50k\Shoes\Sneakers and Athletic Shoes\Lacoste\8074319.133653.jpg,8074319.133653.jpg,Shoes,Sneakers and Athletic Shoes,Lacoste
images\ut-zap50k\Shoes\Sneakers and Athletic Shoes\Nike Kids\7760780.370370.jpg,7760780.370370.jpg,Shoes,Sneakers and Athletic Shoes,Nike Kids
images\ut-zap50k\Boots\Ankle\Superfit\8005005.365314.jpg,8005005.365314.jpg,Boots,Ankle,Superfit
images\ut-zap50k\Shoes\Flats\KORS Michael Kors\7615325.353200.jpg,7615325.353200.jpg,Shoes,Flats,KORS Michael Kors
images\ut-zap50k\Shoes\Sneakers and Athletic Shoes\Creative Recreation Kids\7815720.183092.jpg,7815720.183092.jpg,Shoes,Sneakers and Athletic Shoes,Creative Recreation Kids
images\ut-zap50k\Shoes\Loafers\Naot Footwear\7990759.360902.jpg,7990759.360902.jpg,Shoes,Loafers,Naot Footwear
images\ut-zap50k\Boots\Knee High\Hunter\7338173.396.jpg,7338173.396.jpg,Boots,Knee High,Hunter
images\ut-zap50k\Shoes\Sneakers and Athletic Shoes\Nike\7964513.367133.jpg,7964513.367133.jpg,Shoes,Sneakers and Athletic Shoes,Nike
images\ut-zap50k\Boots\Ankle\Franco Sarto\8045225.60.jpg,8045225.60.jpg,Boots,Ankle,Franco Sarto
images\ut-zap50k\Shoes\Sneakers and Athletic Shoes\Nike Action\8011980.366823.jpg,8011980.366823.jpg,Shoes,Sneakers and Athletic Shoes,Nike Action
images\ut-zap50k\Shoes\Oxfords\Tommy Hilfiger\8122122.621.jpg,8122122.621.jpg,Shoes,Oxfords,Tommy Hilfiger
images\ut-zap50k\Shoes\Sneakers and Athletic Shoes\pediped\7998011.11204.jpg,7998011.11204.jpg,Shoes,Sneakers and Athletic Shoes,pediped
images\ut-zap50k\Boots\Ankle\Ivanka Trump\8115301.216.jpg,8115301.216.jpg,Boots,Ankle,Ivanka Trump
images\ut-zap50k\Shoes\Heels\Fitzwell\7950973.585.jpg,7950973.585.jpg,Shoes,Heels,Fitzwell
images\ut-zap50k\Shoes\Oxfords\Stacy Adams\8103348.399833.jpg,8103348.399833.jpg,Shoes,Oxfords,Stacy Adams
images\ut-zap50k\Boots\Ankle\Vince Camuto\8026477.3.jpg,8026477.3.jpg,Boots,Ankle,Vince Camuto
images\ut-zap50k\Boots\Ankle\Aquatalia by Marvin K\8006887.302064.jpg,8006887.302064.jpg,Boots,Ankle,Aquatalia by Marvin K
images\ut-zap50k\Shoes\Flats\Cienta Kids Shoes\7929779.346.jpg,7929779.346.jpg,Shoes,Flats,Cienta Kids Shoes
images\ut-zap50k\Sandals\Flat\Birkenstock\8023264.691.jpg,8023264.691.jpg,Sandals,Flat,Birkenstock
images\ut-zap50k\Shoes\Sneakers and Athletic Shoes\Onitsuka Tiger by Asics\7695089.408.jpg,7695089.408.jpg,Shoes,Sneakers and Athletic Shoes,Onitsuka Tiger by Asics
images\ut-zap50k\Boots\Mid-Calf\Bogs Kids\7976664.5540.jpg,7976664.5540.jpg,Boots,Mid-Calf,Bogs Kids
images\ut-zap50k\Boots\Mid-Calf\Tretorn\7975783.3.jpg,7975783.3.jpg,Boots,Mid-Calf,Tretorn
images\ut-zap50k\Shoes\Loafers\Geox\8004586.3.jpg,8004586.3.jpg,Shoes,Loafers,Geox
images\ut-zap50k\Boots\Mid-Calf\Stuart Weitzman\8031368.301417.jpg,8031368.301417.jpg,Boots,Mid-Calf,Stuart Weitzman
images\ut-zap50k\Shoes\Flats\McQ\8040628.3.jpg,8040628.3.jpg,Shoes,Flats,McQ
images\ut-zap50k\Shoes\Heels\Trotters\7346055.244384.jpg,7346055.244384.jpg,Shoes,Heels,Trotters
images\ut-zap50k\Shoes\Clogs and Mules\Birki's\107741.585.jpg,107741.585.jpg,Shoes,Clogs and Mules,Birki's
images\ut-zap50k\Shoes\Sneakers and Athletic Shoes\Fallen\7617393.310019.jpg,7617393.310019.jpg,Shoes,Sneakers and Athletic Shoes,Fallen
images\ut-zap50k\Boots\Mid-Calf\Tundra Kids Boots\7452246.33710.jpg,7452246.33710.jpg,Boots,Mid-Calf,Tundra Kids Boots
images\ut-zap50k\Shoes\Sneakers and Athletic Shoes\Lacoste\8014061.325.jpg,8014061.325.jpg,Shoes,Sneakers and Athletic Shoes,Lacoste
images\ut-zap50k\Shoes\Flats\Frye\8061995.263301.jpg,8061995.263301.jpg,Shoes,Flats,Frye
images\ut-zap50k\Sandals\Flat\Keen\7718961.156329.jpg,7718961.156329.jpg,Sandals,Flat,Keen
images\ut-zap50k\Boots\Ankle\Stuart Weitzman\8031506.363599.jpg,8031506.363599.jpg,Boots,Ankle,Stuart Weitzman
images\ut-zap50k\Shoes\Loafers\NO SOX\8038202.233.jpg,8038202.233.jpg,Shoes,Loafers,NO SOX
images\ut-zap50k\Boots\Ankle\Dr. Martens\8004255.365098.jpg,8004255.365098.jpg,Boots,Ankle,Dr. Martens
images\ut-zap50k\Shoes\Heels\Stuart Weitzman\7907334.193006.jpg,7907334.193006.jpg,Shoes,Heels,Stuart Weitzman
images\ut-zap50k\Shoes\Clogs and Mules\Crocs Kids\7501024.13589.jpg,7501024.13589.jpg,Shoes,Clogs and Mules,Crocs Kids
images\ut-zap50k\Sandals\Flat\Birkenstock\109117.364614.jpg,109117.364614.jpg,Sandals,Flat,Birkenstock
images\ut-zap50k\Shoes\Heels\GUESS\8065618.89.jpg,8065618.89.jpg,Shoes,Heels,GUESS
images\ut-zap50k\Boots\Mid-Calf\Crocs\7989477.39823.jpg,7989477.39823.jpg,Boots,Mid-Calf,Crocs
images\ut-zap50k\Slippers\Slipper Flats\Baffin Kids\8054016.359.jpg,8054016.359.jpg,Slippers,Slipper Flats,Baffin Kids
images\ut-zap50k\Boots\Ankle\Patagonia\7983254.358124.jpg,7983254.358124.jpg,Boots,Ankle,Patagonia
images\ut-zap50k\Shoes\Sneakers and Athletic Shoes\Lacoste\8014091.3.jpg,8014091.3.jpg,Shoes,Sneakers and Athletic Shoes,Lacoste
images\ut-zap50k\Boots\Ankle\Old West Kids Boots\7841381.3.jpg,7841381.3.jpg,Boots,Ankle,Old West Kids Boots
images\ut-zap50k\Shoes\Clogs and Mules\Finn Comfort\7257607.3.jpg,7257607.3.jpg,Shoes,Clogs and Mules,Finn Comfort
images\ut-zap50k\Boots\Mid-Calf\UGG\7655166.156053.jpg,7655166.156053.jpg,Boots,Mid-Calf,UGG
images\ut-zap50k\Boots\Knee High\Nine West\8051319.5492.jpg,8051319.5492.jpg,Boots,Knee High,Nine West
images\ut-zap50k\Boots\Ankle\Easy Spirit\8042777.3.jpg,8042777.3.jpg,Boots,Ankle,Easy Spirit
images\ut-zap50k\Shoes\Heels\Robert Clergerie\7999966.363934.jpg,7999966.363934.jpg,Shoes,Heels,Robert Clergerie
images\ut-zap50k\Shoes\Sneakers and Athletic Shoes\DC Kids\7549393.23581.jpg,7549393.23581.jpg,Shoes,Sneakers and Athletic Shoes,DC Kids
images\ut-zap50k\Sandals\Flat\O'Neill\8091956.3.jpg,8091956.3.jpg,Sandals,Flat,O'Neill
images\ut-zap50k\Shoes\Flats\Easy Spirit\8118779.405419.jpg,8118779.405419.jpg,Shoes,Flats,Easy Spirit
images\ut-zap50k\Shoes\Prewalker\Puma Kids\7892546.21766.jpg,7892546.21766.jpg,Shoes,Prewalker,Puma Kids
images\ut-zap50k\Shoes\Flats\Rieker\7290661.332055.jpg,7290661.332055.jpg,Shoes,Flats,Rieker
images\ut-zap50k\Shoes\Sneakers and Athletic Shoes\Vans Kids\8036450.389260.jpg,8036450.389260.jpg,Shoes,Sneakers and Athletic Shoes,Vans Kids
images\ut-zap50k\Sandals\Flat\Cobian\7746328.14.jpg,7746328.14.jpg,Sandals,Flat,Cobian
images\ut-zap50k\Shoes\Loafers\Geox\8004496.165809.jpg,8004496.165809.jpg,Shoes,Loafers,Geox
images\ut-zap50k\Shoes\Heels\Franco Sarto\8044720.7124.jpg,8044720.7124.jpg,Shoes,Heels,Franco Sarto
images\ut-zap50k\Shoes\Loafers\Salvatore Ferragamo\8057253.5291.jpg,8057253.5291.jpg,Shoes,Loafers,Salvatore Ferragamo
images\ut-zap50k\Shoes\Heels\LAUREN Ralph Lauren\7406098.396.jpg,7406098.396.jpg,Shoes,Heels,LAUREN Ralph Lauren
images\ut-zap50k\Sandals\Flat\Salt Water Sandal by Hoy Shoes\7132093.559.jpg,7132093.559.jpg,Sandals,Flat,Salt Water Sandal by Hoy Shoes
images\ut-zap50k\Boots\Mid-Calf\Born\7986804.4706.jpg,7986804.4706.jpg,Boots,Mid-Calf,Born
images\ut-zap50k\Shoes\Sneakers and Athletic Shoes\Nike\8017835.369083.jpg,8017835.369083.jpg,Shoes,Sneakers and Athletic Shoes,Nike
images\ut-zap50k\Sandals\Flat\Worishofer\7979214.3.jpg,7979214.3.jpg,Sandals,Flat,Worishofer
images\ut-zap50k\Sandals\Flat\Aravon\7892670.326707.jpg,7892670.326707.jpg,Sandals,Flat,Aravon
images\ut-zap50k\Shoes\Heels\Munro American\8030443.665.jpg,8030443.665.jpg,Shoes,Heels,Munro American
images\ut-zap50k\Boots\Ankle\Born\7991470.4706.jpg,7991470.4706.jpg,Boots,Ankle,Born
images\ut-zap50k\Boots\Ankle\Walk-Over\8038118.947.jpg,8038118.947.jpg,Boots,Ankle,Walk-Over
images\ut-zap50k\Shoes\Sneakers and Athletic Shoes\Brooks\7864698.382294.jpg,7864698.382294.jpg,Shoes,Sneakers and Athletic Shoes,Brooks
images\ut-zap50k\Shoes\Sneakers and Athletic Shoes\Blowfish\8069905.388307.jpg,8069905.388307.jpg,Shoes,Sneakers and Athletic Shoes,Blowfish
images\ut-zap50k\Shoes\Sneakers and Athletic Shoes\Mephisto\7836610.43464.jpg,7836610.43464.jpg,Shoes,Sneakers and Athletic Shoes,Mephisto
images\ut-zap50k\Boots\Mid-Calf\Stetson\8020050.369843.jpg,8020050.369843.jpg,Boots,Mid-Calf,Stetson
images\ut-zap50k\Shoes\Clogs and Mules\Haflinger\7801940.18.jpg,7801940.18.jpg,Shoes,Clogs and Mules,Haflinger
images\ut-zap50k\Slippers\Slipper Flats\Sorel\7982401.3.jpg,7982401.3.jpg,Slippers,Slipper Flats,Sorel
images\ut-zap50k\Shoes\Sneakers and Athletic Shoes\Nike\7925413.337394.jpg,7925413.337394.jpg,Shoes,Sneakers and Athletic Shoes,Nike
images\ut-zap50k\Shoes\Flats\Venettini Kids\8040025.89.jpg,8040025.89.jpg,Shoes,Flats,Venettini Kids
images\ut-zap50k\Shoes\Clogs and Mules\Dansko\7655836.104.jpg,7655836.104.jpg,Shoes,Clogs and Mules,Dansko
images\ut-zap50k\Slippers\Slipper Flats\Acorn\7439248.366713.jpg,7439248.366713.jpg,Slippers,Slipper Flats,Acorn
images\ut-zap50k\Shoes\Flats\PUMA\8041925.34000.jpg,8041925.34000.jpg,Shoes,Flats,PUMA
images\ut-zap50k\Shoes\Sneakers and Athletic Shoes\Tsukihoshi Kids\8029725.16169.jpg,8029725.16169.jpg,Shoes,Sneakers and Athletic Shoes,Tsukihoshi Kids
images\ut-zap50k\Boots\Ankle\Cole Haan\7993516.361833.jpg,7993516.361833.jpg,Boots,Ankle,Cole Haan
images\ut-zap50k\Shoes\Sneakers and Athletic Shoes\Nike Action\7575138.220318.jpg,7575138.220318.jpg,Shoes,Sneakers and Athletic Shoes,Nike Action
images\ut-zap50k\Boots\Knee High\Franco Sarto\8068237.3.jpg,8068237.3.jpg,Boots,Knee High,Franco Sarto
images\ut-zap50k\Shoes\Heels\BCBGeneration\7981989.34214.jpg,7981989.34214.jpg,Shoes,Heels,BCBGeneration
images\ut-zap50k\Shoes\Sneakers and Athletic Shoes\PUMA\8084138.42599.jpg,8084138.42599.jpg,Shoes,Sneakers and Athletic Shoes,PUMA
images\ut-zap50k\Shoes\Loafers\Lumiani\7858368.7.jpg,7858368.7.jpg,Shoes,Loafers,Lumiani
images\ut-zap50k\Shoes\Sneakers and Athletic Shoes\Lacoste\8015116.81441.jpg,8015116.81441.jpg,Shoes,Sneakers and Athletic Shoes,Lacoste
images\ut-zap50k\Boots\Knee High\Gabor\8015514.368179.jpg,8015514.368179.jpg,Boots,Knee High,Gabor
images\ut-zap50k\Shoes\Heels\rsvp\7626604.4917.jpg,7626604.4917.jpg,Shoes,Heels,rsvp
images\ut-zap50k\Shoes\Oxfords\Walk-Over\7975858.2552.jpg,7975858.2552.jpg,Shoes,Oxfords,Walk-Over
images\ut-zap50k\Shoes\Sneakers and Athletic Shoes\GUESS Kids'\8011131.9429.jpg,8011131.9429.jpg,Shoes,Sneakers and Athletic Shoes,GUESS Kids'
images\ut-zap50k\Shoes\Heels\Stuart Weitzman\8064368.385208.jpg,8064368.385208.jpg,Shoes,Heels,Stuart Weitzman
images\ut-zap50k\Boots\Knee High\Not Rated\8015003.3.jpg,8015003.3.jpg,Boots,Knee High,Not Rated
images\ut-zap50k\Boots\Knee High\Enzo Kids\7987277.20.jpg,7987277.20.jpg,Boots,Knee High,Enzo Kids
images\ut-zap50k\Shoes\Sneakers and Athletic Shoes\Reebok\8071780.389276.jpg,8071780.389276.jpg,Shoes,Sneakers and Athletic Shoes,Reebok
images\ut-zap50k\Shoes\Sneakers and Athletic Shoes\Chicago Skates\7863517.14.jpg,7863517.14.jpg,Shoes,Sneakers and Athletic Shoes,Chicago Skates
images\ut-zap50k\Shoes\Flats\DKNY\8075640.21287.jpg,8075640.21287.jpg,Shoes,Flats,DKNY
images\ut-zap50k\Boots\Mid-Calf\Spring Step\7867204.1430.jpg,7867204.1430.jpg,Boots,Mid-Calf,Spring Step
images\ut-zap50k\Shoes\Heels\Bouquets\8035447.3397.jpg,8035447.3397.jpg,Shoes,Heels,Bouquets
images\ut-zap50k\Boots\Ankle\Miz Mooz\8031679.574.jpg,8031679.574.jpg,Boots,Ankle,Miz Mooz
images\ut-zap50k\Boots\Ankle\EMU Australia Kids\8023175.18.jpg,8023175.18.jpg,Boots,Ankle,EMU Australia Kids
images\ut-zap50k\Boots\Ankle\Timberland PRO\7977816.6.jpg,7977816.6.jpg,Boots,Ankle,Timberland PRO
images\ut-zap50k\Shoes\Oxfords\Frye\7972106.251653.jpg,7972106.251653.jpg,Shoes,Oxfords,Frye
images\ut-zap50k\Boots\Knee High\Gentle Souls\8012766.3.jpg,8012766.3.jpg,Boots,Knee High,Gentle Souls
images\ut-zap50k\Shoes\Sneakers and Athletic Shoes\Keen Kids\7801366.294642.jpg,7801366.294642.jpg,Shoes,Sneakers and Athletic Shoes,Keen Kids
images\ut-zap50k\Boots\Ankle\Frye\7720128.289864.jpg,7720128.289864.jpg,Boots,Ankle,Frye
images\ut-zap50k\Shoes\Sneakers and Athletic Shoes\Lacoste\8074235.144.jpg,8074235.144.jpg,Shoes,Sneakers and Athletic Shoes,Lacoste
images\ut-zap50k\Slippers\Slipper Flats\Acorn\7835546.306610.jpg,7835546.306610.jpg,Slippers,Slipper Flats,Acorn
images\ut-zap50k\Shoes\Sneakers and Athletic Shoes\Vivobarefoot\7833418.764.jpg,7833418.764.jpg,Shoes,Sneakers and Athletic Shoes,Vivobarefoot
images\ut-zap50k\Shoes\Boat Shoes\Sperry Top-Sider\7342997.342.jpg,7342997.342.jpg,Shoes,Boat Shoes,Sperry Top-Sider
images\ut-zap50k\Shoes\Sneakers and Athletic Shoes\Frye\7914949.333802.jpg,7914949.333802.jpg,Shoes,Sneakers and Athletic Shoes,Frye
images\ut-zap50k\Boots\Mid-Calf\Frye\8003586.253857.jpg,8003586.253857.jpg,Boots,Mid-Calf,Frye
images\ut-zap50k\Shoes\Oxfords\Cole Haan\7993569.12883.jpg,7993569.12883.jpg,Shoes,Oxfords,Cole Haan
images\ut-zap50k\Sandals\Flat\L.A.M.B\8087933.37941.jpg,8087933.37941.jpg,Sandals,Flat,L.A.M.B
images\ut-zap50k\Boots\Ankle\Ben Sherman\8025626.20.jpg,8025626.20.jpg,Boots,Ankle,Ben Sherman
images\ut-zap50k\Shoes\Firstwalker\Primigi Kids\8022027.632.jpg,8022027.632.jpg,Shoes,Firstwalker,Primigi Kids
images\ut-zap50k\Slippers\Slipper Flats\Hatley Kids\8017872.559.jpg,8017872.559.jpg,Slippers,Slipper Flats,Hatley Kids
images\ut-zap50k\Slippers\Slipper Flats\Haflinger\7841866.568.jpg,7841866.568.jpg,Slippers,Slipper Flats,Haflinger
images\ut-zap50k\Boots\Ankle\Dr. Martens\8004440.330264.jpg,8004440.330264.jpg,Boots,Ankle,Dr. Martens
images\ut-zap50k\Shoes\Heels\Munro American\8030424.318421.jpg,8030424.318421.jpg,Shoes,Heels,Munro American
images\ut-zap50k\Shoes\Sneakers and Athletic Shoes\Nike\7756227.277985.jpg,7756227.277985.jpg,Shoes,Sneakers and Athletic Shoes,Nike
images\ut-zap50k\Shoes\Flats\Orthaheel\7835570.20.jpg,7835570.20.jpg,Shoes,Flats,Orthaheel
images\ut-zap50k\Boots\Ankle\Dr. Martens\7901788.249603.jpg,7901788.249603.jpg,Boots,Ankle,Dr. Martens
images\ut-zap50k\Shoes\Sneakers and Athletic Shoes\Nike Action\7757812.366953.jpg,7757812.366953.jpg,Shoes,Sneakers and Athletic Shoes,Nike Action
images\ut-zap50k\Shoes\Boat Shoes\Sperry Top-Sider\7795831.9665.jpg,7795831.9665.jpg,Shoes,Boat Shoes,Sperry Top-Sider
images\ut-zap50k\Shoes\Sneakers and Athletic Shoes\ECCO Sport\7733952.23021.jpg,7733952.23021.jpg,Shoes,Sneakers and Athletic Shoes,ECCO Sport
images\ut-zap50k\Shoes\Oxfords\Eastland\7379565.216.jpg,7379565.216.jpg,Shoes,Oxfords,Eastland
images\ut-zap50k\Shoes\Flats\Anne Klein\7910635.399076.jpg,7910635.399076.jpg,Shoes,Flats,Anne Klein
images\ut-zap50k\Shoes\Sneakers and Athletic Shoes\Keen\7292328.390694.jpg,7292328.390694.jpg,Shoes,Sneakers and Athletic Shoes,Keen
images\ut-zap50k\Boots\Ankle\Oh! Shoes\8013996.181562.jpg,8013996.181562.jpg,Boots,Ankle,Oh! Shoes
images\ut-zap50k\Shoes\Sneakers and Athletic Shoes\Merrell\7987176.81454.jpg,7987176.81454.jpg,Shoes,Sneakers and Athletic Shoes,Merrell
images\ut-zap50k\Shoes\Sneakers and Athletic Shoes\Merrell Kids\7973187.354070.jpg,7973187.354070.jpg,Shoes,Sneakers and Athletic Shoes,Merrell Kids
images\ut-zap50k\Shoes\Heels\Coloriffics\7751712.422.jpg,7751712.422.jpg,Shoes,Heels,Coloriffics
images\ut-zap50k\Shoes\Heels\Aravon\7809847.65018.jpg,7809847.65018.jpg,Shoes,Heels,Aravon
images\ut-zap50k\Shoes\Sneakers and Athletic Shoes\Nike Kids\7926857.287917.jpg,7926857.287917.jpg,Shoes,Sneakers and Athletic Shoes,Nike Kids
images\ut-zap50k\Shoes\Flats\Anne Klein\7565941.157607.jpg,7565941.157607.jpg,Shoes,Flats,Anne Klein
images\ut-zap50k\Boots\Ankle\Timberland\7997740.325.jpg,7997740.325.jpg,Boots,Ankle,Timberland
images\ut-zap50k\Shoes\Sneakers and Athletic Shoes\Nike Action Kids\7880419.147349.jpg,7880419.147349.jpg,Shoes,Sneakers and Athletic Shoes,Nike Action Kids
images\ut-zap50k\Boots\Knee High\Annie\8030562.249356.jpg,8030562.249356.jpg,Boots,Knee High,Annie
images\ut-zap50k\Boots\Ankle\Ariat\7528096.20818.jpg,7528096.20818.jpg,Boots,Ankle,Ariat
images\ut-zap50k\Shoes\Sneakers and Athletic Shoes\Original Penguin\7977383.356212.jpg,7977383.356212.jpg,Shoes,Sneakers and Athletic Shoes,Original Penguin
images\ut-zap50k\Shoes\Sneakers and Athletic Shoes\DVS Shoe Company\7903648.216.jpg,7903648.216.jpg,Shoes,Sneakers and Athletic Shoes,DVS Shoe Company
images\ut-zap50k\Sandals\Flat\Naot Footwear\7895810.185879.jpg,7895810.185879.jpg,Sandals,Flat,Naot Footwear
images\ut-zap50k\Sandals\Flat\VOLATILE\7801026.19.jpg,7801026.19.jpg,Sandals,Flat,VOLATILE
images\ut-zap50k\Slippers\Slipper Flats\Haflinger\8016647.201417.jpg,8016647.201417.jpg,Slippers,Slipper Flats,Haflinger
images\ut-zap50k\Boots\Mid-Calf\MICHAEL Michael Kors Kids\8115607.3.jpg,8115607.3.jpg,Boots,Mid-Calf,MICHAEL Michael Kors Kids
images\ut-zap50k\Boots\Knee High\Franco Sarto\8068237.60221.jpg,8068237.60221.jpg,Boots,Knee High,Franco Sarto
images\ut-zap50k\Shoes\Sneakers and Athletic Shoes\Reebok\7975432.373593.jpg,7975432.373593.jpg,Shoes,Sneakers and Athletic Shoes,Reebok
images\ut-zap50k\Shoes\Flats\Type Z\8014054.3.jpg,8014054.3.jpg,Shoes,Flats,Type Z
images\ut-zap50k\Shoes\Heels\Nine West\8076902.59416.jpg,8076902.59416.jpg,Shoes,Heels,Nine West
images\ut-zap50k\Boots\Ankle\Martino\8071382.568.jpg,8071382.568.jpg,Boots,Ankle,Martino
images\ut-zap50k\Shoes\Sneakers and Athletic Shoes\Vivobarefoot\7833071.14.jpg,7833071.14.jpg,Shoes,Sneakers and Athletic Shoes,Vivobarefoot
images\ut-zap50k\Boots\Mid-Calf\Superfit\7961436.585.jpg,7961436.585.jpg,Boots,Mid-Calf,Superfit
images\ut-zap50k\Boots\Ankle\Steve Madden\8112965.310.jpg,8112965.310.jpg,Boots,Ankle,Steve Madden
images\ut-zap50k\Shoes\Sneakers and Athletic Shoes\PUMA\7726677.383124.jpg,7726677.383124.jpg,Shoes,Sneakers and Athletic Shoes,PUMA
images\ut-zap50k\Shoes\Flats\KORS Michael Kors\7876367.353161.jpg,7876367.353161.jpg,Shoes,Flats,KORS Michael Kors
images\ut-zap50k\Boots\Mid-Calf\Polo Ralph Lauren Kids\8008251.365923.jpg,8008251.365923.jpg,Boots,Mid-Calf,Polo Ralph Lauren Kids
images\ut-zap50k\Boots\Ankle\Clarks\105989.231.jpg,105989.231.jpg,Boots,Ankle,Clarks
images\ut-zap50k\Shoes\Flats\Zigi\8030145.1695.jpg,8030145.1695.jpg,Shoes,Flats,Zigi
images\ut-zap50k\Shoes\Prewalker\pediped\7461248.3.jpg,7461248.3.jpg,Shoes,Prewalker,pediped
images\ut-zap50k\Shoes\Sneakers and Athletic Shoes\K-Swiss\7886616.324343.jpg,7886616.324343.jpg,Shoes,Sneakers and Athletic Shoes,K-Swiss
images\ut-zap50k\Shoes\Sneakers and Athletic Shoes\Merrell\7718407.262659.jpg,7718407.262659.jpg,Shoes,Sneakers and Athletic Shoes,Merrell
images\ut-zap50k\Shoes\Sneakers and Athletic Shoes\Nike Kids\8071444.389013.jpg,8071444.389013.jpg,Shoes,Sneakers and Athletic Shoes,Nike Kids
images\ut-zap50k\Boots\Ankle\Think!\8007462.365784.jpg,8007462.365784.jpg,Boots,Ankle,Think!
images\ut-zap50k\Shoes\Sneakers and Athletic Shoes\Nike\7881625.322252.jpg,7881625.322252.jpg,Shoes,Sneakers and Athletic Shoes,Nike
images\ut-zap50k\Boots\Mid-Calf\Frye\7248349.256518.jpg,7248349.256518.jpg,Boots,Mid-Calf,Frye
images\ut-zap50k\Boots\Ankle\Nine West Kids\7997912.325.jpg,7997912.325.jpg,Boots,Ankle,Nine West Kids
images\ut-zap50k\Shoes\Flats\Annie\8014755.552.jpg,8014755.552.jpg,Shoes,Flats,Annie
images\ut-zap50k\Shoes\Flats\Rebecca Minkoff\8068483.136.jpg,8068483.136.jpg,Shoes,Flats,Rebecca Minkoff
images\ut-zap50k\Shoes\Heels\David Tate\7380633.132488.jpg,7380633.132488.jpg,Shoes,Heels,David Tate
images\ut-zap50k\Shoes\Sneakers and Athletic Shoes\Nike Kids\8068599.387477.jpg,8068599.387477.jpg,Shoes,Sneakers and Athletic Shoes,Nike Kids
images\ut-zap50k\Shoes\Oxfords\Steve Madden\8026619.429.jpg,8026619.429.jpg,Shoes,Oxfords,Steve Madden
images\ut-zap50k\Shoes\Loafers\Munro American\8030811.408959.jpg,8030811.408959.jpg,Shoes,Loafers,Munro American
images\ut-zap50k\Boots\Knee High\Burberry\7980196.379467.jpg,7980196.379467.jpg,Boots,Knee High,Burberry
images\ut-zap50k\Shoes\Sneakers and Athletic Shoes\inov-8\7420600.8768.jpg,7420600.8768.jpg,Shoes,Sneakers and Athletic Shoes,inov-8
images\ut-zap50k\Sandals\Flat\SoftWalk\7609172.392448.jpg,7609172.392448.jpg,Sandals,Flat,SoftWalk
images\ut-zap50k\Boots\Mid-Calf\Kamik\7812502.3.jpg,7812502.3.jpg,Boots,Mid-Calf,Kamik
images\ut-zap50k\Boots\Mid-Calf\Kamik\7267689.325.jpg,7267689.325.jpg,Boots,Mid-Calf,Kamik
images\ut-zap50k\Boots\Mid-Calf\Lucchese\8046396.378188.jpg,8046396.378188.jpg,Boots,Mid-Calf,Lucchese
images\ut-zap50k\Shoes\Loafers\Sanuk\7992641.3.jpg,7992641.3.jpg,Shoes,Loafers,Sanuk
images\ut-zap50k\Boots\Ankle\Crocs Kids\7814165.5915.jpg,7814165.5915.jpg,Boots,Ankle,Crocs Kids
images\ut-zap50k\Shoes\Sneakers and Athletic Shoes\adidas Originals\7843526.372071.jpg,7843526.372071.jpg,Shoes,Sneakers and Athletic Shoes,adidas Originals
images\ut-zap50k\Boots\Knee High\KORS Michael Kors\7971364.57736.jpg,7971364.57736.jpg,Boots,Knee High,KORS Michael Kors
images\ut-zap50k\Shoes\Heels\BC Footwear\8015065.183092.jpg,8015065.183092.jpg,Shoes,Heels,BC Footwear
images\ut-zap50k\Shoes\Sneakers and Athletic Shoes\Vans\7226399.5716.jpg,7226399.5716.jpg,Shoes,Sneakers and Athletic Shoes,Vans
images\ut-zap50k\Sandals\Flat\Kid Express\7926042.561.jpg,7926042.561.jpg,Sandals,Flat,Kid Express
images\ut-zap50k\Boots\Mid-Calf\Lucchese\7756540.278137.jpg,7756540.278137.jpg,Boots,Mid-Calf,Lucchese
images\ut-zap50k\Boots\Ankle\Steve Madden\8006006.72.jpg,8006006.72.jpg,Boots,Ankle,Steve Madden
images\ut-zap50k\Shoes\Flats\Calvin Klein Collection\8005708.365483.jpg,8005708.365483.jpg,Shoes,Flats,Calvin Klein Collection
images\ut-zap50k\Shoes\Heels\ALDO\8096733.312665.jpg,8096733.312665.jpg,Shoes,Heels,ALDO
images\ut-zap50k\Boots\Knee High\Cole Haan\8000921.278.jpg,8000921.278.jpg,Boots,Knee High,Cole Haan
images\ut-zap50k\Shoes\Sneakers and Athletic Shoes\Converse\107999.14.jpg,107999.14.jpg,Shoes,Sneakers and Athletic Shoes,Converse
images\ut-zap50k\Shoes\Oxfords\Lucky Brand\8108524.27877.jpg,8108524.27877.jpg,Shoes,Oxfords,Lucky Brand
images\ut-zap50k\Sandals\Flat\Cobian\7747405.1892.jpg,7747405.1892.jpg,Sandals,Flat,Cobian
images\ut-zap50k\Shoes\Flats\Aster Kids\8017443.17506.jpg,8017443.17506.jpg,Shoes,Flats,Aster Kids
images\ut-zap50k\Shoes\Sneakers and Athletic Shoes\New Balance\7977794.3620.jpg,7977794.3620.jpg,Shoes,Sneakers and Athletic Shoes,New Balance
images\ut-zap50k\Shoes\Oxfords\Munro American\7851891.161344.jpg,7851891.161344.jpg,Shoes,Oxfords,Munro American
images\ut-zap50k\Sandals\Flat\Dr. Scholl's\8076660.6125.jpg,8076660.6125.jpg,Sandals,Flat,Dr. Scholl's
images\ut-zap50k\Boots\Mid-Calf\UGG Kids\8125942.77673.jpg,8125942.77673.jpg,Boots,Mid-Calf,UGG Kids
images\ut-zap50k\Boots\Mid-Calf\Frye Kids\7284729.60041.jpg,7284729.60041.jpg,Boots,Mid-Calf,Frye Kids
images\ut-zap50k\Shoes\Sneakers and Athletic Shoes\ECCO Sport\7746705.37664.jpg,7746705.37664.jpg,Shoes,Sneakers and Athletic Shoes,ECCO Sport
images\ut-zap50k\Sandals\Flat\Naot Footwear\7615196.247264.jpg,7615196.247264.jpg,Sandals,Flat,Naot Footwear
images\ut-zap50k\Slippers\Slipper Flats\Old Friend\7575253.6.jpg,7575253.6.jpg,Slippers,Slipper Flats,Old Friend
images\ut-zap50k\Shoes\Heels\rsvp\8013954.4827.jpg,8013954.4827.jpg,Shoes,Heels,rsvp
images\ut-zap50k\Shoes\Heels\Donald J Pliner\8065815.183092.jpg,8065815.183092.jpg,Shoes,Heels,Donald J Pliner
images\ut-zap50k\Shoes\Sneakers and Athletic Shoes\Nike Action\7588996.351168.jpg,7588996.351168.jpg,Shoes,Sneakers and Athletic Shoes,Nike Action
images\ut-zap50k\Shoes\Flats\Belle by Sigerson Morrison\7995796.5716.jpg,7995796.5716.jpg,Shoes,Flats,Belle by Sigerson Morrison
images\ut-zap50k\Boots\Mid-Calf\A Line\8028292.372441.jpg,8028292.372441.jpg,Boots,Mid-Calf,A Line
images\ut-zap50k\Shoes\Flats\Nina Kids\8016996.25948.jpg,8016996.25948.jpg,Shoes,Flats,Nina Kids
images\ut-zap50k\Shoes\Heels\Sofft\8013562.359290.jpg,8013562.359290.jpg,Shoes,Heels,Sofft
images\ut-zap50k\Sandals\Flat\Roxy Kids\8095026.329103.jpg,8095026.329103.jpg,Sandals,Flat,Roxy Kids
images\ut-zap50k\Boots\Ankle\Bouquets\8038093.6.jpg,8038093.6.jpg,Boots,Ankle,Bouquets
images\ut-zap50k\Shoes\Sneakers and Athletic Shoes\Salomon Kids\7768827.282452.jpg,7768827.282452.jpg,Shoes,Sneakers and Athletic Shoes,Salomon Kids
images\ut-zap50k\Shoes\Boat Shoes\Dockers\7162550.964.jpg,7162550.964.jpg,Shoes,Boat Shoes,Dockers
images\ut-zap50k\Shoes\Sneakers and Athletic Shoes\Emerica\7789710.16629.jpg,7789710.16629.jpg,Shoes,Sneakers and Athletic Shoes,Emerica
images\ut-zap50k\Slippers\Slipper Flats\Stride Rite\7993716.574.jpg,7993716.574.jpg,Slippers,Slipper Flats,Stride Rite
images\ut-zap50k\Boots\Mid-Calf\Enzo Angiolini\8036573.16464.jpg,8036573.16464.jpg,Boots,Mid-Calf,Enzo Angiolini
images\ut-zap50k\Shoes\Sneakers and Athletic Shoes\Drew\7370409.15.jpg,7370409.15.jpg,Shoes,Sneakers and Athletic Shoes,Drew
images\ut-zap50k\Slippers\Slipper Flats\Ragg Kids\7881095.18055.jpg,7881095.18055.jpg,Slippers,Slipper Flats,Ragg Kids
images\ut-zap50k\Shoes\Loafers\Donald J Pliner\126910.127172.jpg,126910.127172.jpg,Shoes,Loafers,Donald J Pliner
images\ut-zap50k\Shoes\Sneakers and Athletic Shoes\Zoot Sports\7987891.359849.jpg,7987891.359849.jpg,Shoes,Sneakers and Athletic Shoes,Zoot Sports
images\ut-zap50k\Shoes\Sneakers and Athletic Shoes\ASICS\7976172.355539.jpg,7976172.355539.jpg,Shoes,Sneakers and Athletic Shoes,ASICS
images\ut-zap50k\Shoes\Sneakers and Athletic Shoes\Dansko\8081316.947.jpg,8081316.947.jpg,Shoes,Sneakers and Athletic Shoes,Dansko
images\ut-zap50k\Shoes\Flats\ECCO\7889433.21134.jpg,7889433.21134.jpg,Shoes,Flats,ECCO
images\ut-zap50k\Shoes\Loafers\Sebago\8026150.1567.jpg,8026150.1567.jpg,Shoes,Loafers,Sebago
images\ut-zap50k\Boots\Mid-Calf\Tecnica\7997938.12910.jpg,7997938.12910.jpg,Boots,Mid-Calf,Tecnica
images\ut-zap50k\Boots\Ankle\Josef Seibel\8010543.365.jpg,8010543.365.jpg,Boots,Ankle,Josef Seibel
images\ut-zap50k\Sandals\Flat\ECCO Sport\7211311.129438.jpg,7211311.129438.jpg,Sandals,Flat,ECCO Sport
images\ut-zap50k\Boots\Ankle\Frye\7189582.20.jpg,7189582.20.jpg,Boots,Ankle,Frye
images\ut-zap50k\Shoes\Flats\Frye\7794340.332600.jpg,7794340.332600.jpg,Shoes,Flats,Frye
images\ut-zap50k\Boots\Knee High\Agatha Ruiz De La Prada Kids\8004120.7.jpg,8004120.7.jpg,Boots,Knee High,Agatha Ruiz De La Prada Kids
images\ut-zap50k\Sandals\Flat\Original Penguin\8080399.6.jpg,8080399.6.jpg,Sandals,Flat,Original Penguin
images\ut-zap50k\Boots\Mid-Calf\Polo Ralph Lauren Kids\8008250.365924.jpg,8008250.365924.jpg,Boots,Mid-Calf,Polo Ralph Lauren Kids
images\ut-zap50k\Shoes\Sneakers and Athletic Shoes\PUMA\7883212.323041.jpg,7883212.323041.jpg,Shoes,Sneakers and Athletic Shoes,PUMA
images\ut-zap50k\Shoes\Loafers\Naturalizer\8019344.72.jpg,8019344.72.jpg,Shoes,Loafers,Naturalizer
images\ut-zap50k\Shoes\Sneakers and Athletic Shoes\Hi-Tec\7899925.329553.jpg,7899925.329553.jpg,Shoes,Sneakers and Athletic Shoes,Hi-Tec
images\ut-zap50k\Shoes\Heels\Christin Michaels\8020286.3.jpg,8020286.3.jpg,Shoes,Heels,Christin Michaels
images\ut-zap50k\Sandals\Flat\Jack Rogers\7809679.14.jpg,7809679.14.jpg,Sandals,Flat,Jack Rogers
images\ut-zap50k\Shoes\Sneakers and Athletic Shoes\UGG\7843289.72.jpg,7843289.72.jpg,Shoes,Sneakers and Athletic Shoes,UGG
images\ut-zap50k\Shoes\Sneakers and Athletic Shoes\PUMA\7975929.260931.jpg,7975929.260931.jpg,Shoes,Sneakers and Athletic Shoes,PUMA
images\ut-zap50k\Sandals\Flat\OluKai\8084329.394231.jpg,8084329.394231.jpg,Sandals,Flat,OluKai
images\ut-zap50k\Shoes\Heels\Giuseppe Zanotti\8080633.392754.jpg,8080633.392754.jpg,Shoes,Heels,Giuseppe Zanotti
images\ut-zap50k\Shoes\Flats\Bouquets\8022854.20704.jpg,8022854.20704.jpg,Shoes,Flats,Bouquets
images\ut-zap50k\Boots\Mid-Calf\El Naturalista\8024619.6.jpg,8024619.6.jpg,Boots,Mid-Calf,El Naturalista
images\ut-zap50k\Boots\Mid-Calf\Type Z\8028608.6.jpg,8028608.6.jpg,Boots,Mid-Calf,Type Z
images\ut-zap50k\Boots\Ankle\Zigi\8030128.384655.jpg,8030128.384655.jpg,Boots,Ankle,Zigi
images\ut-zap50k\Boots\Ankle\Blowfish\8103920.338738.jpg,8103920.338738.jpg,Boots,Ankle,Blowfish
images\ut-zap50k\Boots\Knee High\Blondo\8016260.368363.jpg,8016260.368363.jpg,Boots,Knee High,Blondo
images\ut-zap50k\Shoes\Sneakers and Athletic Shoes\Diesel\8002227.14.jpg,8002227.14.jpg,Shoes,Sneakers and Athletic Shoes,Diesel
images\ut-zap50k\Shoes\Heels\Circa Joan & David\7599526.52904.jpg,7599526.52904.jpg,Shoes,Heels,Circa Joan & David
images\ut-zap50k\Boots\Ankle\El Naturalista\8024627.6.jpg,8024627.6.jpg,Boots,Ankle,El Naturalista
images\ut-zap50k\Shoes\Flats\Stuart Weitzman\7956161.106.jpg,7956161.106.jpg,Shoes,Flats,Stuart Weitzman
images\ut-zap50k\Boots\Ankle\Nine West\8077092.72.jpg,8077092.72.jpg,Boots,Ankle,Nine West
images\ut-zap50k\Shoes\Oxfords\Kid Express\7456890.329.jpg,7456890.329.jpg,Shoes,Oxfords,Kid Express
images\ut-zap50k\Shoes\Sneakers and Athletic Shoes\Converse Kids\8035834.102360.jpg,8035834.102360.jpg,Shoes,Sneakers and Athletic Shoes,Converse Kids
images\ut-zap50k\Shoes\Oxfords\Rockport\7996494.3.jpg,7996494.3.jpg,Shoes,Oxfords,Rockport
images\ut-zap50k\Shoes\Flats\SKECHERS\8041655.3.jpg,8041655.3.jpg,Shoes,Flats,SKECHERS
images\ut-zap50k\Shoes\Sneakers and Athletic Shoes\New Balance Kids\7801676.1489.jpg,7801676.1489.jpg,Shoes,Sneakers and Athletic Shoes,New Balance Kids
images\ut-zap50k\Shoes\Clogs and Mules\Clarks\7993094.72.jpg,7993094.72.jpg,Shoes,Clogs and Mules,Clarks
images\ut-zap50k\Boots\Mid-Calf\Nine West\8020683.2529.jpg,8020683.2529.jpg,Boots,Mid-Calf,Nine West
images\ut-zap50k\Boots\Mid-Calf\Martino\8071347.5319.jpg,8071347.5319.jpg,Boots,Mid-Calf,Martino
images\ut-zap50k\Shoes\Sneakers and Athletic Shoes\Converse\7155963.66263.jpg,7155963.66263.jpg,Shoes,Sneakers and Athletic Shoes,Converse
images\ut-zap50k\Boots\Knee High\Promiscuous\8046531.3.jpg,8046531.3.jpg,Boots,Knee High,Promiscuous
images\ut-zap50k\Boots\Ankle\Roxy\7983620.3542.jpg,7983620.3542.jpg,Boots,Ankle,Roxy
images\ut-zap50k\Boots\Knee High\Kenneth Cole Reaction\8055306.3.jpg,8055306.3.jpg,Boots,Knee High,Kenneth Cole Reaction
images\ut-zap50k\Boots\Ankle\Rockport\7996725.49766.jpg,7996725.49766.jpg,Boots,Ankle,Rockport
images\ut-zap50k\Shoes\Sneakers and Athletic Shoes\Saucony\7787895.2125.jpg,7787895.2125.jpg,Shoes,Sneakers and Athletic Shoes,Saucony
images\ut-zap50k\Shoes\Sneakers and Athletic Shoes\Nike\7454672.151.jpg,7454672.151.jpg,Shoes,Sneakers and Athletic Shoes,Nike
images\ut-zap50k\Slippers\Slipper Flats\Patricia Green\7499015.1892.jpg,7499015.1892.jpg,Slippers,Slipper Flats,Patricia Green
images\ut-zap50k\Boots\Ankle\Garvalin Kids\8008144.6.jpg,8008144.6.jpg,Boots,Ankle,Garvalin Kids
images\ut-zap50k\Shoes\Sneakers and Athletic Shoes\Nike Kids\7968886.370063.jpg,7968886.370063.jpg,Shoes,Sneakers and Athletic Shoes,Nike Kids
images\ut-zap50k\Boots\Ankle\Fratelli Rossetti\8007217.253990.jpg,8007217.253990.jpg,Boots,Ankle,Fratelli Rossetti
images\ut-zap50k\Slippers\Slipper Flats\O'Neill\7982737.537.jpg,7982737.537.jpg,Slippers,Slipper Flats,O'Neill
images\ut-zap50k\Shoes\Sneakers and Athletic Shoes\Reebok\7975406.147392.jpg,7975406.147392.jpg,Shoes,Sneakers and Athletic Shoes,Reebok
images\ut-zap50k\Sandals\Flat\Cordani\7540147.3.jpg,7540147.3.jpg,Sandals,Flat,Cordani
images\ut-zap50k\Shoes\Heels\Nina\8071026.1892.jpg,8071026.1892.jpg,Shoes,Heels,Nina
images\ut-zap50k\Sandals\Flat\Merrell\7505093.9.jpg,7505093.9.jpg,Sandals,Flat,Merrell
images\ut-zap50k\Sandals\Flat\Kenneth Cole Reaction Kids\7904598.3.jpg,7904598.3.jpg,Sandals,Flat,Kenneth Cole Reaction Kids
images\ut-zap50k\Boots\Ankle\Lucchese\7993919.362139.jpg,7993919.362139.jpg,Boots,Ankle,Lucchese
images\ut-zap50k\Shoes\Loafers\Cole Haan\7821968.254545.jpg,7821968.254545.jpg,Shoes,Loafers,Cole Haan
images\ut-zap50k\Shoes\Sneakers and Athletic Shoes\Reebok Kids\7979664.356994.jpg,7979664.356994.jpg,Shoes,Sneakers and Athletic Shoes,Reebok Kids
images\ut-zap50k\Shoes\Heels\Stuart Weitzman\8064381.198024.jpg,8064381.198024.jpg,Shoes,Heels,Stuart Weitzman
images\ut-zap50k\Shoes\Sneakers and Athletic Shoes\Nike\7964585.367146.jpg,7964585.367146.jpg,Shoes,Sneakers and Athletic Shoes,Nike
images\ut-zap50k\Boots\Ankle\Stuart Weitzman\8031506.10859.jpg,8031506.10859.jpg,Boots,Ankle,Stuart Weitzman
images\ut-zap50k\Shoes\Loafers\Giorgio Brutini\7177079.14295.jpg,7177079.14295.jpg,Shoes,Loafers,Giorgio Brutini
images\ut-zap50k\Boots\Ankle\Patagonia Kids\7788789.346242.jpg,7788789.346242.jpg,Boots,Ankle,Patagonia Kids
images\ut-zap50k\Shoes\Sneakers and Athletic Shoes\New Balance Kids\7980563.396.jpg,7980563.396.jpg,Shoes,Sneakers and Athletic Shoes,New Balance Kids
images\ut-zap50k\Shoes\Sneakers and Athletic Shoes\adidas Originals Kids\7723218.20310.jpg,7723218.20310.jpg,Shoes,Sneakers and Athletic Shoes,adidas Originals Kids
images\ut-zap50k\Shoes\Heels\Kate Spade New York\8009768.353004.jpg,8009768.353004.jpg,Shoes,Heels,Kate Spade New York
images\ut-zap50k\Shoes\Flats\Ragg Kids\8030602.585.jpg,8030602.585.jpg,Shoes,Flats,Ragg Kids
images\ut-zap50k\Shoes\Loafers\Kenneth Cole New York\7765855.3.jpg,7765855.3.jpg,Shoes,Loafers,Kenneth Cole New York
images\ut-zap50k\Sandals\Flat\Merrell\7879639.106052.jpg,7879639.106052.jpg,Sandals,Flat,Merrell
images\ut-zap50k\Shoes\Sneakers and Athletic Shoes\DC Kids\7651342.311928.jpg,7651342.311928.jpg,Shoes,Sneakers and Athletic Shoes,DC Kids
images\ut-zap50k\Shoes\Loafers\Dr. Martens\8004307.3.jpg,8004307.3.jpg,Shoes,Loafers,Dr. Martens
images\ut-zap50k\Boots\Ankle\Josef Seibel\7825638.3.jpg,7825638.3.jpg,Boots,Ankle,Josef Seibel
images\ut-zap50k\Boots\Mid-Calf\Bogs\7987377.607.jpg,7987377.607.jpg,Boots,Mid-Calf,Bogs
images\ut-zap50k\Boots\Mid-Calf\Stuart Weitzman\7237393.238567.jpg,7237393.238567.jpg,Boots,Mid-Calf,Stuart Weitzman
images\ut-zap50k\Shoes\Sneakers and Athletic Shoes\Five Ten\7751678.276150.jpg,7751678.276150.jpg,Shoes,Sneakers and Athletic Shoes,Five Ten
images\ut-zap50k\Sandals\Flat\Columbia\7887647.316.jpg,7887647.316.jpg,Sandals,Flat,Columbia
images\ut-zap50k\Shoes\Clogs and Mules\Crocs Kids\7915272.234309.jpg,7915272.234309.jpg,Shoes,Clogs and Mules,Crocs Kids
images\ut-zap50k\Sandals\Flat\Indigo by Clarks\7892495.82614.jpg,7892495.82614.jpg,Sandals,Flat,Indigo by Clarks
images\ut-zap50k\Shoes\Heels\Ros Hommerson\8035852.374946.jpg,8035852.374946.jpg,Shoes,Heels,Ros Hommerson
images\ut-zap50k\Shoes\Sneakers and Athletic Shoes\Converse\7174805.76561.jpg,7174805.76561.jpg,Shoes,Sneakers and Athletic Shoes,Converse
images\ut-zap50k\Sandals\Flat\Drew\7390566.72.jpg,7390566.72.jpg,Sandals,Flat,Drew
images\ut-zap50k\Sandals\Flat\Yellow Box\8038859.6.jpg,8038859.6.jpg,Sandals,Flat,Yellow Box
images\ut-zap50k\Shoes\Sneakers and Athletic Shoes\Reebok Kids\7979661.356987.jpg,7979661.356987.jpg,Shoes,Sneakers and Athletic Shoes,Reebok Kids
images\ut-zap50k\Shoes\Heels\Steve Madden\8130748.1141.jpg,8130748.1141.jpg,Shoes,Heels,Steve Madden
images\ut-zap50k\Shoes\Sneakers and Athletic Shoes\PUMA\8014907.368025.jpg,8014907.368025.jpg,Shoes,Sneakers and Athletic Shoes,PUMA
images\ut-zap50k\Shoes\Loafers\Born\7909311.358586.jpg,7909311.358586.jpg,Shoes,Loafers,Born
images\ut-zap50k\Shoes\Sneakers and Athletic Shoes\Merrell Kids\7972822.102702.jpg,7972822.102702.jpg,Shoes,Sneakers and Athletic Shoes,Merrell Kids
images\ut-zap50k\Boots\Mid-Calf\Baffin\7828949.401.jpg,7828949.401.jpg,Boots,Mid-Calf,Baffin
images\ut-zap50k\Boots\Ankle\adidas Originals\8027310.115329.jpg,8027310.115329.jpg,Boots,Ankle,adidas Originals
images\ut-zap50k\Boots\Ankle\Mephisto\7836719.307100.jpg,7836719.307100.jpg,Boots,Ankle,Mephisto
images\ut-zap50k\Shoes\Sneakers and Athletic Shoes\New Balance Classics\7763070.7606.jpg,7763070.7606.jpg,Shoes,Sneakers and Athletic Shoes,New Balance Classics
images\ut-zap50k\Shoes\Oxfords\Drew\7322897.2787.jpg,7322897.2787.jpg,Shoes,Oxfords,Drew
images\ut-zap50k\Boots\Ankle\Rockport\7996846.325.jpg,7996846.325.jpg,Boots,Ankle,Rockport
images\ut-zap50k\Sandals\Flat\Havaianas\7540535.334721.jpg,7540535.334721.jpg,Sandals,Flat,Havaianas
images\ut-zap50k\Shoes\Sneakers and Athletic Shoes\Avia\8069956.388141.jpg,8069956.388141.jpg,Shoes,Sneakers and Athletic Shoes,Avia
images\ut-zap50k\Slippers\Slipper Flats\Orthaheel\7784869.1517.jpg,7784869.1517.jpg,Slippers,Slipper Flats,Orthaheel
images\ut-zap50k\Shoes\Oxfords\Rockport\7996537.3561.jpg,7996537.3561.jpg,Shoes,Oxfords,Rockport
images\ut-zap50k\Shoes\Sneakers and Athletic Shoes\Blowfish\8103923.388307.jpg,8103923.388307.jpg,Shoes,Sneakers and Athletic Shoes,Blowfish
images\ut-zap50k\Shoes\Boat Shoes\Frye\7599417.616.jpg,7599417.616.jpg,Shoes,Boat Shoes,Frye
images\ut-zap50k\Shoes\Heels\Sergio Rossi\8025258.5291.jpg,8025258.5291.jpg,Shoes,Heels,Sergio Rossi
images\ut-zap50k\Shoes\Sneakers and Athletic Shoes\Propet\7168998.14.jpg,7168998.14.jpg,Shoes,Sneakers and Athletic Shoes,Propet
images\ut-zap50k\Shoes\Sneakers and Athletic Shoes\Saucony\8044480.287728.jpg,8044480.287728.jpg,Shoes,Sneakers and Athletic Shoes,Saucony
images\ut-zap50k\Shoes\Sneakers and Athletic Shoes\adidas Y-3 by Yohji Yamamoto\8026186.344078.jpg,8026186.344078.jpg,Shoes,Sneakers and Athletic Shoes,adidas Y-3 by Yohji Yamamoto
images\ut-zap50k\Sandals\Flat\SKECHERS\8061014.18.jpg,8061014.18.jpg,Sandals,Flat,SKECHERS
images\ut-zap50k\Boots\Ankle\Keen\7241235.262720.jpg,7241235.262720.jpg,Boots,Ankle,Keen
images\ut-zap50k\Boots\Knee High\GUESS\8060603.383520.jpg,8060603.383520.jpg,Boots,Knee High,GUESS
images\ut-zap50k\Shoes\Flats\Naturino\7589408.113300.jpg,7589408.113300.jpg,Shoes,Flats,Naturino
images\ut-zap50k\Shoes\Oxfords\Chinese Laundry\8029111.189.jpg,8029111.189.jpg,Shoes,Oxfords,Chinese Laundry
images\ut-zap50k\Shoes\Heels\Fitzwell\7939814.89.jpg,7939814.89.jpg,Shoes,Heels,Fitzwell
images\ut-zap50k\Shoes\Flats\Michael Antonio\8067782.585.jpg,8067782.585.jpg,Shoes,Flats,Michael Antonio
images\ut-zap50k\Boots\Ankle\Loeffler Randall\8005190.3.jpg,8005190.3.jpg,Boots,Ankle,Loeffler Randall
images\ut-zap50k\Shoes\Heels\Enzo Angiolini\7940688.68.jpg,7940688.68.jpg,Shoes,Heels,Enzo Angiolini
images\ut-zap50k\Shoes\Loafers\Juicy Couture\8008517.24683.jpg,8008517.24683.jpg,Shoes,Loafers,Juicy Couture
images\ut-zap50k\Shoes\Sneakers and Athletic Shoes\Frye\7880665.9.jpg,7880665.9.jpg,Shoes,Sneakers and Athletic Shoes,Frye
images\ut-zap50k\Boots\Mid-Calf\Ariat\7138208.3.jpg,7138208.3.jpg,Boots,Mid-Calf,Ariat
images\ut-zap50k\Shoes\Heels\Stuart Weitzman Bridal & Evening Collection\7976502.933.jpg,7976502.933.jpg,Shoes,Heels,Stuart Weitzman Bridal & Evening Collection
images\ut-zap50k\Shoes\Sneakers and Athletic Shoes\Nike\7413930.148598.jpg,7413930.148598.jpg,Shoes,Sneakers and Athletic Shoes,Nike
images\ut-zap50k\Sandals\Flat\Enzo Angiolini\7947572.72.jpg,7947572.72.jpg,Sandals,Flat,Enzo Angiolini
images\ut-zap50k\Boots\Knee High\Versace Collection\8010441.3.jpg,8010441.3.jpg,Boots,Knee High,Versace Collection
images\ut-zap50k\Shoes\Sneakers and Athletic Shoes\Circa Kids\7539178.395930.jpg,7539178.395930.jpg,Shoes,Sneakers and Athletic Shoes,Circa Kids
images\ut-zap50k\Shoes\Sneakers and Athletic Shoes\Saucony Kids\7992538.44763.jpg,7992538.44763.jpg,Shoes,Sneakers and Athletic Shoes,Saucony Kids
images\ut-zap50k\Shoes\Oxfords\BOSS Black\8090836.3.jpg,8090836.3.jpg,Shoes,Oxfords,BOSS Black
images\ut-zap50k\Sandals\Flat\Keen\7892880.262746.jpg,7892880.262746.jpg,Sandals,Flat,Keen
images\ut-zap50k\Shoes\Sneakers and Athletic Shoes\Blowfish\8069903.388098.jpg,8069903.388098.jpg,Shoes,Sneakers and Athletic Shoes,Blowfish
images\ut-zap50k\Shoes\Flats\FootMates\7697881.559.jpg,7697881.559.jpg,Shoes,Flats,FootMates
images\ut-zap50k\Shoes\Sneakers and Athletic Shoes\Easy Spirit\7208002.15.jpg,7208002.15.jpg,Shoes,Sneakers and Athletic Shoes,Easy Spirit
images\ut-zap50k\Shoes\Clogs and Mules\Papillio\8015387.368113.jpg,8015387.368113.jpg,Shoes,Clogs and Mules,Papillio
images\ut-zap50k\Shoes\Loafers\Robert Wayne\7971378.231.jpg,7971378.231.jpg,Shoes,Loafers,Robert Wayne
images\ut-zap50k\Shoes\Heels\Clarks\7552911.216.jpg,7552911.216.jpg,Shoes,Heels,Clarks
images\ut-zap50k\Shoes\Sneakers and Athletic Shoes\K-Swiss\7632972.268457.jpg,7632972.268457.jpg,Shoes,Sneakers and Athletic Shoes,K-Swiss
images\ut-zap50k\Sandals\Flat\Softspots\7517582.209380.jpg,7517582.209380.jpg,Sandals,Flat,Softspots
images\ut-zap50k\Shoes\Clogs and Mules\Dansko\7894483.3.jpg,7894483.3.jpg,Shoes,Clogs and Mules,Dansko
images\ut-zap50k\Slippers\Slipper Flats\Haflinger\7802004.9.jpg,7802004.9.jpg,Slippers,Slipper Flats,Haflinger
images\ut-zap50k\Shoes\Heels\Stuart Weitzman\7851055.238623.jpg,7851055.238623.jpg,Shoes,Heels,Stuart Weitzman
images\ut-zap50k\Shoes\Sneakers and Athletic Shoes\Tsukihoshi Kids\7349287.13080.jpg,7349287.13080.jpg,Shoes,Sneakers and Athletic Shoes,Tsukihoshi Kids
images\ut-zap50k\Shoes\Loafers\To Boot New York\8001398.364293.jpg,8001398.364293.jpg,Shoes,Loafers,To Boot New York
images\ut-zap50k\Sandals\Flat\VOLATILE\8139435.3.jpg,8139435.3.jpg,Sandals,Flat,VOLATILE
images\ut-zap50k\Shoes\Heels\Betsey Johnson for The Cool People\8101486.106.jpg,8101486.106.jpg,Shoes,Heels,Betsey Johnson for The Cool People
images\ut-zap50k\Boots\Ankle\RJ Colt\7842763.3.jpg,7842763.3.jpg,Boots,Ankle,RJ Colt
images\ut-zap50k\Boots\Mid-Calf\SKECHERS KIDS\8036414.375108.jpg,8036414.375108.jpg,Boots,Mid-Calf,SKECHERS KIDS
images\ut-zap50k\Shoes\Oxfords\Pazitos\8002749.3.jpg,8002749.3.jpg,Shoes,Oxfords,Pazitos
images\ut-zap50k\Shoes\Clogs and Mules\Naot Footwear\7448610.209950.jpg,7448610.209950.jpg,Shoes,Clogs and Mules,Naot Footwear
images\ut-zap50k\Shoes\Heels\Stuart Weitzman\7524814.2986.jpg,7524814.2986.jpg,Shoes,Heels,Stuart Weitzman
images\ut-zap50k\Boots\Mid-Calf\Frye\7720129.352763.jpg,7720129.352763.jpg,Boots,Mid-Calf,Frye
images\ut-zap50k\Sandals\Flat\Chinese Laundry\8091511.396628.jpg,8091511.396628.jpg,Sandals,Flat,Chinese Laundry
images\ut-zap50k\Shoes\Sneakers and Athletic Shoes\Superga\8079854.183092.jpg,8079854.183092.jpg,Shoes,Sneakers and Athletic Shoes,Superga
images\ut-zap50k\Boots\Ankle\Palladium Kids\7996918.3.jpg,7996918.3.jpg,Boots,Ankle,Palladium Kids
images\ut-zap50k\Sandals\Flat\Roxy Kids\8095103.2713.jpg,8095103.2713.jpg,Sandals,Flat,Roxy Kids
images\ut-zap50k\Boots\Ankle\UGG Kids\8125993.632.jpg,8125993.632.jpg,Boots,Ankle,UGG Kids
images\ut-zap50k\Shoes\Oxfords\Salvatore Ferragamo\7964030.5291.jpg,7964030.5291.jpg,Shoes,Oxfords,Salvatore Ferragamo
images\ut-zap50k\Shoes\Sneakers and Athletic Shoes\PUMA\7172014.183092.jpg,7172014.183092.jpg,Shoes,Sneakers and Athletic Shoes,PUMA
images\ut-zap50k\Slippers\Slipper Flats\Foamtreads\8012197.6.jpg,8012197.6.jpg,Slippers,Slipper Flats,Foamtreads
images\ut-zap50k\Shoes\Flats\Kid Express\7847352.329.jpg,7847352.329.jpg,Shoes,Flats,Kid Express
images\ut-zap50k\Shoes\Sneakers and Athletic Shoes\adidas Kids\7973006.353837.jpg,7973006.353837.jpg,Shoes,Sneakers and Athletic Shoes,adidas Kids
images\ut-zap50k\Sandals\Flat\Reef\7221225.323668.jpg,7221225.323668.jpg,Sandals,Flat,Reef
images\ut-zap50k\Shoes\Heels\Nina\8026638.3.jpg,8026638.3.jpg,Shoes,Heels,Nina
images\ut-zap50k\Boots\Mid-Calf\UGG\8110026.17498.jpg,8110026.17498.jpg,Boots,Mid-Calf,UGG
images\ut-zap50k\Boots\Ankle\Dr. Martens\118955.249564.jpg,118955.249564.jpg,Boots,Ankle,Dr. Martens
images\ut-zap50k\Slippers\Slipper Flats\Acorn\8021141.2246.jpg,8021141.2246.jpg,Slippers,Slipper Flats,Acorn
images\ut-zap50k\Boots\Ankle\UGG\8041907.35830.jpg,8041907.35830.jpg,Boots,Ankle,UGG
images\ut-zap50k\Shoes\Heels\Truth or Dare By Madonna\8122680.3.jpg,8122680.3.jpg,Shoes,Heels,Truth or Dare By Madonna
images\ut-zap50k\Boots\Ankle\Red Wing Heritage\7546198.191375.jpg,7546198.191375.jpg,Boots,Ankle,Red Wing Heritage
images\ut-zap50k\Shoes\Sneakers and Athletic Shoes\Mizuno\7706942.151.jpg,7706942.151.jpg,Shoes,Sneakers and Athletic Shoes,Mizuno
images\ut-zap50k\Shoes\Sneakers and Athletic Shoes\Vans\7213526.157137.jpg,7213526.157137.jpg,Shoes,Sneakers and Athletic Shoes,Vans
images\ut-zap50k\Sandals\Flat\Naot Footwear\7749820.275185.jpg,7749820.275185.jpg,Sandals,Flat,Naot Footwear
images\ut-zap50k\Shoes\Oxfords\Kenneth Cole Reaction\7994678.6.jpg,7994678.6.jpg,Shoes,Oxfords,Kenneth Cole Reaction
images\ut-zap50k\Sandals\Flat\Calvin Klein\8029385.372899.jpg,8029385.372899.jpg,Sandals,Flat,Calvin Klein
images\ut-zap50k\Shoes\Sneakers and Athletic Shoes\Crocs\7960356.31183.jpg,7960356.31183.jpg,Shoes,Sneakers and Athletic Shoes,Crocs
images\ut-zap50k\Shoes\Sneakers and Athletic Shoes\Onitsuka Tiger by Asics\7959838.54545.jpg,7959838.54545.jpg,Shoes,Sneakers and Athletic Shoes,Onitsuka Tiger by Asics
images\ut-zap50k\Boots\Ankle\Jeffery-West\8025610.354639.jpg,8025610.354639.jpg,Boots,Ankle,Jeffery-West
images\ut-zap50k\Shoes\Loafers\Pazitos\8002614.632.jpg,8002614.632.jpg,Shoes,Loafers,Pazitos
images\ut-zap50k\Shoes\Sneakers and Athletic Shoes\Lacoste\8014046.325.jpg,8014046.325.jpg,Shoes,Sneakers and Athletic Shoes,Lacoste
images\ut-zap50k\Shoes\Sneakers and Athletic Shoes\Avia\7898404.329101.jpg,7898404.329101.jpg,Shoes,Sneakers and Athletic Shoes,Avia
images\ut-zap50k\Shoes\Oxfords\Florsheim Kids\8043031.6.jpg,8043031.6.jpg,Shoes,Oxfords,Florsheim Kids
images\ut-zap50k\Sandals\Flat\La Plume\7930416.816.jpg,7930416.816.jpg,Sandals,Flat,La Plume
images\ut-zap50k\Shoes\Flats\LOVE Moschino\8010757.652.jpg,8010757.652.jpg,Shoes,Flats,LOVE Moschino
images\ut-zap50k\Boots\Ankle\Florsheim\7671556.72.jpg,7671556.72.jpg,Boots,Ankle,Florsheim
images\ut-zap50k\Shoes\Heels\Stuart Weitzman Bridal & Evening Collection\7576317.933.jpg,7576317.933.jpg,Shoes,Heels,Stuart Weitzman Bridal & Evening Collection
images\ut-zap50k\Shoes\Clogs and Mules\Finn Comfort\7257621.3.jpg,7257621.3.jpg,Shoes,Clogs and Mules,Finn Comfort
images\ut-zap50k\Boots\Ankle\Steve Madden\8030096.216.jpg,8030096.216.jpg,Boots,Ankle,Steve Madden
images\ut-zap50k\Shoes\Sneakers and Athletic Shoes\inov-8\7882286.6972.jpg,7882286.6972.jpg,Shoes,Sneakers and Athletic Shoes,inov-8
images\ut-zap50k\Boots\Mid-Calf\Clarks\7993540.691.jpg,7993540.691.jpg,Boots,Mid-Calf,Clarks
images\ut-zap50k\Shoes\Sneakers and Athletic Shoes\Lacoste Kids\7984921.132362.jpg,7984921.132362.jpg,Shoes,Sneakers and Athletic Shoes,Lacoste Kids
images\ut-zap50k\Sandals\Flat\Frye\7880670.19.jpg,7880670.19.jpg,Sandals,Flat,Frye
images\ut-zap50k\Shoes\Sneakers and Athletic Shoes\Nike Action Kids\7978001.370687.jpg,7978001.370687.jpg,Shoes,Sneakers and Athletic Shoes,Nike Action Kids
images\ut-zap50k\Boots\Mid-Calf\UGG Kids\7972781.2036.jpg,7972781.2036.jpg,Boots,Mid-Calf,UGG Kids
images\ut-zap50k\Shoes\Flats\Cole Haan Kids\8031081.559.jpg,8031081.559.jpg,Shoes,Flats,Cole Haan Kids
images\ut-zap50k\Shoes\Sneakers and Athletic Shoes\etnies Kids\7975794.52912.jpg,7975794.52912.jpg,Shoes,Sneakers and Athletic Shoes,etnies Kids
images\ut-zap50k\Boots\Over the Knee\Geox\8004711.3.jpg,8004711.3.jpg,Boots,Over the Knee,Geox
images\ut-zap50k\Shoes\Flats\SKECHERS KIDS\8036404.574.jpg,8036404.574.jpg,Shoes,Flats,SKECHERS KIDS
images\ut-zap50k\Boots\Knee High\Miz Mooz\8032140.396.jpg,8032140.396.jpg,Boots,Knee High,Miz Mooz
images\ut-zap50k\Shoes\Sneakers and Athletic Shoes\Nike\8018424.369175.jpg,8018424.369175.jpg,Shoes,Sneakers and Athletic Shoes,Nike
images\ut-zap50k\Shoes\Oxfords\Josef Seibel\7364530.122536.jpg,7364530.122536.jpg,Shoes,Oxfords,Josef Seibel
images\ut-zap50k\Shoes\Loafers\Tommy Bahama\7664173.216.jpg,7664173.216.jpg,Shoes,Loafers,Tommy Bahama
images\ut-zap50k\Shoes\Loafers\Costume National\8003984.5291.jpg,8003984.5291.jpg,Shoes,Loafers,Costume National
images\ut-zap50k\Shoes\Heels\Diane Von Furstenberg\7967691.63200.jpg,7967691.63200.jpg,Shoes,Heels,Diane Von Furstenberg
images\ut-zap50k\Boots\Ankle\Fitzwell\8030025.115447.jpg,8030025.115447.jpg,Boots,Ankle,Fitzwell
images\ut-zap50k\Boots\Ankle\Primigi Kids\8020396.6.jpg,8020396.6.jpg,Boots,Ankle,Primigi Kids
images\ut-zap50k\Shoes\Heels\Geox\8004640.165809.jpg,8004640.165809.jpg,Shoes,Heels,Geox
images\ut-zap50k\Shoes\Heels\Earthies\7894107.3.jpg,7894107.3.jpg,Shoes,Heels,Earthies
images\ut-zap50k\Shoes\Clogs and Mules\Birki's Kids\7690553.9.jpg,7690553.9.jpg,Shoes,Clogs and Mules,Birki's Kids
images\ut-zap50k\Shoes\Loafers\Kelsi Dagger\8111874.559.jpg,8111874.559.jpg,Shoes,Loafers,Kelsi Dagger
images\ut-zap50k\Shoes\Oxfords\Frye\7792818.248973.jpg,7792818.248973.jpg,Shoes,Oxfords,Frye
images\ut-zap50k\Shoes\Sneakers and Athletic Shoes\etnies Kids\7733313.14.jpg,7733313.14.jpg,Shoes,Sneakers and Athletic Shoes,etnies Kids
images\ut-zap50k\Shoes\Sneakers and Athletic Shoes\Twig Kids\8022183.6.jpg,8022183.6.jpg,Shoes,Sneakers and Athletic Shoes,Twig Kids
images\ut-zap50k\Shoes\Sneakers and Athletic Shoes\Nike Kids\7878947.356694.jpg,7878947.356694.jpg,Shoes,Sneakers and Athletic Shoes,Nike Kids
images\ut-zap50k\Boots\Mid-Calf\Dr. Martens\8004397.365181.jpg,8004397.365181.jpg,Boots,Mid-Calf,Dr. Martens
images\ut-zap50k\Shoes\Sneakers and Athletic Shoes\New Balance\7765281.3.jpg,7765281.3.jpg,Shoes,Sneakers and Athletic Shoes,New Balance
images\ut-zap50k\Shoes\Sneakers and Athletic Shoes\PUMA\7975945.2064.jpg,7975945.2064.jpg,Shoes,Sneakers and Athletic Shoes,PUMA
images\ut-zap50k\Shoes\Sneakers and Athletic Shoes\Mizuno\8069089.387742.jpg,8069089.387742.jpg,Shoes,Sneakers and Athletic Shoes,Mizuno
images\ut-zap50k\Shoes\Sneakers and Athletic Shoes\Reebok\7975524.355133.jpg,7975524.355133.jpg,Shoes,Sneakers and Athletic Shoes,Reebok
images\ut-zap50k\Shoes\Clogs and Mules\Alegria\7814544.42703.jpg,7814544.42703.jpg,Shoes,Clogs and Mules,Alegria
images\ut-zap50k\Shoes\Clogs and Mules\Sanita\7838359.213579.jpg,7838359.213579.jpg,Shoes,Clogs and Mules,Sanita
images\ut-zap50k\Shoes\Heels\Dansko\7809370.16583.jpg,7809370.16583.jpg,Shoes,Heels,Dansko
images\ut-zap50k\Shoes\Flats\Jessica Simpson\8064960.385506.jpg,8064960.385506.jpg,Shoes,Flats,Jessica Simpson
images\ut-zap50k\Shoes\Sneakers and Athletic Shoes\Nike\7756259.385982.jpg,7756259.385982.jpg,Shoes,Sneakers and Athletic Shoes,Nike
images\ut-zap50k\Sandals\Flat\OluKai\7743277.150930.jpg,7743277.150930.jpg,Sandals,Flat,OluKai
images\ut-zap50k\Shoes\Heels\Robert Clergerie\8005950.60.jpg,8005950.60.jpg,Shoes,Heels,Robert Clergerie
images\ut-zap50k\Shoes\Sneakers and Athletic Shoes\Vans\7742825.146535.jpg,7742825.146535.jpg,Shoes,Sneakers and Athletic Shoes,Vans
images\ut-zap50k\Shoes\Heels\Caparros\8090414.147958.jpg,8090414.147958.jpg,Shoes,Heels,Caparros
images\ut-zap50k\Shoes\Clogs and Mules\Merrell\8075747.3.jpg,8075747.3.jpg,Shoes,Clogs and Mules,Merrell
images\ut-zap50k\Shoes\Loafers\Fendi Kids\8040933.409.jpg,8040933.409.jpg,Shoes,Loafers,Fendi Kids
images\ut-zap50k\Shoes\Sneakers and Athletic Shoes\Nike\7679114.151.jpg,7679114.151.jpg,Shoes,Sneakers and Athletic Shoes,Nike
images\ut-zap50k\Shoes\Sneakers and Athletic Shoes\Keen\7977205.356097.jpg,7977205.356097.jpg,Shoes,Sneakers and Athletic Shoes,Keen
images\ut-zap50k\Shoes\Sneakers and Athletic Shoes\PUMA\8058563.382654.jpg,8058563.382654.jpg,Shoes,Sneakers and Athletic Shoes,PUMA
images\ut-zap50k\Boots\Ankle\Chippewa\8080968.20.jpg,8080968.20.jpg,Boots,Ankle,Chippewa
images\ut-zap50k\Shoes\Heels\Biviel\7867660.311067.jpg,7867660.311067.jpg,Shoes,Heels,Biviel
images\ut-zap50k\Boots\Ankle\Frye\7821565.301567.jpg,7821565.301567.jpg,Boots,Ankle,Frye
images\ut-zap50k\Boots\Ankle\Earthies\8018485.4854.jpg,8018485.4854.jpg,Boots,Ankle,Earthies
images\ut-zap50k\Boots\Mid-Calf\Keen Utility\7886466.2122.jpg,7886466.2122.jpg,Boots,Mid-Calf,Keen Utility
images\ut-zap50k\Shoes\Sneakers and Athletic Shoes\ASICS\7976560.355755.jpg,7976560.355755.jpg,Shoes,Sneakers and Athletic Shoes,ASICS
images\ut-zap50k\Shoes\Heels\Hush Puppies\8001504.13657.jpg,8001504.13657.jpg,Shoes,Heels,Hush Puppies
images\ut-zap50k\Shoes\Sneakers and Athletic Shoes\Polo Ralph Lauren\8072904.389869.jpg,8072904.389869.jpg,Shoes,Sneakers and Athletic Shoes,Polo Ralph Lauren
images\ut-zap50k\Shoes\Sneakers and Athletic Shoes\Keen Kids\7801378.294647.jpg,7801378.294647.jpg,Shoes,Sneakers and Athletic Shoes,Keen Kids
images\ut-zap50k\Boots\Ankle\Irish Setter\7874374.6.jpg,7874374.6.jpg,Boots,Ankle,Irish Setter
images\ut-zap50k\Shoes\Oxfords\Stuart Weitzman\7999147.356430.jpg,7999147.356430.jpg,Shoes,Oxfords,Stuart Weitzman
images\ut-zap50k\Shoes\Heels\Pour La Victoire\7990862.360965.jpg,7990862.360965.jpg,Shoes,Heels,Pour La Victoire
images\ut-zap50k\Shoes\Flats\Dirty Laundry\8106272.3.jpg,8106272.3.jpg,Shoes,Flats,Dirty Laundry
images\ut-zap50k\Sandals\Flat\Jumping Jacks Kids\7902938.150043.jpg,7902938.150043.jpg,Sandals,Flat,Jumping Jacks Kids
images\ut-zap50k\Shoes\Sneakers and Athletic Shoes\Brooks\8056834.382161.jpg,8056834.382161.jpg,Shoes,Sneakers and Athletic Shoes,Brooks
images\ut-zap50k\Boots\Ankle\Ariat\7601840.18.jpg,7601840.18.jpg,Boots,Ankle,Ariat
images\ut-zap50k\Shoes\Heels\Aquatalia by Marvin K\8006885.365664.jpg,8006885.365664.jpg,Shoes,Heels,Aquatalia by Marvin K
images\ut-zap50k\Shoes\Loafers\Cole Haan\7993443.7300.jpg,7993443.7300.jpg,Shoes,Loafers,Cole Haan
images\ut-zap50k\Shoes\Sneakers and Athletic Shoes\Sanuk\7909925.1904.jpg,7909925.1904.jpg,Shoes,Sneakers and Athletic Shoes,Sanuk
images\ut-zap50k\Shoes\Sneakers and Athletic Shoes\adidas Outdoor\7983410.358204.jpg,7983410.358204.jpg,Shoes,Sneakers and Athletic Shoes,adidas Outdoor
images\ut-zap50k\Shoes\Clogs and Mules\Birki's\7792828.1430.jpg,7792828.1430.jpg,Shoes,Clogs and Mules,Birki's
images\ut-zap50k\Sandals\Flat\Stuart Weitzman\7880809.217132.jpg,7880809.217132.jpg,Sandals,Flat,Stuart Weitzman
images\ut-zap50k\Boots\Ankle\Steve Madden\8075949.216.jpg,8075949.216.jpg,Boots,Ankle,Steve Madden
images\ut-zap50k\Sandals\Flat\Sanuk\7909907.15922.jpg,7909907.15922.jpg,Sandals,Flat,Sanuk
images\ut-zap50k\Shoes\Oxfords\Twig Kids\7924197.9.jpg,7924197.9.jpg,Shoes,Oxfords,Twig Kids
images\ut-zap50k\Shoes\Sneakers and Athletic Shoes\Lacoste\8073889.139.jpg,8073889.139.jpg,Shoes,Sneakers and Athletic Shoes,Lacoste
images\ut-zap50k\Shoes\Clogs and Mules\La Plume\7374605.3.jpg,7374605.3.jpg,Shoes,Clogs and Mules,La Plume
images\ut-zap50k\Shoes\Sneakers and Athletic Shoes\Nike Kids\8068506.387399.jpg,8068506.387399.jpg,Shoes,Sneakers and Athletic Shoes,Nike Kids
images\ut-zap50k\Shoes\Sneakers and Athletic Shoes\Nike\7831843.5716.jpg,7831843.5716.jpg,Shoes,Sneakers and Athletic Shoes,Nike
images\ut-zap50k\Slippers\Slipper Flats\Old Friend\7339380.3207.jpg,7339380.3207.jpg,Slippers,Slipper Flats,Old Friend
images\ut-zap50k\Shoes\Sneakers and Athletic Shoes\DC\7733284.2557.jpg,7733284.2557.jpg,Shoes,Sneakers and Athletic Shoes,DC
images\ut-zap50k\Shoes\Oxfords\Belle by Sigerson Morrison\8008045.365886.jpg,8008045.365886.jpg,Shoes,Oxfords,Belle by Sigerson Morrison
images\ut-zap50k\Shoes\Sneakers and Athletic Shoes\The North Face\7895926.285046.jpg,7895926.285046.jpg,Shoes,Sneakers and Athletic Shoes,The North Face
images\ut-zap50k\Shoes\Heels\Stuart Weitzman\8092789.89.jpg,8092789.89.jpg,Shoes,Heels,Stuart Weitzman
images\ut-zap50k\Boots\Ankle\Christin Michaels\8041010.27710.jpg,8041010.27710.jpg,Boots,Ankle,Christin Michaels
images\ut-zap50k\Boots\Mid-Calf\Think!\8007530.365784.jpg,8007530.365784.jpg,Boots,Mid-Calf,Think!
images\ut-zap50k\Boots\Knee High\Call it SPRING\8056715.60941.jpg,8056715.60941.jpg,Boots,Knee High,Call it SPRING
images\ut-zap50k\Shoes\Sneakers and Athletic Shoes\Hush Puppies\7441183.687.jpg,7441183.687.jpg,Shoes,Sneakers and Athletic Shoes,Hush Puppies
images\ut-zap50k\Boots\Mid-Calf\Dan Post\7534702.60195.jpg,7534702.60195.jpg,Boots,Mid-Calf,Dan Post
images\ut-zap50k\Boots\Mid-Calf\ECCO\7553765.240859.jpg,7553765.240859.jpg,Boots,Mid-Calf,ECCO
images\ut-zap50k\Shoes\Loafers\Cole Haan\7410590.397253.jpg,7410590.397253.jpg,Shoes,Loafers,Cole Haan
images\ut-zap50k\Shoes\Sneakers and Athletic Shoes\EVOLV\7706102.559.jpg,7706102.559.jpg,Shoes,Sneakers and Athletic Shoes,EVOLV
images\ut-zap50k\Shoes\Sneakers and Athletic Shoes\adidas by Stella McCartney\8003597.364896.jpg,8003597.364896.jpg,Shoes,Sneakers and Athletic Shoes,adidas by Stella McCartney
images\ut-zap50k\Shoes\Sneakers and Athletic Shoes\DC Kids\7898356.343989.jpg,7898356.343989.jpg,Shoes,Sneakers and Athletic Shoes,DC Kids
images\ut-zap50k\Shoes\Sneakers and Athletic Shoes\The North Face\7686148.199570.jpg,7686148.199570.jpg,Shoes,Sneakers and Athletic Shoes,The North Face
images\ut-zap50k\Boots\Knee High\Cole Haan\8000913.106.jpg,8000913.106.jpg,Boots,Knee High,Cole Haan
images\ut-zap50k\Shoes\Firstwalker\Jumping Jacks Kids\7901108.329941.jpg,7901108.329941.jpg,Shoes,Firstwalker,Jumping Jacks Kids
images\ut-zap50k\Shoes\Sneakers and Athletic Shoes\Nike\7971870.353450.jpg,7971870.353450.jpg,Shoes,Sneakers and Athletic Shoes,Nike
images\ut-zap50k\Shoes\Sneakers and Athletic Shoes\Keen Kids\8068202.387199.jpg,8068202.387199.jpg,Shoes,Sneakers and Athletic Shoes,Keen Kids
images\ut-zap50k\Shoes\Heels\Jessica Simpson\7858511.116403.jpg,7858511.116403.jpg,Shoes,Heels,Jessica Simpson
images\ut-zap50k\Shoes\Sneakers and Athletic Shoes\ASICS\8063937.3277.jpg,8063937.3277.jpg,Shoes,Sneakers and Athletic Shoes,ASICS
images\ut-zap50k\Shoes\Clogs and Mules\Klogs USA\7391647.3.jpg,7391647.3.jpg,Shoes,Clogs and Mules,Klogs USA
images\ut-zap50k\Shoes\Sneakers and Athletic Shoes\Camper Kids\7816719.6.jpg,7816719.6.jpg,Shoes,Sneakers and Athletic Shoes,Camper Kids
images\ut-zap50k\Shoes\Sneakers and Athletic Shoes\Reebok Lifestyle\7155838.373316.jpg,7155838.373316.jpg,Shoes,Sneakers and Athletic Shoes,Reebok Lifestyle
images\ut-zap50k\Boots\Mid-Calf\Baffin\7828949.18.jpg,7828949.18.jpg,Boots,Mid-Calf,Baffin
images\ut-zap50k\Shoes\Flats\See Kai Run Kids\7998536.418.jpg,7998536.418.jpg,Shoes,Flats,See Kai Run Kids
images\ut-zap50k\Boots\Ankle\Michael Antonio\8008577.3.jpg,8008577.3.jpg,Boots,Ankle,Michael Antonio
images\ut-zap50k\Shoes\Flats\Crocs Kids\7996678.363040.jpg,7996678.363040.jpg,Shoes,Flats,Crocs Kids
images\ut-zap50k\Sandals\Flat\Columbia\7887647.3.jpg,7887647.3.jpg,Sandals,Flat,Columbia
images\ut-zap50k\Shoes\Sneakers and Athletic Shoes\adidas Originals Kids\7805165.156277.jpg,7805165.156277.jpg,Shoes,Sneakers and Athletic Shoes,adidas Originals Kids
images\ut-zap50k\Boots\Ankle\BRUNO MAGLI\8009858.4854.jpg,8009858.4854.jpg,Boots,Ankle,BRUNO MAGLI
images\ut-zap50k\Shoes\Flats\Primigi Kids\8022903.3.jpg,8022903.3.jpg,Shoes,Flats,Primigi Kids
images\ut-zap50k\Shoes\Sneakers and Athletic Shoes\Salomon Kids\7980507.357327.jpg,7980507.357327.jpg,Shoes,Sneakers and Athletic Shoes,Salomon Kids
images\ut-zap50k\Shoes\Heels\Paris Hilton\8117295.89.jpg,8117295.89.jpg,Shoes,Heels,Paris Hilton
images\ut-zap50k\Shoes\Sneakers and Athletic Shoes\VOLATILE\8106277.3.jpg,8106277.3.jpg,Shoes,Sneakers and Athletic Shoes,VOLATILE
images\ut-zap50k\Shoes\Sneakers and Athletic Shoes\SKECHERS\8076043.59269.jpg,8076043.59269.jpg,Shoes,Sneakers and Athletic Shoes,SKECHERS
images\ut-zap50k\Shoes\Loafers\Merrell\7460193.43362.jpg,7460193.43362.jpg,Shoes,Loafers,Merrell
images\ut-zap50k\Shoes\Loafers\pediped\7672067.325.jpg,7672067.325.jpg,Shoes,Loafers,pediped
images\ut-zap50k\Shoes\Firstwalker\Stride Rite\7664094.14.jpg,7664094.14.jpg,Shoes,Firstwalker,Stride Rite
images\ut-zap50k\Shoes\Sneakers and Athletic Shoes\Polo Ralph Lauren Kids\7748606.365840.jpg,7748606.365840.jpg,Shoes,Sneakers and Athletic Shoes,Polo Ralph Lauren Kids
images\ut-zap50k\Shoes\Sneakers and Athletic Shoes\adidas Running\8073943.390068.jpg,8073943.390068.jpg,Shoes,Sneakers and Athletic Shoes,adidas Running
images\ut-zap50k\Boots\Mid-Calf\RJ Colt\7606526.196882.jpg,7606526.196882.jpg,Boots,Mid-Calf,RJ Colt
images\ut-zap50k\Boots\Mid-Calf\Primigi Kids\8024412.574.jpg,8024412.574.jpg,Boots,Mid-Calf,Primigi Kids
images\ut-zap50k\Shoes\Oxfords\Shoe Be Doo\7778197.216.jpg,7778197.216.jpg,Shoes,Oxfords,Shoe Be Doo
images\ut-zap50k\Boots\Knee High\Diba\8024015.4971.jpg,8024015.4971.jpg,Boots,Knee High,Diba
images\ut-zap50k\Sandals\Flat\Diba\7944341.535.jpg,7944341.535.jpg,Sandals,Flat,Diba
images\ut-zap50k\Shoes\Flats\KORS Michael Kors Kids\7985955.3.jpg,7985955.3.jpg,Shoes,Flats,KORS Michael Kors Kids
images\ut-zap50k\Sandals\Flat\Sbicca\7990448.19.jpg,7990448.19.jpg,Sandals,Flat,Sbicca
images\ut-zap50k\Shoes\Boat Shoes\Steve Madden\8063612.1847.jpg,8063612.1847.jpg,Shoes,Boat Shoes,Steve Madden
images\ut-zap50k\Shoes\Sneakers and Athletic Shoes\DC\7270764.238625.jpg,7270764.238625.jpg,Shoes,Sneakers and Athletic Shoes,DC
images\ut-zap50k\Shoes\Sneakers and Athletic Shoes\K2 Skates\7942076.155.jpg,7942076.155.jpg,Shoes,Sneakers and Athletic Shoes,K2 Skates
images\ut-zap50k\Shoes\Loafers\Paul Smith\8081673.393159.jpg,8081673.393159.jpg,Shoes,Loafers,Paul Smith
images\ut-zap50k\Shoes\Flats\Anne Klein\7870013.20704.jpg,7870013.20704.jpg,Shoes,Flats,Anne Klein
images\ut-zap50k\Boots\Knee High\BCBGeneration\8054549.3.jpg,8054549.3.jpg,Boots,Knee High,BCBGeneration
images\ut-zap50k\Sandals\Flat\Montrail\7213012.267670.jpg,7213012.267670.jpg,Sandals,Flat,Montrail
images\ut-zap50k\Shoes\Oxfords\To Boot New York\7434010.20.jpg,7434010.20.jpg,Shoes,Oxfords,To Boot New York
images\ut-zap50k\Boots\Mid-Calf\Timberland Kids\7987416.359631.jpg,7987416.359631.jpg,Boots,Mid-Calf,Timberland Kids
images\ut-zap50k\Sandals\Flat\Reef\7971519.1430.jpg,7971519.1430.jpg,Sandals,Flat,Reef
images\ut-zap50k\Slippers\Boot\Old Friend\7575257.3.jpg,7575257.3.jpg,Slippers,Boot,Old Friend
images\ut-zap50k\Shoes\Flats\Amiana\8028099.111029.jpg,8028099.111029.jpg,Shoes,Flats,Amiana
images\ut-zap50k\Shoes\Heels\Romantic Soles\7640369.552.jpg,7640369.552.jpg,Shoes,Heels,Romantic Soles
images\ut-zap50k\Shoes\Boat Shoes\Vans\7931234.268131.jpg,7931234.268131.jpg,Shoes,Boat Shoes,Vans
images\ut-zap50k\Sandals\Flat\Reef Kids\7774766.373931.jpg,7774766.373931.jpg,Sandals,Flat,Reef Kids
images\ut-zap50k\Sandals\Flat\Annie\7308872.12664.jpg,7308872.12664.jpg,Sandals,Flat,Annie
images\ut-zap50k\Shoes\Heels\Naot Footwear\7563156.207035.jpg,7563156.207035.jpg,Shoes,Heels,Naot Footwear
images\ut-zap50k\Sandals\Flat\Eric Michael\7930402.20.jpg,7930402.20.jpg,Sandals,Flat,Eric Michael
images\ut-zap50k\Shoes\Heels\Fitzwell\7828910.72.jpg,7828910.72.jpg,Shoes,Heels,Fitzwell
images\ut-zap50k\Shoes\Flats\Bloch\8005873.365511.jpg,8005873.365511.jpg,Shoes,Flats,Bloch
images\ut-zap50k\Shoes\Loafers\Jil Sander\8030745.3.jpg,8030745.3.jpg,Shoes,Loafers,Jil Sander
images\ut-zap50k\Shoes\Sneakers and Athletic Shoes\Saucony Kids\7992639.48982.jpg,7992639.48982.jpg,Shoes,Sneakers and Athletic Shoes,Saucony Kids
images\ut-zap50k\Shoes\Sneakers and Athletic Shoes\adidas Originals\7549521.372156.jpg,7549521.372156.jpg,Shoes,Sneakers and Athletic Shoes,adidas Originals
images\ut-zap50k\Shoes\Heels\ECCO\7950317.21134.jpg,7950317.21134.jpg,Shoes,Heels,ECCO
images\ut-zap50k\Boots\Mid-Calf\Hatley Kids\7420865.368060.jpg,7420865.368060.jpg,Boots,Mid-Calf,Hatley Kids
images\ut-zap50k\Shoes\Prewalker\See Kai Run Kids\7901235.728.jpg,7901235.728.jpg,Shoes,Prewalker,See Kai Run Kids
images\ut-zap50k\Shoes\Sneakers and Athletic Shoes\adidas Originals Kids\7723216.390305.jpg,7723216.390305.jpg,Shoes,Sneakers and Athletic Shoes,adidas Originals Kids
images\ut-zap50k\Shoes\Loafers\Primigi Kids\8021132.12999.jpg,8021132.12999.jpg,Shoes,Loafers,Primigi Kids
images\ut-zap50k\Shoes\Sneakers and Athletic Shoes\Creative Recreation\7616087.14.jpg,7616087.14.jpg,Shoes,Sneakers and Athletic Shoes,Creative Recreation
images\ut-zap50k\Shoes\Boat Shoes\Frye\7599417.332601.jpg,7599417.332601.jpg,Shoes,Boat Shoes,Frye
images\ut-zap50k\Sandals\Flat\Naot Footwear\7749209.275316.jpg,7749209.275316.jpg,Sandals,Flat,Naot Footwear
images\ut-zap50k\Shoes\Heels\Rieker\7563804.207412.jpg,7563804.207412.jpg,Shoes,Heels,Rieker
images\ut-zap50k\Boots\Mid-Calf\Dirty Laundry\7919290.7492.jpg,7919290.7492.jpg,Boots,Mid-Calf,Dirty Laundry
images\ut-zap50k\Shoes\Oxfords\Frye\7594659.20640.jpg,7594659.20640.jpg,Shoes,Oxfords,Frye
images\ut-zap50k\Shoes\Sneakers and Athletic Shoes\Puma Kids\7727331.349584.jpg,7727331.349584.jpg,Shoes,Sneakers and Athletic Shoes,Puma Kids
images\ut-zap50k\Shoes\Sneakers and Athletic Shoes\Merrell\7562638.6.jpg,7562638.6.jpg,Shoes,Sneakers and Athletic Shoes,Merrell
images\ut-zap50k\Shoes\Oxfords\Steve Madden\8030100.72.jpg,8030100.72.jpg,Shoes,Oxfords,Steve Madden
images\ut-zap50k\Boots\Knee High\Isola\8016851.367526.jpg,8016851.367526.jpg,Boots,Knee High,Isola
images\ut-zap50k\Shoes\Oxfords\Naot Footwear\7448710.131758.jpg,7448710.131758.jpg,Shoes,Oxfords,Naot Footwear
images\ut-zap50k\Shoes\Loafers\Fratelli\7337741.18.jpg,7337741.18.jpg,Shoes,Loafers,Fratelli
images\ut-zap50k\Sandals\Flat\Nine West\8113354.232571.jpg,8113354.232571.jpg,Sandals,Flat,Nine West
images\ut-zap50k\Boots\Ankle\Propet\8019685.2939.jpg,8019685.2939.jpg,Boots,Ankle,Propet
images\ut-zap50k\Shoes\Sneakers and Athletic Shoes\Converse\7894946.18.jpg,7894946.18.jpg,Shoes,Sneakers and Athletic Shoes,Converse
images\ut-zap50k\Shoes\Prewalker\Stride Rite\8089408.20370.jpg,8089408.20370.jpg,Shoes,Prewalker,Stride Rite
images\ut-zap50k\Shoes\Heels\Pelle Moda\8069883.388067.jpg,8069883.388067.jpg,Shoes,Heels,Pelle Moda
images\ut-zap50k\Shoes\Sneakers and Athletic Shoes\Sanuk\7909742.20.jpg,7909742.20.jpg,Shoes,Sneakers and Athletic Shoes,Sanuk
images\ut-zap50k\Shoes\Sneakers and Athletic Shoes\Saucony\7881308.155.jpg,7881308.155.jpg,Shoes,Sneakers and Athletic Shoes,Saucony
images\ut-zap50k\Shoes\Oxfords\Johnston & Murphy\7996813.274421.jpg,7996813.274421.jpg,Shoes,Oxfords,Johnston & Murphy
images\ut-zap50k\Boots\Mid-Calf\Frye\7880820.648.jpg,7880820.648.jpg,Boots,Mid-Calf,Frye
images\ut-zap50k\Shoes\Heels\Earthies\7820871.632.jpg,7820871.632.jpg,Shoes,Heels,Earthies
images\ut-zap50k\Boots\Ankle\Red Wing Heritage\7546200.5630.jpg,7546200.5630.jpg,Boots,Ankle,Red Wing Heritage
images\ut-zap50k\Boots\Ankle\ECCO\7950345.2930.jpg,7950345.2930.jpg,Boots,Ankle,ECCO
images\ut-zap50k\Shoes\Heels\Rockport\7996778.3.jpg,7996778.3.jpg,Shoes,Heels,Rockport
images\ut-zap50k\Boots\Mid-Calf\Frye\7697134.14330.jpg,7697134.14330.jpg,Boots,Mid-Calf,Frye
images\ut-zap50k\Shoes\Sneakers and Athletic Shoes\adidas Originals\8027224.372125.jpg,8027224.372125.jpg,Shoes,Sneakers and Athletic Shoes,adidas Originals
images\ut-zap50k\Boots\Ankle\Frye\7677160.289966.jpg,7677160.289966.jpg,Boots,Ankle,Frye
images\ut-zap50k\Boots\Ankle\FitFlop\7997069.9044.jpg,7997069.9044.jpg,Boots,Ankle,FitFlop
images\ut-zap50k\Shoes\Heels\Nine West\8111315.220354.jpg,8111315.220354.jpg,Shoes,Heels,Nine West
images\ut-zap50k\Boots\Over the Knee\Calvin Klein Collection\8005712.365488.jpg,8005712.365488.jpg,Boots,Over the Knee,Calvin Klein Collection
images\ut-zap50k\Sandals\Flat\VOLATILE\7956692.385.jpg,7956692.385.jpg,Sandals,Flat,VOLATILE
images\ut-zap50k\Shoes\Sneakers and Athletic Shoes\Onitsuka Tiger by Asics\7542405.133451.jpg,7542405.133451.jpg,Shoes,Sneakers and Athletic Shoes,Onitsuka Tiger by Asics
images\ut-zap50k\Sandals\Flat\Vivienne Westwood\8031750.3.jpg,8031750.3.jpg,Sandals,Flat,Vivienne Westwood
images\ut-zap50k\Sandals\Flat\Caparros\7733631.935.jpg,7733631.935.jpg,Sandals,Flat,Caparros
images\ut-zap50k\Sandals\Flat\Reef\7606677.139.jpg,7606677.139.jpg,Sandals,Flat,Reef
images\ut-zap50k\Shoes\Heels\Chinese Laundry\8029045.605.jpg,8029045.605.jpg,Shoes,Heels,Chinese Laundry
images\ut-zap50k\Shoes\Sneakers and Athletic Shoes\Saucony\7787536.322030.jpg,7787536.322030.jpg,Shoes,Sneakers and Athletic Shoes,Saucony
images\ut-zap50k\Sandals\Flat\Born\8070849.16143.jpg,8070849.16143.jpg,Sandals,Flat,Born
images\ut-zap50k\Shoes\Sneakers and Athletic Shoes\ASICS\7728154.267135.jpg,7728154.267135.jpg,Shoes,Sneakers and Athletic Shoes,ASICS
images\ut-zap50k\Shoes\Sneakers and Athletic Shoes\Keen\7976860.355934.jpg,7976860.355934.jpg,Shoes,Sneakers and Athletic Shoes,Keen
images\ut-zap50k\Shoes\Oxfords\Frye\7416583.353336.jpg,7416583.353336.jpg,Shoes,Oxfords,Frye
images\ut-zap50k\Boots\Mid-Calf\Kamik Kids\7310437.559.jpg,7310437.559.jpg,Boots,Mid-Calf,Kamik Kids
images\ut-zap50k\Shoes\Prewalker\Robeez\7998603.69057.jpg,7998603.69057.jpg,Shoes,Prewalker,Robeez
images\ut-zap50k\Shoes\Sneakers and Athletic Shoes\adidas\7651656.353871.jpg,7651656.353871.jpg,Shoes,Sneakers and Athletic Shoes,adidas
images\ut-zap50k\Shoes\Boat Shoes\Sperry Top-Sider\7871313.33699.jpg,7871313.33699.jpg,Shoes,Boat Shoes,Sperry Top-Sider
images\ut-zap50k\Boots\Mid-Calf\Old West Kids Boots\8016748.368679.jpg,8016748.368679.jpg,Boots,Mid-Calf,Old West Kids Boots
images\ut-zap50k\Shoes\Sneakers and Athletic Shoes\Tsukihoshi Kids\7762705.30126.jpg,7762705.30126.jpg,Shoes,Sneakers and Athletic Shoes,Tsukihoshi Kids
images\ut-zap50k\Shoes\Sneakers and Athletic Shoes\Nike\8013538.367465.jpg,8013538.367465.jpg,Shoes,Sneakers and Athletic Shoes,Nike
images\ut-zap50k\Shoes\Heels\Mephisto\7836333.6929.jpg,7836333.6929.jpg,Shoes,Heels,Mephisto
images\ut-zap50k\Boots\Ankle\Khombu\8003577.3.jpg,8003577.3.jpg,Boots,Ankle,Khombu
images\ut-zap50k\Shoes\Sneakers and Athletic Shoes\Saucony\7969450.3454.jpg,7969450.3454.jpg,Shoes,Sneakers and Athletic Shoes,Saucony
images\ut-zap50k\Shoes\Heels\Frye\7970241.290422.jpg,7970241.290422.jpg,Shoes,Heels,Frye
images\ut-zap50k\Shoes\Sneakers and Athletic Shoes\Creative Recreation Kids\8036507.159595.jpg,8036507.159595.jpg,Shoes,Sneakers and Athletic Shoes,Creative Recreation Kids
images\ut-zap50k\Shoes\Sneakers and Athletic Shoes\adidas Golf\7729885.5078.jpg,7729885.5078.jpg,Shoes,Sneakers and Athletic Shoes,adidas Golf
images\ut-zap50k\Shoes\Sneakers and Athletic Shoes\Polo Ralph Lauren\7751190.389919.jpg,7751190.389919.jpg,Shoes,Sneakers and Athletic Shoes,Polo Ralph Lauren
images\ut-zap50k\Boots\Mid-Calf\EMU Australia\7683064.18.jpg,7683064.18.jpg,Boots,Mid-Calf,EMU Australia
images\ut-zap50k\Boots\Ankle\Frye\7821565.301558.jpg,7821565.301558.jpg,Boots,Ankle,Frye
images\ut-zap50k\Shoes\Sneakers and Athletic Shoes\Onitsuka Tiger by Asics\7165606.110009.jpg,7165606.110009.jpg,Shoes,Sneakers and Athletic Shoes,Onitsuka Tiger by Asics
images\ut-zap50k\Shoes\Sneakers and Athletic Shoes\New Balance\7888483.10623.jpg,7888483.10623.jpg,Shoes,Sneakers and Athletic Shoes,New Balance
images\ut-zap50k\Sandals\Flat\Munro American\7928789.247855.jpg,7928789.247855.jpg,Sandals,Flat,Munro American
images\ut-zap50k\Shoes\Heels\Shoe Be Doo\8031527.554.jpg,8031527.554.jpg,Shoes,Heels,Shoe Be Doo
images\ut-zap50k\Shoes\Sneakers and Athletic Shoes\Emerica\7171764.15577.jpg,7171764.15577.jpg,Shoes,Sneakers and Athletic Shoes,Emerica
images\ut-zap50k\Shoes\Heels\Stuart Weitzman Bridal & Evening Collection\8117549.186384.jpg,8117549.186384.jpg,Shoes,Heels,Stuart Weitzman Bridal & Evening Collection
images\ut-zap50k\Boots\Ankle\Frye\7821541.301590.jpg,7821541.301590.jpg,Boots,Ankle,Frye
images\ut-zap50k\Shoes\Flats\Designer's Touch Kids\7160413.561.jpg,7160413.561.jpg,Shoes,Flats,Designer's Touch Kids
images\ut-zap50k\Boots\Mid-Calf\Easy Spirit\8042550.53401.jpg,8042550.53401.jpg,Boots,Mid-Calf,Easy Spirit
images\ut-zap50k\Shoes\Sneakers and Athletic Shoes\Merrell\7813505.3543.jpg,7813505.3543.jpg,Shoes,Sneakers and Athletic Shoes,Merrell
images\ut-zap50k\Shoes\Heels\KORS Michael Kors\7971443.4289.jpg,7971443.4289.jpg,Shoes,Heels,KORS Michael Kors
images\ut-zap50k\Shoes\Heels\Franco Sarto\7955925.372604.jpg,7955925.372604.jpg,Shoes,Heels,Franco Sarto
images\ut-zap50k\Shoes\Sneakers and Athletic Shoes\Nike Kids\7925062.356559.jpg,7925062.356559.jpg,Shoes,Sneakers and Athletic Shoes,Nike Kids
images\ut-zap50k\Shoes\Flats\Stride Rite\7897286.363929.jpg,7897286.363929.jpg,Shoes,Flats,Stride Rite
images\ut-zap50k\Boots\Mid-Calf\Walking Cradles\8035505.374894.jpg,8035505.374894.jpg,Boots,Mid-Calf,Walking Cradles
images\ut-zap50k\Sandals\Flat\Bella-Vita\7393864.72.jpg,7393864.72.jpg,Sandals,Flat,Bella-Vita
images\ut-zap50k\Boots\Knee High\Fergie\7995843.6.jpg,7995843.6.jpg,Boots,Knee High,Fergie
images\ut-zap50k\Shoes\Heels\DV by Dolce Vita\8122797.184651.jpg,8122797.184651.jpg,Shoes,Heels,DV by Dolce Vita
images\ut-zap50k\Shoes\Sneakers and Athletic Shoes\Sanuk\7992997.275.jpg,7992997.275.jpg,Shoes,Sneakers and Athletic Shoes,Sanuk
images\ut-zap50k\Sandals\Flat\Vidorreta\7919387.334795.jpg,7919387.334795.jpg,Sandals,Flat,Vidorreta
images\ut-zap50k\Boots\Ankle\Dr. Martens\118955.728.jpg,118955.728.jpg,Boots,Ankle,Dr. Martens
images\ut-zap50k\Boots\Mid-Calf\Old West Kids Boots\7837818.3.jpg,7837818.3.jpg,Boots,Mid-Calf,Old West Kids Boots
images\ut-zap50k\Shoes\Heels\Rachel Roy\8066120.2006.jpg,8066120.2006.jpg,Shoes,Heels,Rachel Roy
images\ut-zap50k\Shoes\Oxfords\Bostonian\100627.255.jpg,100627.255.jpg,Shoes,Oxfords,Bostonian
images\ut-zap50k\Boots\Knee High\Pikolinos\7700613.368808.jpg,7700613.368808.jpg,Boots,Knee High,Pikolinos
images\ut-zap50k\Boots\Mid-Calf\Frye\101191.65553.jpg,101191.65553.jpg,Boots,Mid-Calf,Frye
images\ut-zap50k\Shoes\Sneakers and Athletic Shoes\Saucony\7707719.139.jpg,7707719.139.jpg,Shoes,Sneakers and Athletic Shoes,Saucony
images\ut-zap50k\Shoes\Heels\Vaneli\7975594.3397.jpg,7975594.3397.jpg,Shoes,Heels,Vaneli
images\ut-zap50k\Shoes\Heels\Calvin Klein\7759111.143474.jpg,7759111.143474.jpg,Shoes,Heels,Calvin Klein
images\ut-zap50k\Boots\Ankle\Pikolinos\8017096.3.jpg,8017096.3.jpg,Boots,Ankle,Pikolinos
images\ut-zap50k\Boots\Ankle\Cole Haan\7993438.3.jpg,7993438.3.jpg,Boots,Ankle,Cole Haan
images\ut-zap50k\Shoes\Loafers\Wolky\7849331.330591.jpg,7849331.330591.jpg,Shoes,Loafers,Wolky
images\ut-zap50k\Shoes\Sneakers and Athletic Shoes\Saucony\7969732.7626.jpg,7969732.7626.jpg,Shoes,Sneakers and Athletic Shoes,Saucony
images\ut-zap50k\Boots\Ankle\Nine West\8023414.106.jpg,8023414.106.jpg,Boots,Ankle,Nine West
images\ut-zap50k\Slippers\Slipper Flats\Acorn Kids\7310464.4774.jpg,7310464.4774.jpg,Slippers,Slipper Flats,Acorn Kids
images\ut-zap50k\Boots\Ankle\Frye\7341113.289847.jpg,7341113.289847.jpg,Boots,Ankle,Frye
images\ut-zap50k\Boots\Mid-Calf\Ariat\8007943.359.jpg,8007943.359.jpg,Boots,Mid-Calf,Ariat
images\ut-zap50k\Shoes\Flats\Calvin Klein\8029517.106.jpg,8029517.106.jpg,Shoes,Flats,Calvin Klein
images\ut-zap50k\Sandals\Athletic\Nike\7525639.191707.jpg,7525639.191707.jpg,Sandals,Athletic,Nike
images\ut-zap50k\Shoes\Sneakers and Athletic Shoes\Shimano\7727834.3.jpg,7727834.3.jpg,Shoes,Sneakers and Athletic Shoes,Shimano
images\ut-zap50k\Shoes\Heels\Earthies\8018508.3.jpg,8018508.3.jpg,Shoes,Heels,Earthies
images\ut-zap50k\Boots\Mid-Calf\Naturino\7810029.43.jpg,7810029.43.jpg,Boots,Mid-Calf,Naturino
images\ut-zap50k\Shoes\Oxfords\Allen-Edmonds\8037426.306117.jpg,8037426.306117.jpg,Shoes,Oxfords,Allen-Edmonds
images\ut-zap50k\Boots\Mid-Calf\Western Chief Kids\8019100.3.jpg,8019100.3.jpg,Boots,Mid-Calf,Western Chief Kids
images\ut-zap50k\Sandals\Flat\Worishofer\7979153.3.jpg,7979153.3.jpg,Sandals,Flat,Worishofer
images\ut-zap50k\Shoes\Sneakers and Athletic Shoes\Mizuno\7706944.911.jpg,7706944.911.jpg,Shoes,Sneakers and Athletic Shoes,Mizuno
images\ut-zap50k\Sandals\Flat\Columbia\7888191.3.jpg,7888191.3.jpg,Sandals,Flat,Columbia
images\ut-zap50k\Shoes\Sneakers and Athletic Shoes\Oakley\8018359.3.jpg,8018359.3.jpg,Shoes,Sneakers and Athletic Shoes,Oakley
images\ut-zap50k\Shoes\Heels\Jambu\7993454.89729.jpg,7993454.89729.jpg,Shoes,Heels,Jambu
images\ut-zap50k\Boots\Ankle\Sofft\8013594.3.jpg,8013594.3.jpg,Boots,Ankle,Sofft
images\ut-zap50k\Shoes\Sneakers and Athletic Shoes\Frye\7594567.289871.jpg,7594567.289871.jpg,Shoes,Sneakers and Athletic Shoes,Frye
images\ut-zap50k\Shoes\Heels\Nina\8071029.1505.jpg,8071029.1505.jpg,Shoes,Heels,Nina
images\ut-zap50k\Shoes\Heels\Elizabeth and James\7920020.95.jpg,7920020.95.jpg,Shoes,Heels,Elizabeth and James
images\ut-zap50k\Shoes\Sneakers and Athletic Shoes\Reebok Kids\8123850.378762.jpg,8123850.378762.jpg,Shoes,Sneakers and Athletic Shoes,Reebok Kids
images\ut-zap50k\Boots\Mid-Calf\UGG Collection\7990545.69042.jpg,7990545.69042.jpg,Boots,Mid-Calf,UGG Collection
images\ut-zap50k\Shoes\Sneakers and Athletic Shoes\Keds Kids\7237367.15.jpg,7237367.15.jpg,Shoes,Sneakers and Athletic Shoes,Keds Kids
images\ut-zap50k\Boots\Ankle\GoLite\7977650.35867.jpg,7977650.35867.jpg,Boots,Ankle,GoLite
images\ut-zap50k\Boots\Knee High\Steven\7386618.72.jpg,7386618.72.jpg,Boots,Knee High,Steven
images\ut-zap50k\Shoes\Heels\Kenneth Cole Reaction\7925432.89.jpg,7925432.89.jpg,Shoes,Heels,Kenneth Cole Reaction
images\ut-zap50k\Shoes\Firstwalker\Stride Rite\7999869.363917.jpg,7999869.363917.jpg,Shoes,Firstwalker,Stride Rite
images\ut-zap50k\Slippers\Slipper Flats\O'Neill\8016543.385.jpg,8016543.385.jpg,Slippers,Slipper Flats,O'Neill
images\ut-zap50k\Shoes\Sneakers and Athletic Shoes\Vans Kids\7382127.389243.jpg,7382127.389243.jpg,Shoes,Sneakers and Athletic Shoes,Vans Kids
images\ut-zap50k\Boots\Ankle\Donna Karan\7963225.3925.jpg,7963225.3925.jpg,Boots,Ankle,Donna Karan
images\ut-zap50k\Shoes\Sneakers and Athletic Shoes\Dunham\7827835.72.jpg,7827835.72.jpg,Shoes,Sneakers and Athletic Shoes,Dunham
images\ut-zap50k\Shoes\Heels\Nine West\8076586.114464.jpg,8076586.114464.jpg,Shoes,Heels,Nine West
images\ut-zap50k\Shoes\Loafers\Call it SPRING\8064783.973.jpg,8064783.973.jpg,Shoes,Loafers,Call it SPRING
images\ut-zap50k\Shoes\Sneakers and Athletic Shoes\New Balance\7355892.401.jpg,7355892.401.jpg,Shoes,Sneakers and Athletic Shoes,New Balance
images\ut-zap50k\Boots\Ankle\Lowa\7506397.34443.jpg,7506397.34443.jpg,Boots,Ankle,Lowa
images\ut-zap50k\Slippers\Slipper Flats\Acorn\8021065.5630.jpg,8021065.5630.jpg,Slippers,Slipper Flats,Acorn
images\ut-zap50k\Shoes\Sneakers and Athletic Shoes\Brooks\7864635.408991.jpg,7864635.408991.jpg,Shoes,Sneakers and Athletic Shoes,Brooks
images\ut-zap50k\Shoes\Flats\Aster Kids\8017447.308680.jpg,8017447.308680.jpg,Shoes,Flats,Aster Kids
images\ut-zap50k\Shoes\Flats\Stuart Weitzman for The Cool People\7977341.2821.jpg,7977341.2821.jpg,Shoes,Flats,Stuart Weitzman for The Cool People
images\ut-zap50k\Boots\Ankle\Patagonia\7571273.105359.jpg,7571273.105359.jpg,Boots,Ankle,Patagonia
images\ut-zap50k\Shoes\Flats\Naturino\7987244.2494.jpg,7987244.2494.jpg,Shoes,Flats,Naturino
images\ut-zap50k\Shoes\Flats\Marc by Marc Jacobs\7973962.354313.jpg,7973962.354313.jpg,Shoes,Flats,Marc by Marc Jacobs
images\ut-zap50k\Sandals\Flat\Chaco\7934615.340941.jpg,7934615.340941.jpg,Sandals,Flat,Chaco
images\ut-zap50k\Shoes\Heels\Versace Collection\8010440.3.jpg,8010440.3.jpg,Shoes,Heels,Versace Collection
images\ut-zap50k\Shoes\Heels\Nine West\8076903.492.jpg,8076903.492.jpg,Shoes,Heels,Nine West
images\ut-zap50k\Sandals\Flat\Roxy\8089885.3.jpg,8089885.3.jpg,Sandals,Flat,Roxy
images\ut-zap50k\Shoes\Heels\Trotters\7820032.362131.jpg,7820032.362131.jpg,Shoes,Heels,Trotters
images\ut-zap50k\Shoes\Sneakers and Athletic Shoes\Merrell\7879557.1162.jpg,7879557.1162.jpg,Shoes,Sneakers and Athletic Shoes,Merrell
images\ut-zap50k\Shoes\Boat Shoes\Tretorn\7890008.34214.jpg,7890008.34214.jpg,Shoes,Boat Shoes,Tretorn
images\ut-zap50k\Boots\Mid-Calf\Bottega Veneta\8000906.13879.jpg,8000906.13879.jpg,Boots,Mid-Calf,Bottega Veneta
images\ut-zap50k\Boots\Knee High\Frye\7594577.377081.jpg,7594577.377081.jpg,Boots,Knee High,Frye
images\ut-zap50k\Boots\Ankle\UGG\7843238.309555.jpg,7843238.309555.jpg,Boots,Ankle,UGG
images\ut-zap50k\Boots\Ankle\Clarks\7821312.115447.jpg,7821312.115447.jpg,Boots,Ankle,Clarks
images\ut-zap50k\Shoes\Oxfords\Cole Haan\7897770.3.jpg,7897770.3.jpg,Shoes,Oxfords,Cole Haan
images\ut-zap50k\Shoes\Clogs and Mules\Baffin\7674144.6.jpg,7674144.6.jpg,Shoes,Clogs and Mules,Baffin
images\ut-zap50k\Shoes\Sneakers and Athletic Shoes\etnies\7694510.273222.jpg,7694510.273222.jpg,Shoes,Sneakers and Athletic Shoes,etnies
images\ut-zap50k\Shoes\Sneakers and Athletic Shoes\adidas Running\7976959.356012.jpg,7976959.356012.jpg,Shoes,Sneakers and Athletic Shoes,adidas Running
images\ut-zap50k\Shoes\Heels\ALDO\8049022.585.jpg,8049022.585.jpg,Shoes,Heels,ALDO
images\ut-zap50k\Shoes\Sneakers and Athletic Shoes\adidas\7846498.3132.jpg,7846498.3132.jpg,Shoes,Sneakers and Athletic Shoes,adidas
images\ut-zap50k\Shoes\Heels\ECCO\7814790.89.jpg,7814790.89.jpg,Shoes,Heels,ECCO
images\ut-zap50k\Shoes\Loafers\Crocs\7928889.3.jpg,7928889.3.jpg,Shoes,Loafers,Crocs
images\ut-zap50k\Shoes\Sneakers and Athletic Shoes\Mizuno\7896501.513.jpg,7896501.513.jpg,Shoes,Sneakers and Athletic Shoes,Mizuno
images\ut-zap50k\Shoes\Heels\Michael Antonio\8131314.19.jpg,8131314.19.jpg,Shoes,Heels,Michael Antonio
images\ut-zap50k\Shoes\Sneakers and Athletic Shoes\Romika\7826900.3.jpg,7826900.3.jpg,Shoes,Sneakers and Athletic Shoes,Romika
images\ut-zap50k\Shoes\Heels\Trotters\7881117.11.jpg,7881117.11.jpg,Shoes,Heels,Trotters
images\ut-zap50k\Shoes\Sneakers and Athletic Shoes\Puma Kids\7980490.357314.jpg,7980490.357314.jpg,Shoes,Sneakers and Athletic Shoes,Puma Kids
images\ut-zap50k\Boots\Ankle\Palladium Kids\7981981.46130.jpg,7981981.46130.jpg,Boots,Ankle,Palladium Kids
images\ut-zap50k\Shoes\Sneakers and Athletic Shoes\EVOLV\7706108.12085.jpg,7706108.12085.jpg,Shoes,Sneakers and Athletic Shoes,EVOLV
images\ut-zap50k\Sandals\Flat\Salt Water Sandal by Hoy Shoes\7128122.12085.jpg,7128122.12085.jpg,Sandals,Flat,Salt Water Sandal by Hoy Shoes
images\ut-zap50k\Shoes\Heels\LAUREN Ralph Lauren\8055138.9477.jpg,8055138.9477.jpg,Shoes,Heels,LAUREN Ralph Lauren
images\ut-zap50k\Boots\Mid-Calf\Frye Kids\7599265.3.jpg,7599265.3.jpg,Boots,Mid-Calf,Frye Kids
images\ut-zap50k\Boots\Mid-Calf\Old Gringo\8057625.280231.jpg,8057625.280231.jpg,Boots,Mid-Calf,Old Gringo
images\ut-zap50k\Sandals\Flat\adidas Kids\7729460.390479.jpg,7729460.390479.jpg,Sandals,Flat,adidas Kids
images\ut-zap50k\Boots\Ankle\Frye\7821541.301588.jpg,7821541.301588.jpg,Boots,Ankle,Frye
images\ut-zap50k\Shoes\Sneakers and Athletic Shoes\adidas Outdoor\7983407.358200.jpg,7983407.358200.jpg,Shoes,Sneakers and Athletic Shoes,adidas Outdoor
images\ut-zap50k\Shoes\Flats\Salvatore Ferragamo\7688370.382904.jpg,7688370.382904.jpg,Shoes,Flats,Salvatore Ferragamo
images\ut-zap50k\Boots\Knee High\Frye\7970641.289969.jpg,7970641.289969.jpg,Boots,Knee High,Frye
images\ut-zap50k\Shoes\Sneakers and Athletic Shoes\Reebok\8030915.373609.jpg,8030915.373609.jpg,Shoes,Sneakers and Athletic Shoes,Reebok
images\ut-zap50k\Boots\Mid-Calf\Lucchese\7997889.363350.jpg,7997889.363350.jpg,Boots,Mid-Calf,Lucchese
images\ut-zap50k\Shoes\Flats\SKECHERS\7764250.552.jpg,7764250.552.jpg,Shoes,Flats,SKECHERS
images\ut-zap50k\Shoes\Sneakers and Athletic Shoes\PUMA\8014589.367888.jpg,8014589.367888.jpg,Shoes,Sneakers and Athletic Shoes,PUMA
images\ut-zap50k\Shoes\Sneakers and Athletic Shoes\Cobian\8114449.3.jpg,8114449.3.jpg,Shoes,Sneakers and Athletic Shoes,Cobian
images\ut-zap50k\Shoes\Sneakers and Athletic Shoes\Merrell\7879537.102702.jpg,7879537.102702.jpg,Shoes,Sneakers and Athletic Shoes,Merrell
images\ut-zap50k\Shoes\Heels\Jambu\7993449.402977.jpg,7993449.402977.jpg,Shoes,Heels,Jambu
images\ut-zap50k\Shoes\Sneakers and Athletic Shoes\Vans\7226408.81439.jpg,7226408.81439.jpg,Shoes,Sneakers and Athletic Shoes,Vans
images\ut-zap50k\Shoes\Sneakers and Athletic Shoes\SKECHERS KIDS\8053113.315411.jpg,8053113.315411.jpg,Shoes,Sneakers and Athletic Shoes,SKECHERS KIDS
images\ut-zap50k\Shoes\Flats\Kenneth Cole Reaction\8055312.429.jpg,8055312.429.jpg,Shoes,Flats,Kenneth Cole Reaction
images\ut-zap50k\Sandals\Flat\Sperry Top-Sider\7907548.380275.jpg,7907548.380275.jpg,Sandals,Flat,Sperry Top-Sider
images\ut-zap50k\Boots\Ankle\Magnum\7451748.3.jpg,7451748.3.jpg,Boots,Ankle,Magnum
images\ut-zap50k\Boots\Ankle\Nine West Kids\7997912.275.jpg,7997912.275.jpg,Boots,Ankle,Nine West Kids
images\ut-zap50k\Sandals\Flat\Propet\7251457.552.jpg,7251457.552.jpg,Sandals,Flat,Propet
images\ut-zap50k\Shoes\Loafers\Fitzwell\7334222.60.jpg,7334222.60.jpg,Shoes,Loafers,Fitzwell
images\ut-zap50k\Boots\Knee High\Lucky Brand\8048193.3.jpg,8048193.3.jpg,Boots,Knee High,Lucky Brand
images\ut-zap50k\Shoes\Loafers\Rachel Roy\8066106.14.jpg,8066106.14.jpg,Shoes,Loafers,Rachel Roy
images\ut-zap50k\Shoes\Heels\Anne Klein\8002150.1748.jpg,8002150.1748.jpg,Shoes,Heels,Anne Klein
images\ut-zap50k\Shoes\Oxfords\Keen\7804816.20370.jpg,7804816.20370.jpg,Shoes,Oxfords,Keen
images\ut-zap50k\Shoes\Sneakers and Athletic Shoes\Lacoste Kids\7985238.2907.jpg,7985238.2907.jpg,Shoes,Sneakers and Athletic Shoes,Lacoste Kids
images\ut-zap50k\Shoes\Sneakers and Athletic Shoes\Call it SPRING\8051923.401.jpg,8051923.401.jpg,Shoes,Sneakers and Athletic Shoes,Call it SPRING
images\ut-zap50k\Shoes\Flats\Circa Joan & David\8131778.409264.jpg,8131778.409264.jpg,Shoes,Flats,Circa Joan & David
images\ut-zap50k\Boots\Mid-Calf\Ariat\7342741.206792.jpg,7342741.206792.jpg,Boots,Mid-Calf,Ariat
images\ut-zap50k\Sandals\Flat\Sanuk\7746010.6.jpg,7746010.6.jpg,Sandals,Flat,Sanuk
images\ut-zap50k\Sandals\Flat\Bouquets\7942094.12398.jpg,7942094.12398.jpg,Sandals,Flat,Bouquets
images\ut-zap50k\Shoes\Sneakers and Athletic Shoes\PUMA\7884218.383301.jpg,7884218.383301.jpg,Shoes,Sneakers and Athletic Shoes,PUMA
images\ut-zap50k\Shoes\Sneakers and Athletic Shoes\Columbia\7957017.295622.jpg,7957017.295622.jpg,Shoes,Sneakers and Athletic Shoes,Columbia
images\ut-zap50k\Shoes\Heels\rsvp\7895031.385.jpg,7895031.385.jpg,Shoes,Heels,rsvp
images\ut-zap50k\Slippers\Slipper Flats\Daniel Green\8029136.346.jpg,8029136.346.jpg,Slippers,Slipper Flats,Daniel Green
images\ut-zap50k\Shoes\Flats\PUMA\7883416.47974.jpg,7883416.47974.jpg,Shoes,Flats,PUMA
images\ut-zap50k\Shoes\Sneakers and Athletic Shoes\K-Swiss Kids\7980945.357529.jpg,7980945.357529.jpg,Shoes,Sneakers and Athletic Shoes,K-Swiss Kids
images\ut-zap50k\Shoes\Loafers\Woolrich\7855607.3.jpg,7855607.3.jpg,Shoes,Loafers,Woolrich
images\ut-zap50k\Boots\Knee High\Miz Mooz\8031656.396.jpg,8031656.396.jpg,Boots,Knee High,Miz Mooz
images\ut-zap50k\Boots\Mid-Calf\Sorel Kids\7963152.349706.jpg,7963152.349706.jpg,Boots,Mid-Calf,Sorel Kids
images\ut-zap50k\Boots\Mid-Calf\Kamik\7443522.29996.jpg,7443522.29996.jpg,Boots,Mid-Calf,Kamik
images\ut-zap50k\Sandals\Heel\Finn Comfort\101093.316189.jpg,101093.316189.jpg,Sandals,Heel,Finn Comfort
images\ut-zap50k\Shoes\Sneakers and Athletic Shoes\Tommy Hilfiger\8122113.20.jpg,8122113.20.jpg,Shoes,Sneakers and Athletic Shoes,Tommy Hilfiger
images\ut-zap50k\Shoes\Sneakers and Athletic Shoes\Lakai\7863200.56331.jpg,7863200.56331.jpg,Shoes,Sneakers and Athletic Shoes,Lakai
images\ut-zap50k\Shoes\Sneakers and Athletic Shoes\adidas Originals\7289976.151.jpg,7289976.151.jpg,Shoes,Sneakers and Athletic Shoes,adidas Originals
images\ut-zap50k\Shoes\Sneakers and Athletic Shoes\Ryka\7819452.300813.jpg,7819452.300813.jpg,Shoes,Sneakers and Athletic Shoes,Ryka
images\ut-zap50k\Boots\Mid-Calf\Vaneli\7975602.82.jpg,7975602.82.jpg,Boots,Mid-Calf,Vaneli
images\ut-zap50k\Shoes\Loafers\Tommy Hilfiger\8092688.6266.jpg,8092688.6266.jpg,Shoes,Loafers,Tommy Hilfiger
images\ut-zap50k\Shoes\Sneakers and Athletic Shoes\Gravis\7811072.3.jpg,7811072.3.jpg,Shoes,Sneakers and Athletic Shoes,Gravis
images\ut-zap50k\Shoes\Sneakers and Athletic Shoes\New Balance Classics\7893256.5743.jpg,7893256.5743.jpg,Shoes,Sneakers and Athletic Shoes,New Balance Classics
images\ut-zap50k\Shoes\Heels\Capezio\7135704.3.jpg,7135704.3.jpg,Shoes,Heels,Capezio
images\ut-zap50k\Shoes\Flats\Earthies\8018546.632.jpg,8018546.632.jpg,Shoes,Flats,Earthies
images\ut-zap50k\Shoes\Boat Shoes\Crocs\7895472.39823.jpg,7895472.39823.jpg,Shoes,Boat Shoes,Crocs
images\ut-zap50k\Sandals\Flat\Birkenstock\7616338.364616.jpg,7616338.364616.jpg,Sandals,Flat,Birkenstock
images\ut-zap50k\Boots\Knee High\Madden Girl\8060922.38764.jpg,8060922.38764.jpg,Boots,Knee High,Madden Girl
images\ut-zap50k\Shoes\Sneakers and Athletic Shoes\Keen Kids\7801286.387233.jpg,7801286.387233.jpg,Shoes,Sneakers and Athletic Shoes,Keen Kids
images\ut-zap50k\Boots\Knee High\ara\7879040.320651.jpg,7879040.320651.jpg,Boots,Knee High,ara
images\ut-zap50k\Sandals\Flat\Reef Kids\7404344.6.jpg,7404344.6.jpg,Sandals,Flat,Reef Kids
images\ut-zap50k\Shoes\Flats\Big Buddha\8045758.3564.jpg,8045758.3564.jpg,Shoes,Flats,Big Buddha
images\ut-zap50k\Shoes\Sneakers and Athletic Shoes\SKECHERS\7991345.22421.jpg,7991345.22421.jpg,Shoes,Sneakers and Athletic Shoes,SKECHERS
images\ut-zap50k\Shoes\Heels\Stuart Weitzman\8031506.106.jpg,8031506.106.jpg,Shoes,Heels,Stuart Weitzman
images\ut-zap50k\Shoes\Heels\Ziera\7996542.3.jpg,7996542.3.jpg,Shoes,Heels,Ziera
images\ut-zap50k\Shoes\Heels\Stuart Weitzman\7976586.355730.jpg,7976586.355730.jpg,Shoes,Heels,Stuart Weitzman
images\ut-zap50k\Shoes\Sneakers and Athletic Shoes\SKECHERS\8053587.574.jpg,8053587.574.jpg,Shoes,Sneakers and Athletic Shoes,SKECHERS
images\ut-zap50k\Shoes\Sneakers and Athletic Shoes\Betsey Johnson\8058363.19570.jpg,8058363.19570.jpg,Shoes,Sneakers and Athletic Shoes,Betsey Johnson
images\ut-zap50k\Shoes\Loafers\Dunham\8021858.3.jpg,8021858.3.jpg,Shoes,Loafers,Dunham
images\ut-zap50k\Shoes\Clogs and Mules\Papillio\8015369.368097.jpg,8015369.368097.jpg,Shoes,Clogs and Mules,Papillio
images\ut-zap50k\Shoes\Loafers\DV by Dolce Vita\8016766.40606.jpg,8016766.40606.jpg,Shoes,Loafers,DV by Dolce Vita
images\ut-zap50k\Shoes\Oxfords\Cole Haan\7993703.325.jpg,7993703.325.jpg,Shoes,Oxfords,Cole Haan
images\ut-zap50k\Shoes\Loafers\Geox\8004498.3.jpg,8004498.3.jpg,Shoes,Loafers,Geox
images\ut-zap50k\Sandals\Flat\Volcom\7889244.436.jpg,7889244.436.jpg,Sandals,Flat,Volcom
images\ut-zap50k\Shoes\Sneakers and Athletic Shoes\DC\7698032.149055.jpg,7698032.149055.jpg,Shoes,Sneakers and Athletic Shoes,DC
images\ut-zap50k\Shoes\Sneakers and Athletic Shoes\PUMA\7724487.5716.jpg,7724487.5716.jpg,Shoes,Sneakers and Athletic Shoes,PUMA
images\ut-zap50k\Boots\Ankle\The North Face Kids\7793111.290553.jpg,7793111.290553.jpg,Boots,Ankle,The North Face Kids
images\ut-zap50k\Boots\Ankle\DV by Dolce Vita\8047177.11.jpg,8047177.11.jpg,Boots,Ankle,DV by Dolce Vita
images\ut-zap50k\Boots\Knee High\Romantic Soles\8034529.374582.jpg,8034529.374582.jpg,Boots,Knee High,Romantic Soles
images\ut-zap50k\Shoes\Sneakers and Athletic Shoes\Lakai\7465227.594.jpg,7465227.594.jpg,Shoes,Sneakers and Athletic Shoes,Lakai
images\ut-zap50k\Boots\Knee High\Sam Edelman\8039706.3.jpg,8039706.3.jpg,Boots,Knee High,Sam Edelman
images\ut-zap50k\Shoes\Heels\Munro American\8030719.373534.jpg,8030719.373534.jpg,Shoes,Heels,Munro American
images\ut-zap50k\Sandals\Flat\Reef\7221217.2501.jpg,7221217.2501.jpg,Sandals,Flat,Reef
images\ut-zap50k\Shoes\Flats\Madden Girl\8060929.89.jpg,8060929.89.jpg,Shoes,Flats,Madden Girl
images\ut-zap50k\Boots\Ankle\Tsubo\7983478.3.jpg,7983478.3.jpg,Boots,Ankle,Tsubo
images\ut-zap50k\Boots\Mid-Calf\Frye\7248362.109710.jpg,7248362.109710.jpg,Boots,Mid-Calf,Frye
images\ut-zap50k\Shoes\Oxfords\Dr. Martens\7348547.374056.jpg,7348547.374056.jpg,Shoes,Oxfords,Dr. Martens
images\ut-zap50k\Sandals\Flat\SOLE\7956085.7606.jpg,7956085.7606.jpg,Sandals,Flat,SOLE
images\ut-zap50k\Shoes\Flats\Betsey Johnson\8114154.10159.jpg,8114154.10159.jpg,Shoes,Flats,Betsey Johnson
images\ut-zap50k\Shoes\Flats\Naot Footwear\7671116.247238.jpg,7671116.247238.jpg,Shoes,Flats,Naot Footwear
images\ut-zap50k\Sandals\Flat\OluKai\7508744.273297.jpg,7508744.273297.jpg,Sandals,Flat,OluKai
images\ut-zap50k\Boots\Ankle\Clarks\7553055.115447.jpg,7553055.115447.jpg,Boots,Ankle,Clarks
images\ut-zap50k\Shoes\Boat Shoes\Sperry Kids\7495496.4697.jpg,7495496.4697.jpg,Shoes,Boat Shoes,Sperry Kids
images\ut-zap50k\Shoes\Oxfords\Irish Setter\7458186.6.jpg,7458186.6.jpg,Shoes,Oxfords,Irish Setter
images\ut-zap50k\Shoes\Boat Shoes\Sperry Top-Sider\7212450.380192.jpg,7212450.380192.jpg,Shoes,Boat Shoes,Sperry Top-Sider
images\ut-zap50k\Shoes\Heels\Aquatalia by Marvin K\8006886.16822.jpg,8006886.16822.jpg,Shoes,Heels,Aquatalia by Marvin K
images\ut-zap50k\Shoes\Sneakers and Athletic Shoes\Geox Kids\8016137.3098.jpg,8016137.3098.jpg,Shoes,Sneakers and Athletic Shoes,Geox Kids
images\ut-zap50k\Shoes\Flats\Crocs\7986563.27063.jpg,7986563.27063.jpg,Shoes,Flats,Crocs
images\ut-zap50k\Boots\Ankle\Keen\7418193.355917.jpg,7418193.355917.jpg,Boots,Ankle,Keen
images\ut-zap50k\Shoes\Sneakers and Athletic Shoes\adidas Running\8073977.390167.jpg,8073977.390167.jpg,Shoes,Sneakers and Athletic Shoes,adidas Running
images\ut-zap50k\Sandals\Flat\Enzo Angiolini\8037127.3.jpg,8037127.3.jpg,Sandals,Flat,Enzo Angiolini
images\ut-zap50k\Boots\Mid-Calf\ara\7457769.324584.jpg,7457769.324584.jpg,Boots,Mid-Calf,ara
images\ut-zap50k\Sandals\Flat\Kenneth Cole Reaction Kids\7896290.30544.jpg,7896290.30544.jpg,Sandals,Flat,Kenneth Cole Reaction Kids
images\ut-zap50k\Boots\Mid-Calf\Arcopedico\7583073.55298.jpg,7583073.55298.jpg,Boots,Mid-Calf,Arcopedico
images\ut-zap50k\Boots\Ankle\Armani Jeans\8092279.1871.jpg,8092279.1871.jpg,Boots,Ankle,Armani Jeans
images\ut-zap50k\Boots\Mid-Calf\Roper\8042001.20.jpg,8042001.20.jpg,Boots,Mid-Calf,Roper
images\ut-zap50k\Shoes\Sneakers and Athletic Shoes\Pikolinos\8072134.287001.jpg,8072134.287001.jpg,Shoes,Sneakers and Athletic Shoes,Pikolinos
images\ut-zap50k\Shoes\Sneakers and Athletic Shoes\Nike\7716996.277104.jpg,7716996.277104.jpg,Shoes,Sneakers and Athletic Shoes,Nike
images\ut-zap50k\Boots\Ankle\Type Z\8023889.370434.jpg,8023889.370434.jpg,Boots,Ankle,Type Z
images\ut-zap50k\Shoes\Clogs and Mules\Alegria\7814541.367580.jpg,7814541.367580.jpg,Shoes,Clogs and Mules,Alegria
images\ut-zap50k\Shoes\Sneakers and Athletic Shoes\Salvatore Ferragamo\8057049.382223.jpg,8057049.382223.jpg,Shoes,Sneakers and Athletic Shoes,Salvatore Ferragamo
images\ut-zap50k\Shoes\Sneakers and Athletic Shoes\Reebok Kids\7979827.357059.jpg,7979827.357059.jpg,Shoes,Sneakers and Athletic Shoes,Reebok Kids
images\ut-zap50k\Shoes\Sneakers and Athletic Shoes\Vans Kids\8071387.388958.jpg,8071387.388958.jpg,Shoes,Sneakers and Athletic Shoes,Vans Kids
images\ut-zap50k\Shoes\Sneakers and Athletic Shoes\Stride Rite\126019.15.jpg,126019.15.jpg,Shoes,Sneakers and Athletic Shoes,Stride Rite
images\ut-zap50k\Shoes\Sneakers and Athletic Shoes\Nike\7963990.238407.jpg,7963990.238407.jpg,Shoes,Sneakers and Athletic Shoes,Nike
images\ut-zap50k\Shoes\Sneakers and Athletic Shoes\ASICS\8063922.259527.jpg,8063922.259527.jpg,Shoes,Sneakers and Athletic Shoes,ASICS
images\ut-zap50k\Shoes\Flats\Paris Hilton\8055627.89.jpg,8055627.89.jpg,Shoes,Flats,Paris Hilton
images\ut-zap50k\Shoes\Sneakers and Athletic Shoes\Garmont\7916487.585.jpg,7916487.585.jpg,Shoes,Sneakers and Athletic Shoes,Garmont
images\ut-zap50k\Shoes\Flats\Softspots\8013630.367554.jpg,8013630.367554.jpg,Shoes,Flats,Softspots
images\ut-zap50k\Shoes\Sneakers and Athletic Shoes\Tsukihoshi Kids\7919901.2078.jpg,7919901.2078.jpg,Shoes,Sneakers and Athletic Shoes,Tsukihoshi Kids
images\ut-zap50k\Shoes\Sneakers and Athletic Shoes\Polo Ralph Lauren\7950947.115083.jpg,7950947.115083.jpg,Shoes,Sneakers and Athletic Shoes,Polo Ralph Lauren
images\ut-zap50k\Boots\Mid-Calf\Gabriella Rocha\8021432.6006.jpg,8021432.6006.jpg,Boots,Mid-Calf,Gabriella Rocha
images\ut-zap50k\Shoes\Loafers\Clarks\7992917.3653.jpg,7992917.3653.jpg,Shoes,Loafers,Clarks
images\ut-zap50k\Shoes\Heels\Enzo Angiolini\7693192.1728.jpg,7693192.1728.jpg,Shoes,Heels,Enzo Angiolini
images\ut-zap50k\Boots\Ankle\Napa Flex\8025427.6.jpg,8025427.6.jpg,Boots,Ankle,Napa Flex
images\ut-zap50k\Shoes\Sneakers and Athletic Shoes\Diesel\8133778.14.jpg,8133778.14.jpg,Shoes,Sneakers and Athletic Shoes,Diesel
images\ut-zap50k\Shoes\Sneakers and Athletic Shoes\K-Swiss\7973201.354008.jpg,7973201.354008.jpg,Shoes,Sneakers and Athletic Shoes,K-Swiss
images\ut-zap50k\Shoes\Flats\Bloch\8005818.23517.jpg,8005818.23517.jpg,Shoes,Flats,Bloch
images\ut-zap50k\Sandals\Flat\Stuart Weitzman Bridal & Evening Collection\7744450.99.jpg,7744450.99.jpg,Sandals,Flat,Stuart Weitzman Bridal & Evening Collection
images\ut-zap50k\Shoes\Flats\DV by Dolce Vita\8122734.4917.jpg,8122734.4917.jpg,Shoes,Flats,DV by Dolce Vita
images\ut-zap50k\Sandals\Flat\Sesto Meucci\7904642.361443.jpg,7904642.361443.jpg,Sandals,Flat,Sesto Meucci
images\ut-zap50k\Shoes\Heels\Geox\7921437.652.jpg,7921437.652.jpg,Shoes,Heels,Geox
images\ut-zap50k\Shoes\Loafers\Minnetonka\101430.352.jpg,101430.352.jpg,Shoes,Loafers,Minnetonka
images\ut-zap50k\Sandals\Flat\La Plume\7930392.181562.jpg,7930392.181562.jpg,Sandals,Flat,La Plume
images\ut-zap50k\Shoes\Clogs and Mules\Easy Spirit\8042524.123125.jpg,8042524.123125.jpg,Shoes,Clogs and Mules,Easy Spirit
images\ut-zap50k\Slippers\Slipper Flats\Orthaheel\7784869.310009.jpg,7784869.310009.jpg,Slippers,Slipper Flats,Orthaheel
images\ut-zap50k\Boots\Ankle\FIEL\8052019.379901.jpg,8052019.379901.jpg,Boots,Ankle,FIEL
images\ut-zap50k\Boots\Mid-Calf\Sorel\7145922.1868.jpg,7145922.1868.jpg,Boots,Mid-Calf,Sorel
images\ut-zap50k\Sandals\Flat\Mephisto\7752998.248324.jpg,7752998.248324.jpg,Sandals,Flat,Mephisto
images\ut-zap50k\Shoes\Flats\Naturino\7987226.3.jpg,7987226.3.jpg,Shoes,Flats,Naturino
images\ut-zap50k\Shoes\Sneakers and Athletic Shoes\New Balance\7973734.2294.jpg,7973734.2294.jpg,Shoes,Sneakers and Athletic Shoes,New Balance
images\ut-zap50k\Shoes\Sneakers and Athletic Shoes\Privo by Clarks\7817431.54832.jpg,7817431.54832.jpg,Shoes,Sneakers and Athletic Shoes,Privo by Clarks
images\ut-zap50k\Shoes\Sneakers and Athletic Shoes\Polo Ralph Lauren\7951050.3.jpg,7951050.3.jpg,Shoes,Sneakers and Athletic Shoes,Polo Ralph Lauren
images\ut-zap50k\Sandals\Flat\Yellow Box\7963411.14.jpg,7963411.14.jpg,Sandals,Flat,Yellow Box
images\ut-zap50k\Boots\Mid-Calf\Dan Post\8059236.6.jpg,8059236.6.jpg,Boots,Mid-Calf,Dan Post
images\ut-zap50k\Boots\Ankle\UGG\7843260.95658.jpg,7843260.95658.jpg,Boots,Ankle,UGG
images\ut-zap50k\Shoes\Sneakers and Athletic Shoes\Mizuno\8069064.387727.jpg,8069064.387727.jpg,Shoes,Sneakers and Athletic Shoes,Mizuno
images\ut-zap50k\Sandals\Flat\Vivanz\7767536.78999.jpg,7767536.78999.jpg,Sandals,Flat,Vivanz
images\ut-zap50k\Shoes\Sneakers and Athletic Shoes\Merrell\7813505.242866.jpg,7813505.242866.jpg,Shoes,Sneakers and Athletic Shoes,Merrell
images\ut-zap50k\Shoes\Loafers\Sanuk Kids\8065996.3.jpg,8065996.3.jpg,Shoes,Loafers,Sanuk Kids
images\ut-zap50k\Shoes\Heels\Naot Footwear\7161143.95658.jpg,7161143.95658.jpg,Shoes,Heels,Naot Footwear
images\ut-zap50k\Shoes\Flats\Kid Express\7925856.12775.jpg,7925856.12775.jpg,Shoes,Flats,Kid Express
images\ut-zap50k\Shoes\Loafers\ECCO\7732489.299042.jpg,7732489.299042.jpg,Shoes,Loafers,ECCO
images\ut-zap50k\Shoes\Flats\Anne Klein\7910635.1731.jpg,7910635.1731.jpg,Shoes,Flats,Anne Klein
images\ut-zap50k\Boots\Knee High\Gabriella Rocha\7808016.144301.jpg,7808016.144301.jpg,Boots,Knee High,Gabriella Rocha
images\ut-zap50k\Sandals\Flat\Aster Kids\7934483.340912.jpg,7934483.340912.jpg,Sandals,Flat,Aster Kids
images\ut-zap50k\Boots\Mid-Calf\Ariat\7608242.335489.jpg,7608242.335489.jpg,Boots,Mid-Calf,Ariat
images\ut-zap50k\Boots\Mid-Calf\Martino\8071366.5319.jpg,8071366.5319.jpg,Boots,Mid-Calf,Martino
images\ut-zap50k\Shoes\Boat Shoes\Minnetonka\7904916.585.jpg,7904916.585.jpg,Shoes,Boat Shoes,Minnetonka
images\ut-zap50k\Shoes\Sneakers and Athletic Shoes\Salomon\7901792.391049.jpg,7901792.391049.jpg,Shoes,Sneakers and Athletic Shoes,Salomon
images\ut-zap50k\Shoes\Loafers\Merrell\7986963.18.jpg,7986963.18.jpg,Shoes,Loafers,Merrell
images\ut-zap50k\Shoes\Flats\Frye\8062001.263303.jpg,8062001.263303.jpg,Shoes,Flats,Frye
images\ut-zap50k\Shoes\Sneakers and Athletic Shoes\Osiris Kids\7862356.43639.jpg,7862356.43639.jpg,Shoes,Sneakers and Athletic Shoes,Osiris Kids
images\ut-zap50k\Boots\Mid-Calf\Primigi Kids\8066499.5291.jpg,8066499.5291.jpg,Boots,Mid-Calf,Primigi Kids
images\ut-zap50k\Boots\Mid-Calf\Magnum\7918150.3.jpg,7918150.3.jpg,Boots,Mid-Calf,Magnum
images\ut-zap50k\Boots\Ankle\Blowfish\7977312.354486.jpg,7977312.354486.jpg,Boots,Ankle,Blowfish
images\ut-zap50k\Boots\Ankle\Dr. Martens\7299333.103.jpg,7299333.103.jpg,Boots,Ankle,Dr. Martens
images\ut-zap50k\Shoes\Flats\Frye\7648411.248196.jpg,7648411.248196.jpg,Shoes,Flats,Frye
images\ut-zap50k\Shoes\Sneakers and Athletic Shoes\ASICS\7881678.287038.jpg,7881678.287038.jpg,Shoes,Sneakers and Athletic Shoes,ASICS
images\ut-zap50k\Shoes\Heels\Jessica Simpson\7657083.393544.jpg,7657083.393544.jpg,Shoes,Heels,Jessica Simpson
images\ut-zap50k\Boots\Ankle\Crocs Kids\7992082.26193.jpg,7992082.26193.jpg,Boots,Ankle,Crocs Kids
images\ut-zap50k\Shoes\Oxfords\Keen\7804874.156329.jpg,7804874.156329.jpg,Shoes,Oxfords,Keen
images\ut-zap50k\Shoes\Sneakers and Athletic Shoes\Brooks\8057305.382301.jpg,8057305.382301.jpg,Shoes,Sneakers and Athletic Shoes,Brooks
images\ut-zap50k\Boots\Ankle\Sorel\7654711.275.jpg,7654711.275.jpg,Boots,Ankle,Sorel
images\ut-zap50k\Shoes\Boat Shoes\Sperry Kids\7992761.361634.jpg,7992761.361634.jpg,Shoes,Boat Shoes,Sperry Kids
images\ut-zap50k\Shoes\Loafers\Geox\8004499.184651.jpg,8004499.184651.jpg,Shoes,Loafers,Geox
images\ut-zap50k\Shoes\Heels\Stuart Weitzman Bridal & Evening Collection\7541590.206388.jpg,7541590.206388.jpg,Shoes,Heels,Stuart Weitzman Bridal & Evening Collection
images\ut-zap50k\Shoes\Sneakers and Athletic Shoes\adidas\7885051.323334.jpg,7885051.323334.jpg,Shoes,Sneakers and Athletic Shoes,adidas
images\ut-zap50k\Shoes\Heels\LAUREN Ralph Lauren\8055076.139373.jpg,8055076.139373.jpg,Shoes,Heels,LAUREN Ralph Lauren
images\ut-zap50k\Shoes\Heels\Bella-Vita\8016072.168876.jpg,8016072.168876.jpg,Shoes,Heels,Bella-Vita
images\ut-zap50k\Shoes\Heels\Clarks\7992970.72.jpg,7992970.72.jpg,Shoes,Heels,Clarks
images\ut-zap50k\Shoes\Loafers\Polo Ralph Lauren\7635174.256466.jpg,7635174.256466.jpg,Shoes,Loafers,Polo Ralph Lauren
images\ut-zap50k\Sandals\Flat\Burberry\7980119.322012.jpg,7980119.322012.jpg,Sandals,Flat,Burberry
images\ut-zap50k\Boots\Ankle\Durango\107757.72.jpg,107757.72.jpg,Boots,Ankle,Durango
images\ut-zap50k\Shoes\Sneakers and Athletic Shoes\Levi's&#174; Shoes\8026056.63681.jpg,8026056.63681.jpg,Shoes,Sneakers and Athletic Shoes,Levi's&#174; Shoes
images\ut-zap50k\Shoes\Oxfords\Dr. Martens\8004291.75876.jpg,8004291.75876.jpg,Shoes,Oxfords,Dr. Martens
images\ut-zap50k\Shoes\Sneakers and Athletic Shoes\Nike Golf\8078902.391915.jpg,8078902.391915.jpg,Shoes,Sneakers and Athletic Shoes,Nike Golf
images\ut-zap50k\Shoes\Heels\Badgley Mischka\8087678.933.jpg,8087678.933.jpg,Shoes,Heels,Badgley Mischka
images\ut-zap50k\Boots\Ankle\See by Chloe\7969518.352538.jpg,7969518.352538.jpg,Boots,Ankle,See by Chloe
images\ut-zap50k\Shoes\Heels\Fidji\7938632.405722.jpg,7938632.405722.jpg,Shoes,Heels,Fidji
images\ut-zap50k\Shoes\Loafers\Hush Puppies\7190111.216.jpg,7190111.216.jpg,Shoes,Loafers,Hush Puppies
images\ut-zap50k\Boots\Ankle\Nine West\8023300.2529.jpg,8023300.2529.jpg,Boots,Ankle,Nine West
images\ut-zap50k\Shoes\Flats\MICHAEL Michael Kors\8064654.273417.jpg,8064654.273417.jpg,Shoes,Flats,MICHAEL Michael Kors
images\ut-zap50k\Boots\Knee High\Chooka\8049188.6.jpg,8049188.6.jpg,Boots,Knee High,Chooka
images\ut-zap50k\Shoes\Sneakers and Athletic Shoes\Keen\7280086.326844.jpg,7280086.326844.jpg,Shoes,Sneakers and Athletic Shoes,Keen
images\ut-zap50k\Shoes\Sneakers and Athletic Shoes\SKECHERS\8090515.2557.jpg,8090515.2557.jpg,Shoes,Sneakers and Athletic Shoes,SKECHERS
images\ut-zap50k\Shoes\Flats\Vince Camuto\8026542.7494.jpg,8026542.7494.jpg,Shoes,Flats,Vince Camuto
images\ut-zap50k\Shoes\Sneakers and Athletic Shoes\Vans Kids\7977519.356243.jpg,7977519.356243.jpg,Shoes,Sneakers and Athletic Shoes,Vans Kids
images\ut-zap50k\Shoes\Flats\Juicy Couture Kids\8023974.73273.jpg,8023974.73273.jpg,Shoes,Flats,Juicy Couture Kids
images\ut-zap50k\Boots\Ankle\Romantic Soles\8020673.131951.jpg,8020673.131951.jpg,Boots,Ankle,Romantic Soles
images\ut-zap50k\Sandals\Flat\Anne Klein\8090975.161394.jpg,8090975.161394.jpg,Sandals,Flat,Anne Klein
images\ut-zap50k\Boots\Ankle\UGG Kids\7658085.18914.jpg,7658085.18914.jpg,Boots,Ankle,UGG Kids
images\ut-zap50k\Sandals\Flat\Kenneth Cole Reaction\8035946.23154.jpg,8035946.23154.jpg,Sandals,Flat,Kenneth Cole Reaction
images\ut-zap50k\Shoes\Sneakers and Athletic Shoes\Converse\8033736.742.jpg,8033736.742.jpg,Shoes,Sneakers and Athletic Shoes,Converse
images\ut-zap50k\Sandals\Flat\Keen\7490240.3069.jpg,7490240.3069.jpg,Sandals,Flat,Keen
images\ut-zap50k\Shoes\Sneakers and Athletic Shoes\Diadora Kids\7813934.183092.jpg,7813934.183092.jpg,Shoes,Sneakers and Athletic Shoes,Diadora Kids
images\ut-zap50k\Shoes\Heels\Clarks\7993235.72.jpg,7993235.72.jpg,Shoes,Heels,Clarks
images\ut-zap50k\Boots\Ankle\Harley-Davidson\8045721.3.jpg,8045721.3.jpg,Boots,Ankle,Harley-Davidson
images\ut-zap50k\Sandals\Flat\Giuseppe Zanotti\7964910.3.jpg,7964910.3.jpg,Sandals,Flat,Giuseppe Zanotti
images\ut-zap50k\Shoes\Flats\Gabriella Rocha\7979381.300086.jpg,7979381.300086.jpg,Shoes,Flats,Gabriella Rocha
images\ut-zap50k\Shoes\Sneakers and Athletic Shoes\Nike Kids\7763223.337341.jpg,7763223.337341.jpg,Shoes,Sneakers and Athletic Shoes,Nike Kids
images\ut-zap50k\Sandals\Flat\Merrell\7879758.72.jpg,7879758.72.jpg,Sandals,Flat,Merrell
images\ut-zap50k\Boots\Mid-Calf\adidas Kids\8070133.388226.jpg,8070133.388226.jpg,Boots,Mid-Calf,adidas Kids
images\ut-zap50k\Shoes\Sneakers and Athletic Shoes\Sanuk\7909812.3.jpg,7909812.3.jpg,Shoes,Sneakers and Athletic Shoes,Sanuk
images\ut-zap50k\Shoes\Sneakers and Athletic Shoes\Stride Rite\7469538.26683.jpg,7469538.26683.jpg,Shoes,Sneakers and Athletic Shoes,Stride Rite
images\ut-zap50k\Shoes\Sneakers and Athletic Shoes\Tsukihoshi Kids\7349287.27807.jpg,7349287.27807.jpg,Shoes,Sneakers and Athletic Shoes,Tsukihoshi Kids
images\ut-zap50k\Shoes\Oxfords\To Boot New York\8001317.3079.jpg,8001317.3079.jpg,Shoes,Oxfords,To Boot New York
images\ut-zap50k\Shoes\Sneakers and Athletic Shoes\adidas Running\7928098.356098.jpg,7928098.356098.jpg,Shoes,Sneakers and Athletic Shoes,adidas Running
images\ut-zap50k\Shoes\Clogs and Mules\Dansko\7550961.297275.jpg,7550961.297275.jpg,Shoes,Clogs and Mules,Dansko
images\ut-zap50k\Shoes\Sneakers and Athletic Shoes\Camper\7997649.2295.jpg,7997649.2295.jpg,Shoes,Sneakers and Athletic Shoes,Camper
images\ut-zap50k\Shoes\Heels\rsvp\7626604.158.jpg,7626604.158.jpg,Shoes,Heels,rsvp
images\ut-zap50k\Boots\Ankle\Frye\7821550.301593.jpg,7821550.301593.jpg,Boots,Ankle,Frye
images\ut-zap50k\Shoes\Sneakers and Athletic Shoes\TIC TAC TOES\7315035.3.jpg,7315035.3.jpg,Shoes,Sneakers and Athletic Shoes,TIC TAC TOES
images\ut-zap50k\Shoes\Loafers\Lucky Brand\8108476.28598.jpg,8108476.28598.jpg,Shoes,Loafers,Lucky Brand
images\ut-zap50k\Shoes\Clogs and Mules\Naot Footwear\7829957.303929.jpg,7829957.303929.jpg,Shoes,Clogs and Mules,Naot Footwear
images\ut-zap50k\Sandals\Flat\Franco Sarto\8090625.72.jpg,8090625.72.jpg,Sandals,Flat,Franco Sarto
images\ut-zap50k\Shoes\Flats\Drew\7304487.1512.jpg,7304487.1512.jpg,Shoes,Flats,Drew
images\ut-zap50k\Boots\Mid-Calf\UGG\8041830.3.jpg,8041830.3.jpg,Boots,Mid-Calf,UGG
images\ut-zap50k\Shoes\Sneakers and Athletic Shoes\Nike\7925395.353520.jpg,7925395.353520.jpg,Shoes,Sneakers and Athletic Shoes,Nike
images\ut-zap50k\Boots\Ankle\Blundstone\7472337.3.jpg,7472337.3.jpg,Boots,Ankle,Blundstone
images\ut-zap50k\Shoes\Sneakers and Athletic Shoes\adidas Outdoor\7921325.383055.jpg,7921325.383055.jpg,Shoes,Sneakers and Athletic Shoes,adidas Outdoor
images\ut-zap50k\Shoes\Heels\Stuart Weitzman Bridal & Evening Collection\7541590.232100.jpg,7541590.232100.jpg,Shoes,Heels,Stuart Weitzman Bridal & Evening Collection
images\ut-zap50k\Sandals\Flat\Birkenstock\7503952.3645.jpg,7503952.3645.jpg,Sandals,Flat,Birkenstock
images\ut-zap50k\Boots\Mid-Calf\Frye Kids\7599265.325.jpg,7599265.325.jpg,Boots,Mid-Calf,Frye Kids
images\ut-zap50k\Shoes\Firstwalker\Stride Rite\7814070.132271.jpg,7814070.132271.jpg,Shoes,Firstwalker,Stride Rite
images\ut-zap50k\Shoes\Sneakers and Athletic Shoes\Saucony\7969476.377227.jpg,7969476.377227.jpg,Shoes,Sneakers and Athletic Shoes,Saucony
images\ut-zap50k\Boots\Mid-Calf\EMU Australia\7967680.3.jpg,7967680.3.jpg,Boots,Mid-Calf,EMU Australia
images\ut-zap50k\Shoes\Heels\Nine West\8051062.5492.jpg,8051062.5492.jpg,Shoes,Heels,Nine West
images\ut-zap50k\Shoes\Heels\Naot Footwear\7749810.247274.jpg,7749810.247274.jpg,Shoes,Heels,Naot Footwear
images\ut-zap50k\Shoes\Sneakers and Athletic Shoes\Ralph Lauren Layette Kids\7901670.365867.jpg,7901670.365867.jpg,Shoes,Sneakers and Athletic Shoes,Ralph Lauren Layette Kids
images\ut-zap50k\Shoes\Loafers\Cole Haan\7322477.3.jpg,7322477.3.jpg,Shoes,Loafers,Cole Haan
images\ut-zap50k\Boots\Ankle\Cole Haan\8000943.364136.jpg,8000943.364136.jpg,Boots,Ankle,Cole Haan
images\ut-zap50k\Shoes\Loafers\Sanuk\7992867.6.jpg,7992867.6.jpg,Shoes,Loafers,Sanuk
images\ut-zap50k\Shoes\Sneakers and Athletic Shoes\adidas Originals\7975961.390363.jpg,7975961.390363.jpg,Shoes,Sneakers and Athletic Shoes,adidas Originals
images\ut-zap50k\Shoes\Sneakers and Athletic Shoes\Call it SPRING\8051924.184651.jpg,8051924.184651.jpg,Shoes,Sneakers and Athletic Shoes,Call it SPRING
images\ut-zap50k\Shoes\Sneakers and Athletic Shoes\Puma Kids\8082893.404883.jpg,8082893.404883.jpg,Shoes,Sneakers and Athletic Shoes,Puma Kids
images\ut-zap50k\Boots\Mid-Calf\Ariat\7761319.361489.jpg,7761319.361489.jpg,Boots,Mid-Calf,Ariat
images\ut-zap50k\Shoes\Sneakers and Athletic Shoes\Vivobarefoot\7898542.14.jpg,7898542.14.jpg,Shoes,Sneakers and Athletic Shoes,Vivobarefoot
images\ut-zap50k\Shoes\Oxfords\Bass\7554499.72.jpg,7554499.72.jpg,Shoes,Oxfords,Bass
images\ut-zap50k\Boots\Knee High\Diba\8029187.2743.jpg,8029187.2743.jpg,Boots,Knee High,Diba
images\ut-zap50k\Shoes\Oxfords\Cole Haan\7503946.3.jpg,7503946.3.jpg,Shoes,Oxfords,Cole Haan
images\ut-zap50k\Boots\Ankle\Asolo\7134414.19071.jpg,7134414.19071.jpg,Boots,Ankle,Asolo
images\ut-zap50k\Shoes\Sneakers and Athletic Shoes\Vans\7382277.273197.jpg,7382277.273197.jpg,Shoes,Sneakers and Athletic Shoes,Vans
images\ut-zap50k\Shoes\Loafers\Giorgio Brutini\8090158.3.jpg,8090158.3.jpg,Shoes,Loafers,Giorgio Brutini
images\ut-zap50k\Boots\Knee High\Frye\7792024.184651.jpg,7792024.184651.jpg,Boots,Knee High,Frye
images\ut-zap50k\Shoes\Flats\Kenneth Cole Reaction Kids\7994577.552.jpg,7994577.552.jpg,Shoes,Flats,Kenneth Cole Reaction Kids
images\ut-zap50k\Sandals\Flat\Jumping Jacks Kids\7902916.104049.jpg,7902916.104049.jpg,Sandals,Flat,Jumping Jacks Kids
images\ut-zap50k\Shoes\Sneakers and Athletic Shoes\adidas\7840449.308419.jpg,7840449.308419.jpg,Shoes,Sneakers and Athletic Shoes,adidas
images\ut-zap50k\Boots\Ankle\Born\7984353.72.jpg,7984353.72.jpg,Boots,Ankle,Born
images\ut-zap50k\Slippers\Slipper Flats\Haflinger Kids\7968486.603.jpg,7968486.603.jpg,Slippers,Slipper Flats,Haflinger Kids
images\ut-zap50k\Shoes\Boat Shoes\Sebago\7153671.65259.jpg,7153671.65259.jpg,Shoes,Boat Shoes,Sebago
images\ut-zap50k\Shoes\Sneakers and Athletic Shoes\Sanuk\7530241.3.jpg,7530241.3.jpg,Shoes,Sneakers and Athletic Shoes,Sanuk
images\ut-zap50k\Boots\Mid-Calf\Kamik\7998407.3.jpg,7998407.3.jpg,Boots,Mid-Calf,Kamik
images\ut-zap50k\Slippers\Slipper Flats\Haflinger\8016641.1505.jpg,8016641.1505.jpg,Slippers,Slipper Flats,Haflinger
images\ut-zap50k\Shoes\Oxfords\BRUNO MAGLI\7296449.6845.jpg,7296449.6845.jpg,Shoes,Oxfords,BRUNO MAGLI
images\ut-zap50k\Shoes\Loafers\Anne Klein\8107634.494.jpg,8107634.494.jpg,Shoes,Loafers,Anne Klein
images\ut-zap50k\Boots\Mid-Calf\Madden Girl\7938197.2084.jpg,7938197.2084.jpg,Boots,Mid-Calf,Madden Girl
images\ut-zap50k\Shoes\Heels\Bouquets\8035447.12664.jpg,8035447.12664.jpg,Shoes,Heels,Bouquets
images\ut-zap50k\Boots\Ankle\Juicy Couture Kids\8026217.3.jpg,8026217.3.jpg,Boots,Ankle,Juicy Couture Kids
images\ut-zap50k\Boots\Ankle\Harley-Davidson\7293026.3.jpg,7293026.3.jpg,Boots,Ankle,Harley-Davidson
images\ut-zap50k\Boots\Knee High\Bella-Vita\8016244.402539.jpg,8016244.402539.jpg,Boots,Knee High,Bella-Vita
images\ut-zap50k\Shoes\Loafers\Merrell\7879762.5667.jpg,7879762.5667.jpg,Shoes,Loafers,Merrell
images\ut-zap50k\Shoes\Flats\Pazitos\7529924.728.jpg,7529924.728.jpg,Shoes,Flats,Pazitos
images\ut-zap50k\Shoes\Heels\Truth or Dare By Madonna\8122753.200.jpg,8122753.200.jpg,Shoes,Heels,Truth or Dare By Madonna
images\ut-zap50k\Shoes\Heels\Nine West\7798031.379567.jpg,7798031.379567.jpg,Shoes,Heels,Nine West
images\ut-zap50k\Shoes\Prewalker\Ralph Lauren Layette Kids\7834110.43018.jpg,7834110.43018.jpg,Shoes,Prewalker,Ralph Lauren Layette Kids
images\ut-zap50k\Shoes\Clogs and Mules\Sanita\8070960.14.jpg,8070960.14.jpg,Shoes,Clogs and Mules,Sanita
images\ut-zap50k\Shoes\Heels\BCBGeneration\8080592.392721.jpg,8080592.392721.jpg,Shoes,Heels,BCBGeneration
images\ut-zap50k\Boots\Ankle\Ariat\7762189.280573.jpg,7762189.280573.jpg,Boots,Ankle,Ariat
images\ut-zap50k\Sandals\Flat\LAUREN Ralph Lauren\7887477.209333.jpg,7887477.209333.jpg,Sandals,Flat,LAUREN Ralph Lauren
images\ut-zap50k\Boots\Mid-Calf\Sorel\7654310.3.jpg,7654310.3.jpg,Boots,Mid-Calf,Sorel
images\ut-zap50k\Shoes\Flats\Drew\7760989.8418.jpg,7760989.8418.jpg,Shoes,Flats,Drew
images\ut-zap50k\Boots\Mid-Calf\Donald J Pliner\8104315.4969.jpg,8104315.4969.jpg,Boots,Mid-Calf,Donald J Pliner
images\ut-zap50k\Shoes\Sneakers and Athletic Shoes\Merrell\7987169.106052.jpg,7987169.106052.jpg,Shoes,Sneakers and Athletic Shoes,Merrell
images\ut-zap50k\Slippers\Slipper Flats\Giesswein\7687785.253447.jpg,7687785.253447.jpg,Slippers,Slipper Flats,Giesswein
images\ut-zap50k\Sandals\Flat\Jack Rogers\7810758.385.jpg,7810758.385.jpg,Sandals,Flat,Jack Rogers
images\ut-zap50k\Boots\Knee High\Miz Mooz\8032127.189.jpg,8032127.189.jpg,Boots,Knee High,Miz Mooz
images\ut-zap50k\Shoes\Heels\Taryn Rose\8074121.377756.jpg,8074121.377756.jpg,Shoes,Heels,Taryn Rose
images\ut-zap50k\Sandals\Flat\UGG\7963054.35830.jpg,7963054.35830.jpg,Sandals,Flat,UGG
images\ut-zap50k\Boots\Knee High\Diba\8029141.31237.jpg,8029141.31237.jpg,Boots,Knee High,Diba
images\ut-zap50k\Boots\Mid-Calf\Frye\8003654.301571.jpg,8003654.301571.jpg,Boots,Mid-Calf,Frye
images\ut-zap50k\Boots\Mid-Calf\Matisse\7993312.7300.jpg,7993312.7300.jpg,Boots,Mid-Calf,Matisse
images\ut-zap50k\Shoes\Loafers\Rockport\7810751.72.jpg,7810751.72.jpg,Shoes,Loafers,Rockport
images\ut-zap50k\Shoes\Heels\Annie\8014580.43851.jpg,8014580.43851.jpg,Shoes,Heels,Annie
images\ut-zap50k\Boots\Ankle\Carhartt\8045213.3.jpg,8045213.3.jpg,Boots,Ankle,Carhartt
images\ut-zap50k\Sandals\Heel\VOLATILE\7521584.6.jpg,7521584.6.jpg,Sandals,Heel,VOLATILE
images\ut-zap50k\Shoes\Sneakers and Athletic Shoes\DC Kids\7651258.12784.jpg,7651258.12784.jpg,Shoes,Sneakers and Athletic Shoes,DC Kids
images\ut-zap50k\Shoes\Heels\KORS Michael Kors\7593542.521.jpg,7593542.521.jpg,Shoes,Heels,KORS Michael Kors
images\ut-zap50k\Shoes\Loafers\Minnetonka\8005398.106.jpg,8005398.106.jpg,Shoes,Loafers,Minnetonka
images\ut-zap50k\Boots\Knee High\Agatha Ruiz De La Prada Kids\8004193.18055.jpg,8004193.18055.jpg,Boots,Knee High,Agatha Ruiz De La Prada Kids
images\ut-zap50k\Shoes\Heels\Gabriella Rocha\8004115.49472.jpg,8004115.49472.jpg,Shoes,Heels,Gabriella Rocha
images\ut-zap50k\Shoes\Loafers\Munro American\8030778.1731.jpg,8030778.1731.jpg,Shoes,Loafers,Munro American
images\ut-zap50k\Shoes\Loafers\Crocs\7986569.183092.jpg,7986569.183092.jpg,Shoes,Loafers,Crocs
images\ut-zap50k\Boots\Knee High\Hunter\7715573.57053.jpg,7715573.57053.jpg,Boots,Knee High,Hunter
images\ut-zap50k\Boots\Ankle\Irish Setter\7874319.6.jpg,7874319.6.jpg,Boots,Ankle,Irish Setter
images\ut-zap50k\Boots\Knee High\Frye\7791990.6.jpg,7791990.6.jpg,Boots,Knee High,Frye
images\ut-zap50k\Shoes\Heels\Annie\8167209.367892.jpg,8167209.367892.jpg,Shoes,Heels,Annie
images\ut-zap50k\Shoes\Sneakers and Athletic Shoes\SKECHERS\8140614.559.jpg,8140614.559.jpg,Shoes,Sneakers and Athletic Shoes,SKECHERS
images\ut-zap50k\Shoes\Sneakers and Athletic Shoes\Propet\104705.130551.jpg,104705.130551.jpg,Shoes,Sneakers and Athletic Shoes,Propet
images\ut-zap50k\Sandals\Flat\Kid Express\7761346.328.jpg,7761346.328.jpg,Sandals,Flat,Kid Express
images\ut-zap50k\Shoes\Oxfords\Mephisto\8015455.368139.jpg,8015455.368139.jpg,Shoes,Oxfords,Mephisto
images\ut-zap50k\Shoes\Sneakers and Athletic Shoes\Converse Kids\7541641.3.jpg,7541641.3.jpg,Shoes,Sneakers and Athletic Shoes,Converse Kids
images\ut-zap50k\Boots\Mid-Calf\Kamik\7267695.3.jpg,7267695.3.jpg,Boots,Mid-Calf,Kamik
images\ut-zap50k\Shoes\Flats\Gentle Souls\7309607.3.jpg,7309607.3.jpg,Shoes,Flats,Gentle Souls
images\ut-zap50k\Boots\Knee High\Lucchese\8044494.143151.jpg,8044494.143151.jpg,Boots,Knee High,Lucchese
images\ut-zap50k\Boots\Ankle\Blowfish\7975008.354565.jpg,7975008.354565.jpg,Boots,Ankle,Blowfish
images\ut-zap50k\Shoes\Sneakers and Athletic Shoes\Nike Kids\8071296.385283.jpg,8071296.385283.jpg,Shoes,Sneakers and Athletic Shoes,Nike Kids
images\ut-zap50k\Shoes\Sneakers and Athletic Shoes\adidas Originals\7211140.42650.jpg,7211140.42650.jpg,Shoes,Sneakers and Athletic Shoes,adidas Originals
images\ut-zap50k\Boots\Knee High\Garvalin Kids\8008408.3.jpg,8008408.3.jpg,Boots,Knee High,Garvalin Kids
images\ut-zap50k\Shoes\Heels\ALDO\8096750.3.jpg,8096750.3.jpg,Shoes,Heels,ALDO
images\ut-zap50k\Shoes\Loafers\Cole Haan\7822971.2529.jpg,7822971.2529.jpg,Shoes,Loafers,Cole Haan
images\ut-zap50k\Shoes\Flats\Naot Footwear\7563148.393575.jpg,7563148.393575.jpg,Shoes,Flats,Naot Footwear
images\ut-zap50k\Shoes\Flats\Geox\7920823.89.jpg,7920823.89.jpg,Shoes,Flats,Geox
images\ut-zap50k\Shoes\Flats\Bloch\8005828.864.jpg,8005828.864.jpg,Shoes,Flats,Bloch
images\ut-zap50k\Boots\Ankle\Proenza Schouler\8025555.3.jpg,8025555.3.jpg,Boots,Ankle,Proenza Schouler
images\ut-zap50k\Shoes\Sneakers and Athletic Shoes\adidas Y-3 by Yohji Yamamoto\8013436.9.jpg,8013436.9.jpg,Shoes,Sneakers and Athletic Shoes,adidas Y-3 by Yohji Yamamoto
images\ut-zap50k\Boots\Mid-Calf\Dan Post Kids\8003887.585.jpg,8003887.585.jpg,Boots,Mid-Calf,Dan Post Kids
images\ut-zap50k\Boots\Ankle\Generic Surplus\8040425.3.jpg,8040425.3.jpg,Boots,Ankle,Generic Surplus
images\ut-zap50k\Boots\Mid-Calf\Ariat\7608246.335494.jpg,7608246.335494.jpg,Boots,Mid-Calf,Ariat
images\ut-zap50k\Shoes\Sneakers and Athletic Shoes\SKECHERS KIDS\8053109.144.jpg,8053109.144.jpg,Shoes,Sneakers and Athletic Shoes,SKECHERS KIDS
images\ut-zap50k\Shoes\Heels\Miz Mooz\8031686.574.jpg,8031686.574.jpg,Shoes,Heels,Miz Mooz
images\ut-zap50k\Boots\Ankle\Montrail\7799963.293987.jpg,7799963.293987.jpg,Boots,Ankle,Montrail
images\ut-zap50k\Shoes\Oxfords\Big Buddha\8008166.1748.jpg,8008166.1748.jpg,Shoes,Oxfords,Big Buddha
images\ut-zap50k\Boots\Ankle\Cienta Kids Shoes\8029176.3.jpg,8029176.3.jpg,Boots,Ankle,Cienta Kids Shoes
images\ut-zap50k\Sandals\Flat\O'Neill\8091972.3.jpg,8091972.3.jpg,Sandals,Flat,O'Neill
images\ut-zap50k\Boots\Mid-Calf\Vans Kids\7977458.375105.jpg,7977458.375105.jpg,Boots,Mid-Calf,Vans Kids
images\ut-zap50k\Shoes\Boat Shoes\Sperry Top-Sider\7161124.3.jpg,7161124.3.jpg,Shoes,Boat Shoes,Sperry Top-Sider
images\ut-zap50k\Boots\Knee High\Tundra Kids Boots\7307548.77541.jpg,7307548.77541.jpg,Boots,Knee High,Tundra Kids Boots
images\ut-zap50k\Shoes\Heels\Rocket Dog\8082601.15594.jpg,8082601.15594.jpg,Shoes,Heels,Rocket Dog
images\ut-zap50k\Shoes\Heels\Badgley Mischka\8067318.933.jpg,8067318.933.jpg,Shoes,Heels,Badgley Mischka
images\ut-zap50k\Boots\Knee High\Justin Kids\7893579.327106.jpg,7893579.327106.jpg,Boots,Knee High,Justin Kids
images\ut-zap50k\Sandals\Flat\Teva\7724786.379261.jpg,7724786.379261.jpg,Sandals,Flat,Teva
images\ut-zap50k\Shoes\Sneakers and Athletic Shoes\Scarpa\7917491.1162.jpg,7917491.1162.jpg,Shoes,Sneakers and Athletic Shoes,Scarpa
images\ut-zap50k\Shoes\Loafers\Venettini Kids\8041617.310623.jpg,8041617.310623.jpg,Shoes,Loafers,Venettini Kids
images\ut-zap50k\Shoes\Sneakers and Athletic Shoes\Levi's&#174; Kids\7943149.316945.jpg,7943149.316945.jpg,Shoes,Sneakers and Athletic Shoes,Levi's&#174; Kids
images\ut-zap50k\Shoes\Boat Shoes\Cole Haan\7610639.395247.jpg,7610639.395247.jpg,Shoes,Boat Shoes,Cole Haan
images\ut-zap50k\Shoes\Sneakers and Athletic Shoes\Nike\7971488.369519.jpg,7971488.369519.jpg,Shoes,Sneakers and Athletic Shoes,Nike
images\ut-zap50k\Boots\Ankle\Romantic Soles\8020672.370091.jpg,8020672.370091.jpg,Boots,Ankle,Romantic Soles
images\ut-zap50k\Boots\Ankle\Minnetonka\7426427.691.jpg,7426427.691.jpg,Boots,Ankle,Minnetonka
images\ut-zap50k\Sandals\Flat\Teva Kids\7592301.220143.jpg,7592301.220143.jpg,Sandals,Flat,Teva Kids
images\ut-zap50k\Boots\Ankle\Wolverine\8057343.325.jpg,8057343.325.jpg,Boots,Ankle,Wolverine
images\ut-zap50k\Shoes\Sneakers and Athletic Shoes\SKECHERS\7566920.106.jpg,7566920.106.jpg,Shoes,Sneakers and Athletic Shoes,SKECHERS
images\ut-zap50k\Boots\Ankle\Bedstu\8051454.379767.jpg,8051454.379767.jpg,Boots,Ankle,Bedstu
images\ut-zap50k\Shoes\Heels\Kelsi Dagger\8116319.136.jpg,8116319.136.jpg,Shoes,Heels,Kelsi Dagger
images\ut-zap50k\Boots\Knee High\Frye\8087375.248965.jpg,8087375.248965.jpg,Boots,Knee High,Frye
images\ut-zap50k\Shoes\Sneakers and Athletic Shoes\Keen\7292303.241506.jpg,7292303.241506.jpg,Shoes,Sneakers and Athletic Shoes,Keen
images\ut-zap50k\Shoes\Oxfords\Beeko\7999606.559.jpg,7999606.559.jpg,Shoes,Oxfords,Beeko
images\ut-zap50k\Shoes\Oxfords\Bostonian\7186551.255.jpg,7186551.255.jpg,Shoes,Oxfords,Bostonian
images\ut-zap50k\Boots\Ankle\Seychelles\8013854.652.jpg,8013854.652.jpg,Boots,Ankle,Seychelles
images\ut-zap50k\Shoes\Heels\Calvin Klein\7925009.392262.jpg,7925009.392262.jpg,Shoes,Heels,Calvin Klein
images\ut-zap50k\Shoes\Flats\Nina Kids\7752617.276471.jpg,7752617.276471.jpg,Shoes,Flats,Nina Kids
images\ut-zap50k\Shoes\Heels\Jessica Simpson\7657083.157968.jpg,7657083.157968.jpg,Shoes,Heels,Jessica Simpson
images\ut-zap50k\Shoes\Heels\Stuart Weitzman\8064334.385192.jpg,8064334.385192.jpg,Shoes,Heels,Stuart Weitzman
images\ut-zap50k\Shoes\Loafers\Cole Haan\8061038.16965.jpg,8061038.16965.jpg,Shoes,Loafers,Cole Haan
images\ut-zap50k\Boots\Mid-Calf\Durango\8021795.6.jpg,8021795.6.jpg,Boots,Mid-Calf,Durango
images\ut-zap50k\Shoes\Loafers\Vivienne Westwood\8005200.3.jpg,8005200.3.jpg,Shoes,Loafers,Vivienne Westwood
images\ut-zap50k\Shoes\Clogs and Mules\Naot Footwear\110886.72.jpg,110886.72.jpg,Shoes,Clogs and Mules,Naot Footwear
images\ut-zap50k\Shoes\Sneakers and Athletic Shoes\New Balance Kids\7980053.143.jpg,7980053.143.jpg,Shoes,Sneakers and Athletic Shoes,New Balance Kids
images\ut-zap50k\Shoes\Boat Shoes\Born\7601916.389351.jpg,7601916.389351.jpg,Shoes,Boat Shoes,Born
images\ut-zap50k\Shoes\Sneakers and Athletic Shoes\Cole Haan\7869461.9.jpg,7869461.9.jpg,Shoes,Sneakers and Athletic Shoes,Cole Haan
images\ut-zap50k\Boots\Mid-Calf\UGG\107225.18.jpg,107225.18.jpg,Boots,Mid-Calf,UGG
images\ut-zap50k\Boots\Mid-Calf\Diesel\8002257.3.jpg,8002257.3.jpg,Boots,Mid-Calf,Diesel
images\ut-zap50k\Boots\Mid-Calf\Chooka\8052360.3.jpg,8052360.3.jpg,Boots,Mid-Calf,Chooka
images\ut-zap50k\Shoes\Sneakers and Athletic Shoes\ECCO Sport\7864808.374660.jpg,7864808.374660.jpg,Shoes,Sneakers and Athletic Shoes,ECCO Sport
images\ut-zap50k\Shoes\Sneakers and Athletic Shoes\Superga\7423619.9.jpg,7423619.9.jpg,Shoes,Sneakers and Athletic Shoes,Superga
images\ut-zap50k\Sandals\Flat\Earth\7894146.580.jpg,7894146.580.jpg,Sandals,Flat,Earth
images\ut-zap50k\Shoes\Sneakers and Athletic Shoes\Nike\7620069.151.jpg,7620069.151.jpg,Shoes,Sneakers and Athletic Shoes,Nike
images\ut-zap50k\Boots\Ankle\Blowfish\7974884.354486.jpg,7974884.354486.jpg,Boots,Ankle,Blowfish
images\ut-zap50k\Shoes\Flats\adidas by Stella McCartney\7725583.364906.jpg,7725583.364906.jpg,Shoes,Flats,adidas by Stella McCartney
images\ut-zap50k\Sandals\Flat\Naot Footwear\7816741.34904.jpg,7816741.34904.jpg,Sandals,Flat,Naot Footwear
images\ut-zap50k\Shoes\Flats\LOVE Moschino\8010767.3.jpg,8010767.3.jpg,Shoes,Flats,LOVE Moschino
images\ut-zap50k\Shoes\Sneakers and Athletic Shoes\Columbia\7887973.347839.jpg,7887973.347839.jpg,Shoes,Sneakers and Athletic Shoes,Columbia
images\ut-zap50k\Shoes\Sneakers and Athletic Shoes\PUMA\7414425.151.jpg,7414425.151.jpg,Shoes,Sneakers and Athletic Shoes,PUMA
images\ut-zap50k\Shoes\Sneakers and Athletic Shoes\Nike Kids\7969427.352522.jpg,7969427.352522.jpg,Shoes,Sneakers and Athletic Shoes,Nike Kids
images\ut-zap50k\Shoes\Sneakers and Athletic Shoes\Tsubo\7983058.336.jpg,7983058.336.jpg,Shoes,Sneakers and Athletic Shoes,Tsubo
images\ut-zap50k\Shoes\Heels\MICHAEL Michael Kors\8115498.1141.jpg,8115498.1141.jpg,Shoes,Heels,MICHAEL Michael Kors
images\ut-zap50k\Shoes\Flats\Kenneth Cole Reaction\8008145.72.jpg,8008145.72.jpg,Shoes,Flats,Kenneth Cole Reaction
images\ut-zap50k\Boots\Mid-Calf\AIGLE Kids\8101610.8775.jpg,8101610.8775.jpg,Boots,Mid-Calf,AIGLE Kids
images\ut-zap50k\Shoes\Clogs and Mules\Dansko Kids\7658776.365866.jpg,7658776.365866.jpg,Shoes,Clogs and Mules,Dansko Kids
images\ut-zap50k\Shoes\Sneakers and Athletic Shoes\Osiris\7507734.11196.jpg,7507734.11196.jpg,Shoes,Sneakers and Athletic Shoes,Osiris
images\ut-zap50k\Shoes\Heels\Donald J Pliner\8050350.7695.jpg,8050350.7695.jpg,Shoes,Heels,Donald J Pliner
images\ut-zap50k\Boots\Ankle\Keen Utility\7742399.155.jpg,7742399.155.jpg,Boots,Ankle,Keen Utility
images\ut-zap50k\Shoes\Sneakers and Athletic Shoes\Saucony Originals\7242933.8674.jpg,7242933.8674.jpg,Shoes,Sneakers and Athletic Shoes,Saucony Originals
images\ut-zap50k\Shoes\Sneakers and Athletic Shoes\Globe\7987131.377163.jpg,7987131.377163.jpg,Shoes,Sneakers and Athletic Shoes,Globe
images\ut-zap50k\Sandals\Flat\Bernardo\7528008.11.jpg,7528008.11.jpg,Sandals,Flat,Bernardo
images\ut-zap50k\Shoes\Heels\Jessica Simpson\8082312.393513.jpg,8082312.393513.jpg,Shoes,Heels,Jessica Simpson
images\ut-zap50k\Boots\Mid-Calf\Timberland Kids\7987599.529.jpg,7987599.529.jpg,Boots,Mid-Calf,Timberland Kids
images\ut-zap50k\Shoes\Sneakers and Athletic Shoes\Saucony\7882120.198674.jpg,7882120.198674.jpg,Shoes,Sneakers and Athletic Shoes,Saucony
images\ut-zap50k\Boots\Mid-Calf\UGG\115328.621.jpg,115328.621.jpg,Boots,Mid-Calf,UGG
images\ut-zap50k\Shoes\Sneakers and Athletic Shoes\Converse Kids\8035861.374951.jpg,8035861.374951.jpg,Shoes,Sneakers and Athletic Shoes,Converse Kids
images\ut-zap50k\Slippers\Slipper Flats\EMU Australia\7967690.18.jpg,7967690.18.jpg,Slippers,Slipper Flats,EMU Australia
images\ut-zap50k\Shoes\Loafers\LAUREN Ralph Lauren\8055206.153197.jpg,8055206.153197.jpg,Shoes,Loafers,LAUREN Ralph Lauren
images\ut-zap50k\Shoes\Sneakers and Athletic Shoes\Vans Kids\7312521.183092.jpg,7312521.183092.jpg,Shoes,Sneakers and Athletic Shoes,Vans Kids
images\ut-zap50k\Boots\Ankle\Vasque\7988255.291477.jpg,7988255.291477.jpg,Boots,Ankle,Vasque
images\ut-zap50k\Shoes\Sneakers and Athletic Shoes\Reebok Lifestyle\8030292.373353.jpg,8030292.373353.jpg,Shoes,Sneakers and Athletic Shoes,Reebok Lifestyle
images\ut-zap50k\Boots\Mid-Calf\Bogs\7290883.3.jpg,7290883.3.jpg,Boots,Mid-Calf,Bogs
images\ut-zap50k\Shoes\Sneakers and Athletic Shoes\PUMA\8058950.382839.jpg,8058950.382839.jpg,Shoes,Sneakers and Athletic Shoes,PUMA
images\ut-zap50k\Sandals\Flat\Birkenstock Kids\7501189.40296.jpg,7501189.40296.jpg,Sandals,Flat,Birkenstock Kids
images\ut-zap50k\Shoes\Sneakers and Athletic Shoes\KangaROOS\7863073.401.jpg,7863073.401.jpg,Shoes,Sneakers and Athletic Shoes,KangaROOS
images\ut-zap50k\Shoes\Sneakers and Athletic Shoes\Nike\8012384.366977.jpg,8012384.366977.jpg,Shoes,Sneakers and Athletic Shoes,Nike
images\ut-zap50k\Shoes\Flats\Seychelles\8013832.18914.jpg,8013832.18914.jpg,Shoes,Flats,Seychelles
images\ut-zap50k\Boots\Mid-Calf\Tundra Kids Boots\7324717.143.jpg,7324717.143.jpg,Boots,Mid-Calf,Tundra Kids Boots
images\ut-zap50k\Shoes\Flats\Rebecca Minkoff\8068483.2283.jpg,8068483.2283.jpg,Shoes,Flats,Rebecca Minkoff
images\ut-zap50k\Shoes\Flats\Ragg Kids\7589797.418.jpg,7589797.418.jpg,Shoes,Flats,Ragg Kids
images\ut-zap50k\Shoes\Boat Shoes\Sperry Top-Sider\7609984.352723.jpg,7609984.352723.jpg,Shoes,Boat Shoes,Sperry Top-Sider
images\ut-zap50k\Shoes\Flats\Anne Klein\8002125.332439.jpg,8002125.332439.jpg,Shoes,Flats,Anne Klein
images\ut-zap50k\Slippers\Slipper Flats\EMU Australia\7739050.603.jpg,7739050.603.jpg,Slippers,Slipper Flats,EMU Australia
images\ut-zap50k\Shoes\Sneakers and Athletic Shoes\ASICS\7727998.2507.jpg,7727998.2507.jpg,Shoes,Sneakers and Athletic Shoes,ASICS
images\ut-zap50k\Sandals\Flat\Nine West\8113505.403594.jpg,8113505.403594.jpg,Sandals,Flat,Nine West
images\ut-zap50k\Shoes\Sneakers and Athletic Shoes\Timberland PRO\7339008.35453.jpg,7339008.35453.jpg,Shoes,Sneakers and Athletic Shoes,Timberland PRO
images\ut-zap50k\Boots\Ankle\Ocean Minded\8031211.78144.jpg,8031211.78144.jpg,Boots,Ankle,Ocean Minded
images\ut-zap50k\Shoes\Heels\Stuart Weitzman Bridal & Evening Collection\7999021.99.jpg,7999021.99.jpg,Shoes,Heels,Stuart Weitzman Bridal & Evening Collection
images\ut-zap50k\Slippers\Slipper Flats\Ragg Kids\8030851.766.jpg,8030851.766.jpg,Slippers,Slipper Flats,Ragg Kids
images\ut-zap50k\Shoes\Heels\Fitzwell\8039264.1141.jpg,8039264.1141.jpg,Shoes,Heels,Fitzwell
images\ut-zap50k\Boots\Ankle\Tundra Boots\8024303.3.jpg,8024303.3.jpg,Boots,Ankle,Tundra Boots
images\ut-zap50k\Sandals\Flat\Naot Footwear\7901607.330167.jpg,7901607.330167.jpg,Sandals,Flat,Naot Footwear
images\ut-zap50k\Shoes\Sneakers and Athletic Shoes\SKECHERS Work\7568140.3.jpg,7568140.3.jpg,Shoes,Sneakers and Athletic Shoes,SKECHERS Work
images\ut-zap50k\Slippers\Slipper Flats\UGG\7839419.67279.jpg,7839419.67279.jpg,Slippers,Slipper Flats,UGG
images\ut-zap50k\Boots\Ankle\ara\8037358.691.jpg,8037358.691.jpg,Boots,Ankle,ara
images\ut-zap50k\Slippers\Slipper Flats\DC\7355196.4830.jpg,7355196.4830.jpg,Slippers,Slipper Flats,DC
images\ut-zap50k\Boots\Mid-Calf\Steve Madden\7860523.216.jpg,7860523.216.jpg,Boots,Mid-Calf,Steve Madden
images\ut-zap50k\Boots\Ankle\Pedro Garcia\8030922.373612.jpg,8030922.373612.jpg,Boots,Ankle,Pedro Garcia
images\ut-zap50k\Shoes\Oxfords\Timberland\7820621.104.jpg,7820621.104.jpg,Shoes,Oxfords,Timberland
images\ut-zap50k\Shoes\Oxfords\Cole Haan\8061694.107236.jpg,8061694.107236.jpg,Shoes,Oxfords,Cole Haan
images\ut-zap50k\Boots\Ankle\Dr. Martens\118955.398175.jpg,118955.398175.jpg,Boots,Ankle,Dr. Martens
images\ut-zap50k\Shoes\Heels\Naot Footwear\7829945.303873.jpg,7829945.303873.jpg,Shoes,Heels,Naot Footwear
images\ut-zap50k\Shoes\Heels\Cole Haan\7715159.134510.jpg,7715159.134510.jpg,Shoes,Heels,Cole Haan
images\ut-zap50k\Shoes\Sneakers and Athletic Shoes\Nike\7971934.353487.jpg,7971934.353487.jpg,Shoes,Sneakers and Athletic Shoes,Nike
images\ut-zap50k\Shoes\Sneakers and Athletic Shoes\Merrell\8075279.63690.jpg,8075279.63690.jpg,Shoes,Sneakers and Athletic Shoes,Merrell
images\ut-zap50k\Shoes\Flats\Anne Klein\8075895.91281.jpg,8075895.91281.jpg,Shoes,Flats,Anne Klein
images\ut-zap50k\Sandals\Flat\Finn Comfort\7910089.89.jpg,7910089.89.jpg,Sandals,Flat,Finn Comfort
images\ut-zap50k\Boots\Mid-Calf\Fly Flot\7701920.3859.jpg,7701920.3859.jpg,Boots,Mid-Calf,Fly Flot
images\ut-zap50k\Shoes\Heels\Call it SPRING\8056659.3.jpg,8056659.3.jpg,Shoes,Heels,Call it SPRING
images\ut-zap50k\Shoes\Sneakers and Athletic Shoes\Reebok Kids\7979667.356995.jpg,7979667.356995.jpg,Shoes,Sneakers and Athletic Shoes,Reebok Kids
images\ut-zap50k\Shoes\Sneakers and Athletic Shoes\Diadora\7658414.151.jpg,7658414.151.jpg,Shoes,Sneakers and Athletic Shoes,Diadora
images\ut-zap50k\Shoes\Heels\Anne Klein\8091013.396439.jpg,8091013.396439.jpg,Shoes,Heels,Anne Klein
images\ut-zap50k\Shoes\Loafers\Ted Baker\8078730.52900.jpg,8078730.52900.jpg,Shoes,Loafers,Ted Baker
images\ut-zap50k\Shoes\Clogs and Mules\Dansko\121211.86.jpg,121211.86.jpg,Shoes,Clogs and Mules,Dansko
images\ut-zap50k\Boots\Ankle\Nike\8012976.367199.jpg,8012976.367199.jpg,Boots,Ankle,Nike
images\ut-zap50k\Sandals\Flat\Lassen\7956317.3.jpg,7956317.3.jpg,Sandals,Flat,Lassen
images\ut-zap50k\Boots\Mid-Calf\Harley-Davidson\7822670.3.jpg,7822670.3.jpg,Boots,Mid-Calf,Harley-Davidson
images\ut-zap50k\Sandals\Flat\Merrell\7879693.3.jpg,7879693.3.jpg,Sandals,Flat,Merrell
images\ut-zap50k\Shoes\Heels\LAUREN Ralph Lauren\7406098.559.jpg,7406098.559.jpg,Shoes,Heels,LAUREN Ralph Lauren
images\ut-zap50k\Shoes\Flats\Seychelles\8013831.396.jpg,8013831.396.jpg,Shoes,Flats,Seychelles
images\ut-zap50k\Boots\Ankle\Clarks\7158517.1567.jpg,7158517.1567.jpg,Boots,Ankle,Clarks
images\ut-zap50k\Shoes\Sneakers and Athletic Shoes\Nike Action Kids\8068146.387175.jpg,8068146.387175.jpg,Shoes,Sneakers and Athletic Shoes,Nike Action Kids
images\ut-zap50k\Shoes\Heels\MICHAEL Michael Kors\8115502.3455.jpg,8115502.3455.jpg,Shoes,Heels,MICHAEL Michael Kors
images\ut-zap50k\Sandals\Flat\Born\8070561.388376.jpg,8070561.388376.jpg,Sandals,Flat,Born
images\ut-zap50k\Shoes\Heels\Romantic Soles\7999111.3.jpg,7999111.3.jpg,Shoes,Heels,Romantic Soles
images\ut-zap50k\Boots\Ankle\Superfit\8005005.365315.jpg,8005005.365315.jpg,Boots,Ankle,Superfit
images\ut-zap50k\Shoes\Sneakers and Athletic Shoes\SKECHERS\8164765.436.jpg,8164765.436.jpg,Shoes,Sneakers and Athletic Shoes,SKECHERS
images\ut-zap50k\Shoes\Sneakers and Athletic Shoes\Reebok\8009605.373679.jpg,8009605.373679.jpg,Shoes,Sneakers and Athletic Shoes,Reebok
images\ut-zap50k\Slippers\Slipper Flats\Woolrich\8029305.18.jpg,8029305.18.jpg,Slippers,Slipper Flats,Woolrich
images\ut-zap50k\Shoes\Oxfords\Drew\7322898.60.jpg,7322898.60.jpg,Shoes,Oxfords,Drew
images\ut-zap50k\Shoes\Oxfords\Camper\7846169.328.jpg,7846169.328.jpg,Shoes,Oxfords,Camper
images\ut-zap50k\Boots\Ankle\Naturalizer\8020115.369877.jpg,8020115.369877.jpg,Boots,Ankle,Naturalizer
images\ut-zap50k\Shoes\Sneakers and Athletic Shoes\Nike\8019097.196331.jpg,8019097.196331.jpg,Shoes,Sneakers and Athletic Shoes,Nike
images\ut-zap50k\Shoes\Sneakers and Athletic Shoes\Vans Kids\7977259.388945.jpg,7977259.388945.jpg,Shoes,Sneakers and Athletic Shoes,Vans Kids
images\ut-zap50k\Boots\Ankle\Pikolinos\8017158.257494.jpg,8017158.257494.jpg,Boots,Ankle,Pikolinos
images\ut-zap50k\Boots\Mid-Calf\Frye\7248349.352954.jpg,7248349.352954.jpg,Boots,Mid-Calf,Frye
images\ut-zap50k\Sandals\Flat\Flojos\8027368.184651.jpg,8027368.184651.jpg,Sandals,Flat,Flojos
images\ut-zap50k\Shoes\Sneakers and Athletic Shoes\Reef\7955395.158.jpg,7955395.158.jpg,Shoes,Sneakers and Athletic Shoes,Reef
images\ut-zap50k\Shoes\Heels\SoftWalk\7987810.325.jpg,7987810.325.jpg,Shoes,Heels,SoftWalk
images\ut-zap50k\Boots\Ankle\Irish Setter\7874327.6.jpg,7874327.6.jpg,Boots,Ankle,Irish Setter
images\ut-zap50k\Shoes\Sneakers and Athletic Shoes\Ashworth\7910131.361711.jpg,7910131.361711.jpg,Shoes,Sneakers and Athletic Shoes,Ashworth
images\ut-zap50k\Shoes\Heels\Trotters\7346055.244385.jpg,7346055.244385.jpg,Shoes,Heels,Trotters
images\ut-zap50k\Boots\Mid-Calf\Yellow Box\8038863.11.jpg,8038863.11.jpg,Boots,Mid-Calf,Yellow Box
images\ut-zap50k\Shoes\Loafers\Bostonian\106507.71.jpg,106507.71.jpg,Shoes,Loafers,Bostonian
images\ut-zap50k\Sandals\Flat\O'Neill\8091981.3.jpg,8091981.3.jpg,Sandals,Flat,O'Neill
images\ut-zap50k\Boots\Mid-Calf\Sorel\7148367.1909.jpg,7148367.1909.jpg,Boots,Mid-Calf,Sorel
images\ut-zap50k\Shoes\Sneakers and Athletic Shoes\Brooks\7965786.350986.jpg,7965786.350986.jpg,Shoes,Sneakers and Athletic Shoes,Brooks
images\ut-zap50k\Shoes\Sneakers and Athletic Shoes\Brooks\7864623.315259.jpg,7864623.315259.jpg,Shoes,Sneakers and Athletic Shoes,Brooks
images\ut-zap50k\Boots\Knee High\Miz Mooz\8031652.3.jpg,8031652.3.jpg,Boots,Knee High,Miz Mooz
images\ut-zap50k\Shoes\Sneakers and Athletic Shoes\New Balance\7610548.750.jpg,7610548.750.jpg,Shoes,Sneakers and Athletic Shoes,New Balance
images\ut-zap50k\Boots\Knee High\Frye\7970494.263301.jpg,7970494.263301.jpg,Boots,Knee High,Frye
images\ut-zap50k\Shoes\Sneakers and Athletic Shoes\adidas\7431637.351657.jpg,7431637.351657.jpg,Shoes,Sneakers and Athletic Shoes,adidas
images\ut-zap50k\Shoes\Sneakers and Athletic Shoes\Brooks\7864670.315273.jpg,7864670.315273.jpg,Shoes,Sneakers and Athletic Shoes,Brooks
images\ut-zap50k\Boots\Ankle\Converse\8034976.3.jpg,8034976.3.jpg,Boots,Ankle,Converse
images\ut-zap50k\Shoes\Sneakers and Athletic Shoes\New Balance Classics\8076837.396.jpg,8076837.396.jpg,Shoes,Sneakers and Athletic Shoes,New Balance Classics
images\ut-zap50k\Shoes\Firstwalker\New Balance Kids\7766382.11202.jpg,7766382.11202.jpg,Shoes,Firstwalker,New Balance Kids
images\ut-zap50k\Shoes\Heels\Vivanz\7493935.141.jpg,7493935.141.jpg,Shoes,Heels,Vivanz
images\ut-zap50k\Sandals\Flat\Salt Water Sandal by Hoy Shoes\7132093.234820.jpg,7132093.234820.jpg,Sandals,Flat,Salt Water Sandal by Hoy Shoes
images\ut-zap50k\Shoes\Loafers\ara\7273118.1944.jpg,7273118.1944.jpg,Shoes,Loafers,ara
images\ut-zap50k\Shoes\Boat Shoes\Sebago\8026092.498.jpg,8026092.498.jpg,Shoes,Boat Shoes,Sebago
images\ut-zap50k\Boots\Ankle\Frye\7336951.109708.jpg,7336951.109708.jpg,Boots,Ankle,Frye
images\ut-zap50k\Shoes\Sneakers and Athletic Shoes\PUMA\7883943.20294.jpg,7883943.20294.jpg,Shoes,Sneakers and Athletic Shoes,PUMA
images\ut-zap50k\Shoes\Sneakers and Athletic Shoes\Vans\7226408.22834.jpg,7226408.22834.jpg,Shoes,Sneakers and Athletic Shoes,Vans
images\ut-zap50k\Boots\Ankle\Dr. Martens\8004417.55257.jpg,8004417.55257.jpg,Boots,Ankle,Dr. Martens
images\ut-zap50k\Boots\Ankle\Chinese Laundry\8041014.6.jpg,8041014.6.jpg,Boots,Ankle,Chinese Laundry
images\ut-zap50k\Boots\Mid-Calf\Timberland\7363567.154356.jpg,7363567.154356.jpg,Boots,Mid-Calf,Timberland
images\ut-zap50k\Slippers\Slipper Flats\Hatley Kids\8017873.559.jpg,8017873.559.jpg,Slippers,Slipper Flats,Hatley Kids
images\ut-zap50k\Shoes\Heels\Bandolino\8044153.1758.jpg,8044153.1758.jpg,Shoes,Heels,Bandolino
images\ut-zap50k\Shoes\Flats\Nina Kids\8016996.368798.jpg,8016996.368798.jpg,Shoes,Flats,Nina Kids
images\ut-zap50k\Boots\Knee High\Michael Antonio\7851775.20.jpg,7851775.20.jpg,Boots,Knee High,Michael Antonio
images\ut-zap50k\Shoes\Sneakers and Athletic Shoes\Merrell\7813491.14037.jpg,7813491.14037.jpg,Shoes,Sneakers and Athletic Shoes,Merrell
images\ut-zap50k\Boots\Knee High\Miz Mooz\8043991.3.jpg,8043991.3.jpg,Boots,Knee High,Miz Mooz
images\ut-zap50k\Sandals\Flat\Lassen\7956339.3.jpg,7956339.3.jpg,Sandals,Flat,Lassen
images\ut-zap50k\Shoes\Loafers\Hush Puppies\8064515.665.jpg,8064515.665.jpg,Shoes,Loafers,Hush Puppies
images\ut-zap50k\Boots\Mid-Calf\SoftWalk\7987770.359801.jpg,7987770.359801.jpg,Boots,Mid-Calf,SoftWalk
images\ut-zap50k\Boots\Mid-Calf\Laredo\8002247.364556.jpg,8002247.364556.jpg,Boots,Mid-Calf,Laredo
images\ut-zap50k\Shoes\Sneakers and Athletic Shoes\Nike Kids\7946371.344384.jpg,7946371.344384.jpg,Shoes,Sneakers and Athletic Shoes,Nike Kids
images\ut-zap50k\Shoes\Flats\Naot Footwear\7829947.247182.jpg,7829947.247182.jpg,Shoes,Flats,Naot Footwear
images\ut-zap50k\Shoes\Sneakers and Athletic Shoes\Mizuno\7961032.742.jpg,7961032.742.jpg,Shoes,Sneakers and Athletic Shoes,Mizuno
images\ut-zap50k\Sandals\Flat\Jack Rogers\7810760.385.jpg,7810760.385.jpg,Sandals,Flat,Jack Rogers
images\ut-zap50k\Boots\Ankle\La Sportiva\7894060.3454.jpg,7894060.3454.jpg,Boots,Ankle,La Sportiva
images\ut-zap50k\Boots\Mid-Calf\Primigi Kids\8030761.401.jpg,8030761.401.jpg,Boots,Mid-Calf,Primigi Kids
images\ut-zap50k\Shoes\Sneakers and Athletic Shoes\New Balance Kids\7980048.2557.jpg,7980048.2557.jpg,Shoes,Sneakers and Athletic Shoes,New Balance Kids
images\ut-zap50k\Shoes\Loafers\Rockport\7810773.328.jpg,7810773.328.jpg,Shoes,Loafers,Rockport
images\ut-zap50k\Shoes\Sneakers and Athletic Shoes\New Balance\8025508.6.jpg,8025508.6.jpg,Shoes,Sneakers and Athletic Shoes,New Balance
images\ut-zap50k\Shoes\Sneakers and Athletic Shoes\Montrail\7799961.293984.jpg,7799961.293984.jpg,Shoes,Sneakers and Athletic Shoes,Montrail
images\ut-zap50k\Sandals\Flat\Dansko\7894523.13055.jpg,7894523.13055.jpg,Sandals,Flat,Dansko
images\ut-zap50k\Shoes\Sneakers and Athletic Shoes\The North Face\7896088.285046.jpg,7896088.285046.jpg,Shoes,Sneakers and Athletic Shoes,The North Face
images\ut-zap50k\Shoes\Sneakers and Athletic Shoes\Travis Mathew\7980202.401.jpg,7980202.401.jpg,Shoes,Sneakers and Athletic Shoes,Travis Mathew
images\ut-zap50k\Shoes\Loafers\Dr. Martens\8004338.335551.jpg,8004338.335551.jpg,Shoes,Loafers,Dr. Martens
images\ut-zap50k\Sandals\Flat\Merrell\7710905.3.jpg,7710905.3.jpg,Sandals,Flat,Merrell
images\ut-zap50k\Shoes\Sneakers and Athletic Shoes\Tsukihoshi Kids\7762894.11881.jpg,7762894.11881.jpg,Shoes,Sneakers and Athletic Shoes,Tsukihoshi Kids
images\ut-zap50k\Shoes\Heels\Rieker\8006798.72.jpg,8006798.72.jpg,Shoes,Heels,Rieker
images\ut-zap50k\Boots\Ankle\Frye\7677160.289965.jpg,7677160.289965.jpg,Boots,Ankle,Frye
images\ut-zap50k\Shoes\Flats\Kenneth Cole Reaction Kids\8047596.554.jpg,8047596.554.jpg,Shoes,Flats,Kenneth Cole Reaction Kids
images\ut-zap50k\Shoes\Heels\ALDO\8096690.3.jpg,8096690.3.jpg,Shoes,Heels,ALDO
images\ut-zap50k\Shoes\Sneakers and Athletic Shoes\Puma Kids\7933336.340418.jpg,7933336.340418.jpg,Shoes,Sneakers and Athletic Shoes,Puma Kids
images\ut-zap50k\Shoes\Sneakers and Athletic Shoes\ASICS\7885670.324098.jpg,7885670.324098.jpg,Shoes,Sneakers and Athletic Shoes,ASICS
images\ut-zap50k\Sandals\Flat\Salt Water Sandal by Hoy Shoes\7534593.14.jpg,7534593.14.jpg,Sandals,Flat,Salt Water Sandal by Hoy Shoes
images\ut-zap50k\Sandals\Flat\Cordani\7396496.385.jpg,7396496.385.jpg,Sandals,Flat,Cordani
images\ut-zap50k\Shoes\Sneakers and Athletic Shoes\Vans\7742825.7454.jpg,7742825.7454.jpg,Shoes,Sneakers and Athletic Shoes,Vans
images\ut-zap50k\Boots\Ankle\Cole Haan\7896878.1430.jpg,7896878.1430.jpg,Boots,Ankle,Cole Haan
images\ut-zap50k\Sandals\Heel\Gentle Souls\7656912.242547.jpg,7656912.242547.jpg,Sandals,Heel,Gentle Souls
images\ut-zap50k\Shoes\Heels\J. Renee\8168300.57113.jpg,8168300.57113.jpg,Shoes,Heels,J. Renee
images\ut-zap50k\Shoes\Oxfords\Geox\8004584.307.jpg,8004584.307.jpg,Shoes,Oxfords,Geox
images\ut-zap50k\Slippers\Slipper Flats\Camper\7993351.361773.jpg,7993351.361773.jpg,Slippers,Slipper Flats,Camper
images\ut-zap50k\Slippers\Slipper Flats\Patricia Green\7499017.559.jpg,7499017.559.jpg,Slippers,Slipper Flats,Patricia Green
images\ut-zap50k\Boots\Knee High\Tony Lama\8095601.397775.jpg,8095601.397775.jpg,Boots,Knee High,Tony Lama
images\ut-zap50k\Shoes\Sneakers and Athletic Shoes\Keds Kids\7867516.116279.jpg,7867516.116279.jpg,Shoes,Sneakers and Athletic Shoes,Keds Kids
images\ut-zap50k\Shoes\Sneakers and Athletic Shoes\New Balance\7886313.1412.jpg,7886313.1412.jpg,Shoes,Sneakers and Athletic Shoes,New Balance
images\ut-zap50k\Boots\Mid-Calf\Baffin\7999222.401.jpg,7999222.401.jpg,Boots,Mid-Calf,Baffin
images\ut-zap50k\Boots\Knee High\Sofft\8013592.19.jpg,8013592.19.jpg,Boots,Knee High,Sofft
images\ut-zap50k\Sandals\Flat\Clarks\8078932.3.jpg,8078932.3.jpg,Sandals,Flat,Clarks
images\ut-zap50k\Shoes\Sneakers and Athletic Shoes\Primigi Kids\8020614.401.jpg,8020614.401.jpg,Shoes,Sneakers and Athletic Shoes,Primigi Kids
images\ut-zap50k\Shoes\Sneakers and Athletic Shoes\Keen\7892664.221011.jpg,7892664.221011.jpg,Shoes,Sneakers and Athletic Shoes,Keen
images\ut-zap50k\Sandals\Flat\Jack Rogers\8089777.343251.jpg,8089777.343251.jpg,Sandals,Flat,Jack Rogers
images\ut-zap50k\Shoes\Sneakers and Athletic Shoes\EVOLV\7706115.1413.jpg,7706115.1413.jpg,Shoes,Sneakers and Athletic Shoes,EVOLV
images\ut-zap50k\Boots\Ankle\Merrell\7986970.3.jpg,7986970.3.jpg,Boots,Ankle,Merrell
images\ut-zap50k\Shoes\Sneakers and Athletic Shoes\Merrell\7879537.119256.jpg,7879537.119256.jpg,Shoes,Sneakers and Athletic Shoes,Merrell
images\ut-zap50k\Shoes\Loafers\Bostonian\7261863.72.jpg,7261863.72.jpg,Shoes,Loafers,Bostonian
images\ut-zap50k\Boots\Knee High\Burberry\7803063.3.jpg,7803063.3.jpg,Boots,Knee High,Burberry
images\ut-zap50k\Shoes\Oxfords\Florsheim\7996923.363076.jpg,7996923.363076.jpg,Shoes,Oxfords,Florsheim
images\ut-zap50k\Shoes\Heels\Amiana\8030248.104414.jpg,8030248.104414.jpg,Shoes,Heels,Amiana
images\ut-zap50k\Shoes\Loafers\ECCO\7732489.10005.jpg,7732489.10005.jpg,Shoes,Loafers,ECCO
images\ut-zap50k\Shoes\Sneakers and Athletic Shoes\Callaway\7911248.332667.jpg,7911248.332667.jpg,Shoes,Sneakers and Athletic Shoes,Callaway
images\ut-zap50k\Shoes\Sneakers and Athletic Shoes\Merrell\7459704.123071.jpg,7459704.123071.jpg,Shoes,Sneakers and Athletic Shoes,Merrell
images\ut-zap50k\Shoes\Sneakers and Athletic Shoes\Sanuk\8058055.1892.jpg,8058055.1892.jpg,Shoes,Sneakers and Athletic Shoes,Sanuk
images\ut-zap50k\Shoes\Sneakers and Athletic Shoes\ASICS\7885670.358604.jpg,7885670.358604.jpg,Shoes,Sneakers and Athletic Shoes,ASICS
images\ut-zap50k\Shoes\Loafers\Stuart Weitzman\8064305.193006.jpg,8064305.193006.jpg,Shoes,Loafers,Stuart Weitzman
images\ut-zap50k\Shoes\Heels\rsvp\7255137.1141.jpg,7255137.1141.jpg,Shoes,Heels,rsvp
images\ut-zap50k\Boots\Ankle\Aravon\8003030.3.jpg,8003030.3.jpg,Boots,Ankle,Aravon
images\ut-zap50k\Shoes\Heels\Cole Haan\8000881.106.jpg,8000881.106.jpg,Shoes,Heels,Cole Haan
images\ut-zap50k\Shoes\Flats\Primigi Kids\8022053.72.jpg,8022053.72.jpg,Shoes,Flats,Primigi Kids
images\ut-zap50k\Boots\Ankle\Rieker\7444009.72.jpg,7444009.72.jpg,Boots,Ankle,Rieker
images\ut-zap50k\Shoes\Sneakers and Athletic Shoes\New Balance Kids\7730557.3.jpg,7730557.3.jpg,Shoes,Sneakers and Athletic Shoes,New Balance Kids
images\ut-zap50k\Shoes\Sneakers and Athletic Shoes\Lacoste\8073907.99967.jpg,8073907.99967.jpg,Shoes,Sneakers and Athletic Shoes,Lacoste
images\ut-zap50k\Boots\Ankle\UGG\7842900.621.jpg,7842900.621.jpg,Boots,Ankle,UGG
images\ut-zap50k\Shoes\Sneakers and Athletic Shoes\Blowfish\8069901.388097.jpg,8069901.388097.jpg,Shoes,Sneakers and Athletic Shoes,Blowfish
images\ut-zap50k\Shoes\Sneakers and Athletic Shoes\Nike Kids\7978625.356682.jpg,7978625.356682.jpg,Shoes,Sneakers and Athletic Shoes,Nike Kids
images\ut-zap50k\Boots\Knee High\Naughty Monkey\8072433.6.jpg,8072433.6.jpg,Boots,Knee High,Naughty Monkey
images\ut-zap50k\Boots\Knee High\Diba\8023919.1212.jpg,8023919.1212.jpg,Boots,Knee High,Diba
images\ut-zap50k\Shoes\Heels\Ivanka Trump\8018621.370729.jpg,8018621.370729.jpg,Shoes,Heels,Ivanka Trump
images\ut-zap50k\Shoes\Heels\Rieker\7689832.255.jpg,7689832.255.jpg,Shoes,Heels,Rieker
images\ut-zap50k\Shoes\Flats\Stuart Weitzman\7977950.356425.jpg,7977950.356425.jpg,Shoes,Flats,Stuart Weitzman
images\ut-zap50k\Boots\Mid-Calf\Salomon\7819883.300889.jpg,7819883.300889.jpg,Boots,Mid-Calf,Salomon
images\ut-zap50k\Shoes\Loafers\Gentle Souls\8123593.3.jpg,8123593.3.jpg,Shoes,Loafers,Gentle Souls
images\ut-zap50k\Boots\Ankle\Paul Green\8043965.616.jpg,8043965.616.jpg,Boots,Ankle,Paul Green
images\ut-zap50k\Shoes\Sneakers and Athletic Shoes\Lacoste\8013460.790.jpg,8013460.790.jpg,Shoes,Sneakers and Athletic Shoes,Lacoste
images\ut-zap50k\Shoes\Heels\Stuart Weitzman Bridal & Evening Collection\7885760.99.jpg,7885760.99.jpg,Shoes,Heels,Stuart Weitzman Bridal & Evening Collection
images\ut-zap50k\Shoes\Heels\MICHAEL Michael Kors\8115501.331503.jpg,8115501.331503.jpg,Shoes,Heels,MICHAEL Michael Kors
images\ut-zap50k\Shoes\Sneakers and Athletic Shoes\SKECHERS\7207288.116306.jpg,7207288.116306.jpg,Shoes,Sneakers and Athletic Shoes,SKECHERS
images\ut-zap50k\Shoes\Sneakers and Athletic Shoes\New Balance\8025318.529.jpg,8025318.529.jpg,Shoes,Sneakers and Athletic Shoes,New Balance
images\ut-zap50k\Shoes\Flats\Fitzwell\7950965.3092.jpg,7950965.3092.jpg,Shoes,Flats,Fitzwell
images\ut-zap50k\Shoes\Clogs and Mules\Dansko\7656631.242454.jpg,7656631.242454.jpg,Shoes,Clogs and Mules,Dansko
images\ut-zap50k\Shoes\Loafers\Keen Kids\7969283.325.jpg,7969283.325.jpg,Shoes,Loafers,Keen Kids
images\ut-zap50k\Shoes\Flats\Armani Jeans\8092256.3.jpg,8092256.3.jpg,Shoes,Flats,Armani Jeans
images\ut-zap50k\Boots\Ankle\Cordani\7983047.184651.jpg,7983047.184651.jpg,Boots,Ankle,Cordani
images\ut-zap50k\Shoes\Boat Shoes\Sperry Top-Sider\7900500.43.jpg,7900500.43.jpg,Shoes,Boat Shoes,Sperry Top-Sider
images\ut-zap50k\Shoes\Flats\Nine West\8113548.23943.jpg,8113548.23943.jpg,Shoes,Flats,Nine West
